student_id,full_name,email,cohort,major,specialization,curriculum_code,current_semester,accumulated_credits
SE190000,Hoàng Anh Tuấn,ojt.synthetic.se190000@gmail.com,K19,Công nghệ thông tin,An toàn thông tin,BIT_IA_K18D-19A,5,60
SE190001,Đỗ Khánh Linh,ojt.synthetic.se190001@gmail.com,K19,Công nghệ thông tin,Kỹ thuật phần mềm,BIT_SE_K19B,5,57
SE190002,Huỳnh Minh Anh,ojt.synthetic.se190002@gmail.com,K19,Công nghệ thông tin,Hệ thống thông tin,BIT_IS_K19C,4,45
SE190003,Đỗ Minh Anh,ojt.synthetic.se190003@gmail.com,K19,Công nghệ thông tin,Kỹ thuật phần mềm,BIT_SE_K19D-20A,4,45
SE190004,Vũ Tuấn Kiệt,ojt.synthetic.se190004@gmail.com,K19,Công nghệ thông tin,Trí tuệ nhân tạo,BIT_AI_K18D-19A,5,60
SE190005,Võ Ngọc Mai,ojt.synthetic.se190005@gmail.com,K19,Công nghệ thông tin,Trí tuệ nhân tạo,BIT_AI_K19B,5,54
SE190006,Đặng Phương Thảo,ojt.synthetic.se190006@gmail.com,K19,Công nghệ thông tin,An toàn thông tin,BIT_IA_K19C,4,36
SE190007,Phan Minh Anh,ojt.synthetic.se190007@gmail.com,K19,Công nghệ thông tin,Kỹ thuật phần mềm,BIT_SE_K19D-20A,4,45
SE190008,Lê Ngọc Mai,ojt.synthetic.se190008@gmail.com,K19,Công nghệ thông tin,An toàn thông tin,BIT_IA_K18D-19A,5,57
SE190009,Võ Minh Quân,ojt.synthetic.se190009@gmail.com,K19,Công nghệ thông tin,Hệ thống thông tin,BIT_IS_K19B,5,60
SE190010,Trần Minh Quân,ojt.synthetic.se190010@gmail.com,K19,Công nghệ thông tin,Hệ thống thông tin,BIT_IS_K19C,4,45
SE190011,Nguyễn Ngọc Mai,ojt.synthetic.se190011@gmail.com,K19,Công nghệ thông tin,Trí tuệ nhân tạo,BIT_AI_K19D-20A,4,42
SE190012,Nguyễn Bảo Ngọc,ojt.synthetic.se190012@gmail.com,K19,Công nghệ thông tin,Trí tuệ nhân tạo,BIT_AI_K18D-19A,5,57
SE190013,Trần Gia Hân,ojt.synthetic.se190013@gmail.com,K19,Công nghệ thông tin,Hệ thống thông tin,BIT_IS_K19B,5,57
SE190014,Nguyễn Anh Tuấn,ojt.synthetic.se190014@gmail.com,K19,Công nghệ thông tin,Hệ thống thông tin,BIT_IS_K19C,4,45
SE190015,Hoàng Minh Quân,ojt.synthetic.se190015@gmail.com,K19,Công nghệ thông tin,Hệ thống thông tin,BIT_IS_K19D-20A,4,36
SE190016,Trần Quốc Bảo,ojt.synthetic.se190016@gmail.com,K19,Công nghệ thông tin,Hệ thống thông tin,BIT_IS_K18D-19A,5,60
SE190017,Phạm Hoàng Duy,ojt.synthetic.se190017@gmail.com,K19,Công nghệ thông tin,Kỹ thuật phần mềm,BIT_SE_K19B,5,60
SE190018,Phan Quang Huy,ojt.synthetic.se190018@gmail.com,K19,Công nghệ thông tin,An toàn thông tin,BIT_IA_K19C,4,42
SE190019,Võ Phương Thảo,ojt.synthetic.se190019@gmail.com,K19,Công nghệ thông tin,Hệ thống thông tin,BIT_IS_K19D-20A,4,45
SE190020,Trần Phương Thảo,ojt.synthetic.se190020@gmail.com,K19,Công nghệ thông tin,Hệ thống thông tin,BIT_IS_K18D-19A,5,60
SE190021,Võ Ngọc Mai,ojt.synthetic.se190021@gmail.com,K19,Công nghệ thông tin,Hệ thống thông tin,BIT_IS_K19B,5,57
SE190022,Bùi Thanh Tâm,ojt.synthetic.se190022@gmail.com,K19,Công nghệ thông tin,An toàn thông tin,BIT_IA_K19C,4,36
SE190023,Nguyễn Thanh Tâm,ojt.synthetic.se190023@gmail.com,K19,Công nghệ thông tin,An toàn thông tin,BIT_IA_K19D-20A,4,45
SE190024,Bùi Thanh Tâm,ojt.synthetic.se190024@gmail.com,K19,Công nghệ thông tin,An toàn thông tin,BIT_IA_K18D-19A,5,60
SE190025,Nguyễn Hải Nam,ojt.synthetic.se190025@gmail.com,K19,Công nghệ thông tin,Kỹ thuật phần mềm,BIT_SE_K19B,5,60
SE190026,Nguyễn Quang Huy,ojt.synthetic.se190026@gmail.com,K19,Công nghệ thông tin,An toàn thông tin,BIT_IA_K19C,4,36
SE190027,Lê Bảo Ngọc,ojt.synthetic.se190027@gmail.com,K19,Công nghệ thông tin,Hệ thống thông tin,BIT_IS_K19D-20A,4,45
SE190028,Lê Quang Huy,ojt.synthetic.se190028@gmail.com,K19,Công nghệ thông tin,Hệ thống thông tin,BIT_IS_K18D-19A,5,60
SE190029,Bùi Hải Nam,ojt.synthetic.se190029@gmail.com,K19,Công nghệ thông tin,An toàn thông tin,BIT_IA_K19B,5,60
SE190030,Hoàng Khánh Linh,ojt.synthetic.se190030@gmail.com,K19,Công nghệ thông tin,An toàn thông tin,BIT_IA_K19C,4,45
SE190031,Trần Minh Anh,ojt.synthetic.se190031@gmail.com,K19,Công nghệ thông tin,Trí tuệ nhân tạo,BIT_AI_K19D-20A,4,42
SE190032,Phan Trung Hiếu,ojt.synthetic.se190032@gmail.com,K19,Công nghệ thông tin,An toàn thông tin,BIT_IA_K18D-19A,5,57
SE190033,Vũ Bảo Ngọc,ojt.synthetic.se190033@gmail.com,K19,Công nghệ thông tin,Kỹ thuật phần mềm,BIT_SE_K19B,5,60
SE190034,Bùi Quốc Bảo,ojt.synthetic.se190034@gmail.com,K19,Công nghệ thông tin,Hệ thống thông tin,BIT_IS_K19C,4,45
SE190035,Vũ Đức Minh,ojt.synthetic.se190035@gmail.com,K19,Công nghệ thông tin,Kỹ thuật phần mềm,BIT_SE_K19D-20A,4,42
SE190036,Bùi Bảo Ngọc,ojt.synthetic.se190036@gmail.com,K19,Công nghệ thông tin,Hệ thống thông tin,BIT_IS_K18D-19A,5,60
SE190037,Huỳnh Thanh Tâm,ojt.synthetic.se190037@gmail.com,K19,Công nghệ thông tin,Trí tuệ nhân tạo,BIT_AI_K19B,5,57
SE190038,Lê Quang Huy,ojt.synthetic.se190038@gmail.com,K19,Công nghệ thông tin,Kỹ thuật phần mềm,BIT_SE_K19C,4,45
SE190039,Đặng Bảo Ngọc,ojt.synthetic.se190039@gmail.com,K19,Công nghệ thông tin,Kỹ thuật phần mềm,BIT_SE_K19D-20A,4,45
SE190040,Đỗ Tuấn Kiệt,ojt.synthetic.se190040@gmail.com,K19,Công nghệ thông tin,Trí tuệ nhân tạo,BIT_AI_K18D-19A,5,60
SE190041,Nguyễn Thanh Tâm,ojt.synthetic.se190041@gmail.com,K19,Công nghệ thông tin,Kỹ thuật phần mềm,BIT_SE_K19B,5,60
SE190042,Vũ Anh Tuấn,ojt.synthetic.se190042@gmail.com,K19,Công nghệ thông tin,An toàn thông tin,BIT_IA_K19C,4,42
SE190043,Nguyễn Hải Nam,ojt.synthetic.se190043@gmail.com,K19,Công nghệ thông tin,Kỹ thuật phần mềm,BIT_SE_K19D-20A,4,45
SE190044,Huỳnh Đức Minh,ojt.synthetic.se190044@gmail.com,K19,Công nghệ thông tin,An toàn thông tin,BIT_IA_K18D-19A,5,60
SE190045,Phạm Khánh Linh,ojt.synthetic.se190045@gmail.com,K19,Công nghệ thông tin,Trí tuệ nhân tạo,BIT_AI_K19B,5,60
SE190046,Trần Minh Quân,ojt.synthetic.se190046@gmail.com,K19,Công nghệ thông tin,Kỹ thuật phần mềm,BIT_SE_K19C,4,45
SE190047,Đỗ Minh Anh,ojt.synthetic.se190047@gmail.com,K19,Công nghệ thông tin,Hệ thống thông tin,BIT_IS_K19D-20A,4,45
SE190048,Võ Tuấn Kiệt,ojt.synthetic.se190048@gmail.com,K19,Công nghệ thông tin,Kỹ thuật phần mềm,BIT_SE_K18D-19A,5,60
SE190049,Đặng Tuấn Kiệt,ojt.synthetic.se190049@gmail.com,K19,Công nghệ thông tin,Trí tuệ nhân tạo,BIT_AI_K19B,5,60
SE190050,Lê Anh Tuấn,ojt.synthetic.se190050@gmail.com,K19,Công nghệ thông tin,Trí tuệ nhân tạo,BIT_AI_K19C,4,42
SE190051,Đặng Thanh Tâm,ojt.synthetic.se190051@gmail.com,K19,Công nghệ thông tin,Hệ thống thông tin,BIT_IS_K19D-20A,4,45
SE190052,Đặng Ngọc Mai,ojt.synthetic.se190052@gmail.com,K19,Công nghệ thông tin,An toàn thông tin,BIT_IA_K18D-19A,5,60
SE190053,Nguyễn Tuấn Kiệt,ojt.synthetic.se190053@gmail.com,K19,Công nghệ thông tin,Kỹ thuật phần mềm,BIT_SE_K19B,5,57
SE190054,Đặng Phương Thảo,ojt.synthetic.se190054@gmail.com,K19,Công nghệ thông tin,Hệ thống thông tin,BIT_IS_K19C,4,45
SE190055,Lê Tuấn Kiệt,ojt.synthetic.se190055@gmail.com,K19,Công nghệ thông tin,Trí tuệ nhân tạo,BIT_AI_K19D-20A,4,42
SE190056,Vũ Ngọc Mai,ojt.synthetic.se190056@gmail.com,K19,Công nghệ thông tin,Hệ thống thông tin,BIT_IS_K18D-19A,5,57
SE190057,Đặng Thanh Tâm,ojt.synthetic.se190057@gmail.com,K19,Công nghệ thông tin,An toàn thông tin,BIT_IA_K19B,5,60
SE190058,Vũ Tuấn Kiệt,ojt.synthetic.se190058@gmail.com,K19,Công nghệ thông tin,Hệ thống thông tin,BIT_IS_K19C,4,45
SE190059,Phạm Khánh Linh,ojt.synthetic.se190059@gmail.com,K19,Công nghệ thông tin,An toàn thông tin,BIT_IA_K19D-20A,4,45
SE190060,Vũ Quang Huy,ojt.synthetic.se190060@gmail.com,K19,Công nghệ thông tin,Kỹ thuật phần mềm,BIT_SE_K18D-19A,5,60
SE190061,Phan Quang Huy,ojt.synthetic.se190061@gmail.com,K19,Công nghệ thông tin,Hệ thống thông tin,BIT_IS_K19B,5,60
SE190062,Huỳnh Thanh Tâm,ojt.synthetic.se190062@gmail.com,K19,Công nghệ thông tin,An toàn thông tin,BIT_IA_K19C,4,36
SE190063,Đặng Hải Nam,ojt.synthetic.se190063@gmail.com,K19,Công nghệ thông tin,An toàn thông tin,BIT_IA_K19D-20A,4,42
SE190064,Đỗ Quốc Bảo,ojt.synthetic.se190064@gmail.com,K19,Công nghệ thông tin,Kỹ thuật phần mềm,BIT_SE_K18D-19A,5,60
SE190065,Đặng Hoàng Duy,ojt.synthetic.se190065@gmail.com,K19,Công nghệ thông tin,Hệ thống thông tin,BIT_IS_K19B,5,60
SE190066,Bùi Bảo Ngọc,ojt.synthetic.se190066@gmail.com,K19,Công nghệ thông tin,Kỹ thuật phần mềm,BIT_SE_K19C,4,45
SE190067,Hoàng Hoàng Duy,ojt.synthetic.se190067@gmail.com,K19,Công nghệ thông tin,Hệ thống thông tin,BIT_IS_K19D-20A,4,45
SE190068,Vũ Đức Minh,ojt.synthetic.se190068@gmail.com,K19,Công nghệ thông tin,Hệ thống thông tin,BIT_IS_K18D-19A,5,60
SE190069,Đặng Hoàng Duy,ojt.synthetic.se190069@gmail.com,K19,Công nghệ thông tin,Hệ thống thông tin,BIT_IS_K19B,5,54
SE190070,Phan Bảo Ngọc,ojt.synthetic.se190070@gmail.com,K19,Công nghệ thông tin,An toàn thông tin,BIT_IA_K19C,4,45
SE190071,Đặng Đức Minh,ojt.synthetic.se190071@gmail.com,K19,Công nghệ thông tin,Hệ thống thông tin,BIT_IS_K19D-20A,4,42
SE190072,Bùi Khánh Linh,ojt.synthetic.se190072@gmail.com,K19,Công nghệ thông tin,Kỹ thuật phần mềm,BIT_SE_K18D-19A,5,57
SE190073,Phạm Phương Thảo,ojt.synthetic.se190073@gmail.com,K19,Công nghệ thông tin,Trí tuệ nhân tạo,BIT_AI_K19B,5,60
SE190074,Phan Quang Huy,ojt.synthetic.se190074@gmail.com,K19,Công nghệ thông tin,Kỹ thuật phần mềm,BIT_SE_K19C,4,42
SE190075,Nguyễn Quang Huy,ojt.synthetic.se190075@gmail.com,K19,Công nghệ thông tin,An toàn thông tin,BIT_IA_K19D-20A,4,42
SE190076,Phạm Quang Huy,ojt.synthetic.se190076@gmail.com,K19,Công nghệ thông tin,Trí tuệ nhân tạo,BIT_AI_K18D-19A,5,60
SE190077,Võ Đức Minh,ojt.synthetic.se190077@gmail.com,K19,Công nghệ thông tin,Hệ thống thông tin,BIT_IS_K19B,5,60
SE190078,Võ Gia Hân,ojt.synthetic.se190078@gmail.com,K19,Công nghệ thông tin,Kỹ thuật phần mềm,BIT_SE_K19C,4,42
SE190079,Võ Quang Huy,ojt.synthetic.se190079@gmail.com,K19,Công nghệ thông tin,An toàn thông tin,BIT_IA_K19D-20A,4,42
SE190080,Võ Minh Quân,ojt.synthetic.se190080@gmail.com,K19,Công nghệ thông tin,Hệ thống thông tin,BIT_IS_K18D-19A,5,60
SE190081,Nguyễn Gia Hân,ojt.synthetic.se190081@gmail.com,K19,Công nghệ thông tin,Kỹ thuật phần mềm,BIT_SE_K19B,5,60
SE190082,Bùi Hoàng Duy,ojt.synthetic.se190082@gmail.com,K19,Công nghệ thông tin,Trí tuệ nhân tạo,BIT_AI_K19C,4,45
SE190083,Vũ Tuấn Kiệt,ojt.synthetic.se190083@gmail.com,K19,Công nghệ thông tin,Trí tuệ nhân tạo,BIT_AI_K19D-20A,4,45
SE190084,Hoàng Bảo Ngọc,ojt.synthetic.se190084@gmail.com,K19,Công nghệ thông tin,Trí tuệ nhân tạo,BIT_AI_K18D-19A,5,60
SE190085,Võ Quang Huy,ojt.synthetic.se190085@gmail.com,K19,Công nghệ thông tin,Trí tuệ nhân tạo,BIT_AI_K19B,5,60
SE190086,Võ Minh Quân,ojt.synthetic.se190086@gmail.com,K19,Công nghệ thông tin,Kỹ thuật phần mềm,BIT_SE_K19C,4,42
SE190087,Huỳnh Bảo Ngọc,ojt.synthetic.se190087@gmail.com,K19,Công nghệ thông tin,Kỹ thuật phần mềm,BIT_SE_K19D-20A,4,45
SE190088,Bùi Phương Thảo,ojt.synthetic.se190088@gmail.com,K19,Công nghệ thông tin,Hệ thống thông tin,BIT_IS_K18D-19A,5,60
SE190089,Đặng Quốc Bảo,ojt.synthetic.se190089@gmail.com,K19,Công nghệ thông tin,Kỹ thuật phần mềm,BIT_SE_K19B,5,57
SE190090,Hoàng Hoàng Duy,ojt.synthetic.se190090@gmail.com,K19,Công nghệ thông tin,An toàn thông tin,BIT_IA_K19C,4,42
SE190091,Huỳnh Minh Quân,ojt.synthetic.se190091@gmail.com,K19,Công nghệ thông tin,Trí tuệ nhân tạo,BIT_AI_K19D-20A,4,45
SE190092,Đặng Hải Nam,ojt.synthetic.se190092@gmail.com,K19,Công nghệ thông tin,An toàn thông tin,BIT_IA_K18D-19A,5,60
SE190093,Huỳnh Hoàng Duy,ojt.synthetic.se190093@gmail.com,K19,Công nghệ thông tin,Trí tuệ nhân tạo,BIT_AI_K19B,5,60
SE190094,Đỗ Thanh Tâm,ojt.synthetic.se190094@gmail.com,K19,Công nghệ thông tin,Kỹ thuật phần mềm,BIT_SE_K19C,4,45
SE190095,Đỗ Đức Minh,ojt.synthetic.se190095@gmail.com,K19,Công nghệ thông tin,Trí tuệ nhân tạo,BIT_AI_K19D-20A,4,42
SE190096,Nguyễn Minh Anh,ojt.synthetic.se190096@gmail.com,K19,Công nghệ thông tin,Hệ thống thông tin,BIT_IS_K18D-19A,5,60
SE190097,Huỳnh Minh Anh,ojt.synthetic.se190097@gmail.com,K19,Công nghệ thông tin,An toàn thông tin,BIT_IA_K19B,5,60
SE190098,Bùi Trung Hiếu,ojt.synthetic.se190098@gmail.com,K19,Công nghệ thông tin,Hệ thống thông tin,BIT_IS_K19C,4,39
SE190099,Lê Hoàng Duy,ojt.synthetic.se190099@gmail.com,K19,Công nghệ thông tin,Trí tuệ nhân tạo,BIT_AI_K19D-20A,4,42
SE190100,Đặng Quốc Bảo,ojt.synthetic.se190100@gmail.com,K19,Công nghệ thông tin,An toàn thông tin,BIT_IA_K18D-19A,5,60
SE190101,Huỳnh Gia Hân,ojt.synthetic.se190101@gmail.com,K19,Công nghệ thông tin,An toàn thông tin,BIT_IA_K19B,5,60
SE190102,Hoàng Ngọc Mai,ojt.synthetic.se190102@gmail.com,K19,Công nghệ thông tin,Kỹ thuật phần mềm,BIT_SE_K19C,4,45
SE190103,Vũ Ngọc Mai,ojt.synthetic.se190103@gmail.com,K19,Công nghệ thông tin,An toàn thông tin,BIT_IA_K19D-20A,4,45
SE190104,Vũ Gia Hân,ojt.synthetic.se190104@gmail.com,K19,Công nghệ thông tin,Trí tuệ nhân tạo,BIT_AI_K18D-19A,5,60
SE190105,Bùi Hải Nam,ojt.synthetic.se190105@gmail.com,K19,Công nghệ thông tin,An toàn thông tin,BIT_IA_K19B,5,60
SE190106,Huỳnh Ngọc Mai,ojt.synthetic.se190106@gmail.com,K19,Công nghệ thông tin,Kỹ thuật phần mềm,BIT_SE_K19C,4,45
SE190107,Lê Phương Thảo,ojt.synthetic.se190107@gmail.com,K19,Công nghệ thông tin,Kỹ thuật phần mềm,BIT_SE_K19D-20A,4,42
SE190108,Đặng Tuấn Kiệt,ojt.synthetic.se190108@gmail.com,K19,Công nghệ thông tin,Hệ thống thông tin,BIT_IS_K18D-19A,5,60
SE190109,Trần Bảo Ngọc,ojt.synthetic.se190109@gmail.com,K19,Công nghệ thông tin,Trí tuệ nhân tạo,BIT_AI_K19B,5,60
SE190110,Trần Minh Quân,ojt.synthetic.se190110@gmail.com,K19,Công nghệ thông tin,An toàn thông tin,BIT_IA_K19C,4,45
SE190111,Lê Thanh Tâm,ojt.synthetic.se190111@gmail.com,K19,Công nghệ thông tin,Kỹ thuật phần mềm,BIT_SE_K19D-20A,4,45
SE190112,Phan Bảo Ngọc,ojt.synthetic.se190112@gmail.com,K19,Công nghệ thông tin,Hệ thống thông tin,BIT_IS_K18D-19A,5,57
SE190113,Nguyễn Bảo Ngọc,ojt.synthetic.se190113@gmail.com,K19,Công nghệ thông tin,Hệ thống thông tin,BIT_IS_K19B,5,60
SE190114,Đỗ Đức Minh,ojt.synthetic.se190114@gmail.com,K19,Công nghệ thông tin,Trí tuệ nhân tạo,BIT_AI_K19C,4,45
SE190115,Nguyễn Phương Thảo,ojt.synthetic.se190115@gmail.com,K19,Công nghệ thông tin,An toàn thông tin,BIT_IA_K19D-20A,4,45
SE190116,Bùi Minh Anh,ojt.synthetic.se190116@gmail.com,K19,Công nghệ thông tin,Kỹ thuật phần mềm,BIT_SE_K18D-19A,5,60
SE190117,Lê Phương Thảo,ojt.synthetic.se190117@gmail.com,K19,Công nghệ thông tin,Kỹ thuật phần mềm,BIT_SE_K19B,5,60
SE190118,Nguyễn Minh Quân,ojt.synthetic.se190118@gmail.com,K19,Công nghệ thông tin,An toàn thông tin,BIT_IA_K19C,4,36
SE190119,Nguyễn Minh Quân,ojt.synthetic.se190119@gmail.com,K19,Công nghệ thông tin,Hệ thống thông tin,BIT_IS_K19D-20A,4,42
SE190120,Võ Trung Hiếu,ojt.synthetic.se190120@gmail.com,K19,Công nghệ thông tin,Kỹ thuật phần mềm,BIT_SE_K18D-19A,5,57
SE190121,Võ Bảo Ngọc,ojt.synthetic.se190121@gmail.com,K19,Công nghệ thông tin,An toàn thông tin,BIT_IA_K19B,5,57
SE190122,Nguyễn Đức Minh,ojt.synthetic.se190122@gmail.com,K19,Công nghệ thông tin,Trí tuệ nhân tạo,BIT_AI_K19C,4,45
SE190123,Hoàng Khánh Linh,ojt.synthetic.se190123@gmail.com,K19,Công nghệ thông tin,Kỹ thuật phần mềm,BIT_SE_K19D-20A,4,42
SE190124,Hoàng Đức Minh,ojt.synthetic.se190124@gmail.com,K19,Công nghệ thông tin,Hệ thống thông tin,BIT_IS_K18D-19A,5,57
SE190125,Bùi Trung Hiếu,ojt.synthetic.se190125@gmail.com,K19,Công nghệ thông tin,Kỹ thuật phần mềm,BIT_SE_K19B,5,60
SE190126,Bùi Phương Thảo,ojt.synthetic.se190126@gmail.com,K19,Công nghệ thông tin,An toàn thông tin,BIT_IA_K19C,4,36
SE190127,Hoàng Gia Hân,ojt.synthetic.se190127@gmail.com,K19,Công nghệ thông tin,Hệ thống thông tin,BIT_IS_K19D-20A,4,42
SE190128,Huỳnh Ngọc Mai,ojt.synthetic.se190128@gmail.com,K19,Công nghệ thông tin,An toàn thông tin,BIT_IA_K18D-19A,5,60
SE190129,Trần Gia Hân,ojt.synthetic.se190129@gmail.com,K19,Công nghệ thông tin,Kỹ thuật phần mềm,BIT_SE_K19B,5,60
SE190130,Võ Hải Nam,ojt.synthetic.se190130@gmail.com,K19,Công nghệ thông tin,Trí tuệ nhân tạo,BIT_AI_K19C,4,36
SE190131,Lê Khánh Linh,ojt.synthetic.se190131@gmail.com,K19,Công nghệ thông tin,Kỹ thuật phần mềm,BIT_SE_K19D-20A,4,39
SE190132,Trần Gia Hân,ojt.synthetic.se190132@gmail.com,K19,Công nghệ thông tin,Trí tuệ nhân tạo,BIT_AI_K18D-19A,5,51
SE190133,Bùi Tuấn Kiệt,ojt.synthetic.se190133@gmail.com,K19,Công nghệ thông tin,Kỹ thuật phần mềm,BIT_SE_K19B,5,60
SE190134,Trần Bảo Ngọc,ojt.synthetic.se190134@gmail.com,K19,Công nghệ thông tin,Hệ thống thông tin,BIT_IS_K19C,4,39
SE190135,Bùi Quang Huy,ojt.synthetic.se190135@gmail.com,K19,Công nghệ thông tin,An toàn thông tin,BIT_IA_K19D-20A,4,45
SE190136,Bùi Hoàng Duy,ojt.synthetic.se190136@gmail.com,K19,Công nghệ thông tin,Trí tuệ nhân tạo,BIT_AI_K18D-19A,5,60
SE190137,Đỗ Gia Hân,ojt.synthetic.se190137@gmail.com,K19,Công nghệ thông tin,Trí tuệ nhân tạo,BIT_AI_K19B,5,60
SE190138,Trần Khánh Linh,ojt.synthetic.se190138@gmail.com,K19,Công nghệ thông tin,Kỹ thuật phần mềm,BIT_SE_K19C,4,36
SE190139,Bùi Gia Hân,ojt.synthetic.se190139@gmail.com,K19,Công nghệ thông tin,Trí tuệ nhân tạo,BIT_AI_K19D-20A,4,45
SE190140,Huỳnh Tuấn Kiệt,ojt.synthetic.se190140@gmail.com,K19,Công nghệ thông tin,An toàn thông tin,BIT_IA_K18D-19A,5,60
SE190141,Vũ Thanh Tâm,ojt.synthetic.se190141@gmail.com,K19,Công nghệ thông tin,An toàn thông tin,BIT_IA_K19B,5,60
SE190142,Nguyễn Hoàng Duy,ojt.synthetic.se190142@gmail.com,K19,Công nghệ thông tin,Hệ thống thông tin,BIT_IS_K19C,4,45
SE190143,Trần Phương Thảo,ojt.synthetic.se190143@gmail.com,K19,Công nghệ thông tin,Hệ thống thông tin,BIT_IS_K19D-20A,4,45
SE190144,Phan Minh Anh,ojt.synthetic.se190144@gmail.com,K19,Công nghệ thông tin,An toàn thông tin,BIT_IA_K18D-19A,5,57
SE190145,Võ Hoàng Duy,ojt.synthetic.se190145@gmail.com,K19,Công nghệ thông tin,Hệ thống thông tin,BIT_IS_K19B,5,54
SE190146,Bùi Minh Quân,ojt.synthetic.se190146@gmail.com,K19,Công nghệ thông tin,An toàn thông tin,BIT_IA_K19C,4,42
SE190147,Huỳnh Gia Hân,ojt.synthetic.se190147@gmail.com,K19,Công nghệ thông tin,Trí tuệ nhân tạo,BIT_AI_K19D-20A,4,45
SE190148,Vũ Anh Tuấn,ojt.synthetic.se190148@gmail.com,K19,Công nghệ thông tin,Kỹ thuật phần mềm,BIT_SE_K18D-19A,5,57
SE190149,Nguyễn Quốc Bảo,ojt.synthetic.se190149@gmail.com,K19,Công nghệ thông tin,Trí tuệ nhân tạo,BIT_AI_K19B,5,60
SE190150,Phạm Trung Hiếu,ojt.synthetic.se190150@gmail.com,K19,Công nghệ thông tin,Hệ thống thông tin,BIT_IS_K19C,4,42
SE190151,Lê Khánh Linh,ojt.synthetic.se190151@gmail.com,K19,Công nghệ thông tin,Trí tuệ nhân tạo,BIT_AI_K19D-20A,4,45
SE190152,Lê Minh Quân,ojt.synthetic.se190152@gmail.com,K19,Công nghệ thông tin,Trí tuệ nhân tạo,BIT_AI_K18D-19A,5,60
SE190153,Đặng Phương Thảo,ojt.synthetic.se190153@gmail.com,K19,Công nghệ thông tin,An toàn thông tin,BIT_IA_K19B,5,57
SE190154,Phạm Phương Thảo,ojt.synthetic.se190154@gmail.com,K19,Công nghệ thông tin,Trí tuệ nhân tạo,BIT_AI_K19C,4,42
SE190155,Phạm Hải Nam,ojt.synthetic.se190155@gmail.com,K19,Công nghệ thông tin,Kỹ thuật phần mềm,BIT_SE_K19D-20A,4,39
SE190156,Đỗ Đức Minh,ojt.synthetic.se190156@gmail.com,K19,Công nghệ thông tin,Trí tuệ nhân tạo,BIT_AI_K18D-19A,5,57
SE190157,Hoàng Tuấn Kiệt,ojt.synthetic.se190157@gmail.com,K19,Công nghệ thông tin,An toàn thông tin,BIT_IA_K19B,5,60
SE190158,Phan Minh Anh,ojt.synthetic.se190158@gmail.com,K19,Công nghệ thông tin,Hệ thống thông tin,BIT_IS_K19C,4,45
SE190159,Lê Tuấn Kiệt,ojt.synthetic.se190159@gmail.com,K19,Công nghệ thông tin,Trí tuệ nhân tạo,BIT_AI_K19D-20A,4,39
SE190160,Vũ Tuấn Kiệt,ojt.synthetic.se190160@gmail.com,K19,Công nghệ thông tin,An toàn thông tin,BIT_IA_K18D-19A,5,60
SE190161,Đỗ Quang Huy,ojt.synthetic.se190161@gmail.com,K19,Công nghệ thông tin,Hệ thống thông tin,BIT_IS_K19B,5,60
SE190162,Nguyễn Trung Hiếu,ojt.synthetic.se190162@gmail.com,K19,Công nghệ thông tin,Trí tuệ nhân tạo,BIT_AI_K19C,4,45
SE190163,Đặng Bảo Ngọc,ojt.synthetic.se190163@gmail.com,K19,Công nghệ thông tin,An toàn thông tin,BIT_IA_K19D-20A,4,45
SE190164,Đặng Minh Anh,ojt.synthetic.se190164@gmail.com,K19,Công nghệ thông tin,An toàn thông tin,BIT_IA_K18D-19A,5,60
SE190165,Hoàng Hoàng Duy,ojt.synthetic.se190165@gmail.com,K19,Công nghệ thông tin,Trí tuệ nhân tạo,BIT_AI_K19B,5,60
SE190166,Vũ Khánh Linh,ojt.synthetic.se190166@gmail.com,K19,Công nghệ thông tin,Kỹ thuật phần mềm,BIT_SE_K19C,4,42
SE190167,Trần Quốc Bảo,ojt.synthetic.se190167@gmail.com,K19,Công nghệ thông tin,Hệ thống thông tin,BIT_IS_K19D-20A,4,45
SE190168,Bùi Ngọc Mai,ojt.synthetic.se190168@gmail.com,K19,Công nghệ thông tin,Kỹ thuật phần mềm,BIT_SE_K18D-19A,5,60
SE190169,Hoàng Thanh Tâm,ojt.synthetic.se190169@gmail.com,K19,Công nghệ thông tin,An toàn thông tin,BIT_IA_K19B,5,60
SE190170,Phạm Minh Anh,ojt.synthetic.se190170@gmail.com,K19,Công nghệ thông tin,Trí tuệ nhân tạo,BIT_AI_K19C,4,45
SE190171,Bùi Gia Hân,ojt.synthetic.se190171@gmail.com,K19,Công nghệ thông tin,Hệ thống thông tin,BIT_IS_K19D-20A,4,42
SE190172,Phan Khánh Linh,ojt.synthetic.se190172@gmail.com,K19,Công nghệ thông tin,Kỹ thuật phần mềm,BIT_SE_K18D-19A,5,57
SE190173,Đỗ Trung Hiếu,ojt.synthetic.se190173@gmail.com,K19,Công nghệ thông tin,Trí tuệ nhân tạo,BIT_AI_K19B,5,54
SE190174,Huỳnh Gia Hân,ojt.synthetic.se190174@gmail.com,K19,Công nghệ thông tin,Hệ thống thông tin,BIT_IS_K19C,4,42
SE190175,Phan Bảo Ngọc,ojt.synthetic.se190175@gmail.com,K19,Công nghệ thông tin,Trí tuệ nhân tạo,BIT_AI_K19D-20A,4,42
SE190176,Đặng Hoàng Duy,ojt.synthetic.se190176@gmail.com,K19,Công nghệ thông tin,An toàn thông tin,BIT_IA_K18D-19A,5,60
SE190177,Phạm Bảo Ngọc,ojt.synthetic.se190177@gmail.com,K19,Công nghệ thông tin,An toàn thông tin,BIT_IA_K19B,5,60
SE190178,Đặng Hải Nam,ojt.synthetic.se190178@gmail.com,K19,Công nghệ thông tin,Kỹ thuật phần mềm,BIT_SE_K19C,4,42
SE190179,Hoàng Quốc Bảo,ojt.synthetic.se190179@gmail.com,K19,Công nghệ thông tin,An toàn thông tin,BIT_IA_K19D-20A,4,39
SE190180,Lê Thanh Tâm,ojt.synthetic.se190180@gmail.com,K19,Công nghệ thông tin,Hệ thống thông tin,BIT_IS_K18D-19A,5,57
SE190181,Hoàng Hải Nam,ojt.synthetic.se190181@gmail.com,K19,Công nghệ thông tin,Hệ thống thông tin,BIT_IS_K19B,5,51
SE190182,Đỗ Tuấn Kiệt,ojt.synthetic.se190182@gmail.com,K19,Công nghệ thông tin,Hệ thống thông tin,BIT_IS_K19C,4,45
SE190183,Nguyễn Quang Huy,ojt.synthetic.se190183@gmail.com,K19,Công nghệ thông tin,Trí tuệ nhân tạo,BIT_AI_K19D-20A,4,45
SE190184,Huỳnh Anh Tuấn,ojt.synthetic.se190184@gmail.com,K19,Công nghệ thông tin,Kỹ thuật phần mềm,BIT_SE_K18D-19A,5,54
SE190185,Đỗ Anh Tuấn,ojt.synthetic.se190185@gmail.com,K19,Công nghệ thông tin,Hệ thống thông tin,BIT_IS_K19B,5,57
SE190186,Bùi Khánh Linh,ojt.synthetic.se190186@gmail.com,K19,Công nghệ thông tin,An toàn thông tin,BIT_IA_K19C,4,45
SE190187,Hoàng Bảo Ngọc,ojt.synthetic.se190187@gmail.com,K19,Công nghệ thông tin,Hệ thống thông tin,BIT_IS_K19D-20A,4,45
SE190188,Huỳnh Minh Anh,ojt.synthetic.se190188@gmail.com,K19,Công nghệ thông tin,Kỹ thuật phần mềm,BIT_SE_K18D-19A,5,57
SE190189,Nguyễn Quốc Bảo,ojt.synthetic.se190189@gmail.com,K19,Công nghệ thông tin,Kỹ thuật phần mềm,BIT_SE_K19B,5,57
SE190190,Bùi Gia Hân,ojt.synthetic.se190190@gmail.com,K19,Công nghệ thông tin,Kỹ thuật phần mềm,BIT_SE_K19C,4,42
SE190191,Nguyễn Phương Thảo,ojt.synthetic.se190191@gmail.com,K19,Công nghệ thông tin,Trí tuệ nhân tạo,BIT_AI_K19D-20A,4,45
SE190192,Phan Quốc Bảo,ojt.synthetic.se190192@gmail.com,K19,Công nghệ thông tin,Hệ thống thông tin,BIT_IS_K18D-19A,5,60
SE190193,Phạm Bảo Ngọc,ojt.synthetic.se190193@gmail.com,K19,Công nghệ thông tin,Trí tuệ nhân tạo,BIT_AI_K19B,5,60
SE190194,Nguyễn Phương Thảo,ojt.synthetic.se190194@gmail.com,K19,Công nghệ thông tin,Hệ thống thông tin,BIT_IS_K19C,4,45
SE190195,Nguyễn Phương Thảo,ojt.synthetic.se190195@gmail.com,K19,Công nghệ thông tin,Kỹ thuật phần mềm,BIT_SE_K19D-20A,4,39
SE190196,Phan Phương Thảo,ojt.synthetic.se190196@gmail.com,K19,Công nghệ thông tin,Kỹ thuật phần mềm,BIT_SE_K18D-19A,5,60
SE190197,Đỗ Hải Nam,ojt.synthetic.se190197@gmail.com,K19,Công nghệ thông tin,Hệ thống thông tin,BIT_IS_K19B,5,57
SE190198,Phan Quang Huy,ojt.synthetic.se190198@gmail.com,K19,Công nghệ thông tin,Trí tuệ nhân tạo,BIT_AI_K19C,4,42
SE190199,Trần Ngọc Mai,ojt.synthetic.se190199@gmail.com,K19,Công nghệ thông tin,Hệ thống thông tin,BIT_IS_K19D-20A,4,45
SE190200,Nguyễn Tuấn Kiệt,ojt.synthetic.se190200@gmail.com,K19,Công nghệ thông tin,Hệ thống thông tin,BIT_IS_K18D-19A,5,60
SE190201,Trần Hoàng Duy,ojt.synthetic.se190201@gmail.com,K19,Công nghệ thông tin,An toàn thông tin,BIT_IA_K19B,5,60
SE190202,Phan Hải Nam,ojt.synthetic.se190202@gmail.com,K19,Công nghệ thông tin,Hệ thống thông tin,BIT_IS_K19C,4,45
SE190203,Hoàng Đức Minh,ojt.synthetic.se190203@gmail.com,K19,Công nghệ thông tin,Kỹ thuật phần mềm,BIT_SE_K19D-20A,4,45
SE190204,Lê Minh Quân,ojt.synthetic.se190204@gmail.com,K19,Công nghệ thông tin,Trí tuệ nhân tạo,BIT_AI_K18D-19A,5,60
SE190205,Bùi Trung Hiếu,ojt.synthetic.se190205@gmail.com,K19,Công nghệ thông tin,An toàn thông tin,BIT_IA_K19B,5,60
SE190206,Trần Khánh Linh,ojt.synthetic.se190206@gmail.com,K19,Công nghệ thông tin,An toàn thông tin,BIT_IA_K19C,4,45
SE190207,Vũ Hải Nam,ojt.synthetic.se190207@gmail.com,K19,Công nghệ thông tin,Hệ thống thông tin,BIT_IS_K19D-20A,4,45
SE190208,Nguyễn Ngọc Mai,ojt.synthetic.se190208@gmail.com,K19,Công nghệ thông tin,An toàn thông tin,BIT_IA_K18D-19A,5,54
SE190209,Phan Bảo Ngọc,ojt.synthetic.se190209@gmail.com,K19,Công nghệ thông tin,Hệ thống thông tin,BIT_IS_K19B,5,54
SE190210,Huỳnh Đức Minh,ojt.synthetic.se190210@gmail.com,K19,Công nghệ thông tin,An toàn thông tin,BIT_IA_K19C,4,42
SE190211,Phạm Trung Hiếu,ojt.synthetic.se190211@gmail.com,K19,Công nghệ thông tin,Trí tuệ nhân tạo,BIT_AI_K19D-20A,4,45
SE190212,Võ Tuấn Kiệt,ojt.synthetic.se190212@gmail.com,K19,Công nghệ thông tin,Hệ thống thông tin,BIT_IS_K18D-19A,5,60
SE190213,Võ Bảo Ngọc,ojt.synthetic.se190213@gmail.com,K19,Công nghệ thông tin,Hệ thống thông tin,BIT_IS_K19B,5,60
SE190214,Bùi Hoàng Duy,ojt.synthetic.se190214@gmail.com,K19,Công nghệ thông tin,An toàn thông tin,BIT_IA_K19C,4,45
SE190215,Trần Phương Thảo,ojt.synthetic.se190215@gmail.com,K19,Công nghệ thông tin,Trí tuệ nhân tạo,BIT_AI_K19D-20A,4,45
SE190216,Bùi Thanh Tâm,ojt.synthetic.se190216@gmail.com,K19,Công nghệ thông tin,Trí tuệ nhân tạo,BIT_AI_K18D-19A,5,60
SE190217,Hoàng Minh Anh,ojt.synthetic.se190217@gmail.com,K19,Công nghệ thông tin,Kỹ thuật phần mềm,BIT_SE_K19B,5,60
SE190218,Lê Đức Minh,ojt.synthetic.se190218@gmail.com,K19,Công nghệ thông tin,Hệ thống thông tin,BIT_IS_K19C,4,45
SE190219,Phan Minh Anh,ojt.synthetic.se190219@gmail.com,K19,Công nghệ thông tin,An toàn thông tin,BIT_IA_K19D-20A,4,39
SE190220,Bùi Minh Anh,ojt.synthetic.se190220@gmail.com,K19,Công nghệ thông tin,Hệ thống thông tin,BIT_IS_K18D-19A,5,60
SE190221,Nguyễn Ngọc Mai,ojt.synthetic.se190221@gmail.com,K19,Công nghệ thông tin,Hệ thống thông tin,BIT_IS_K19B,5,60
SE190222,Huỳnh Ngọc Mai,ojt.synthetic.se190222@gmail.com,K19,Công nghệ thông tin,Trí tuệ nhân tạo,BIT_AI_K19C,4,45
SE190223,Phạm Hoàng Duy,ojt.synthetic.se190223@gmail.com,K19,Công nghệ thông tin,Hệ thống thông tin,BIT_IS_K19D-20A,4,39
SE190224,Trần Đức Minh,ojt.synthetic.se190224@gmail.com,K19,Công nghệ thông tin,Hệ thống thông tin,BIT_IS_K18D-19A,5,60
SE190225,Bùi Anh Tuấn,ojt.synthetic.se190225@gmail.com,K19,Công nghệ thông tin,Kỹ thuật phần mềm,BIT_SE_K19B,5,51
SE190226,Đỗ Tuấn Kiệt,ojt.synthetic.se190226@gmail.com,K19,Công nghệ thông tin,Trí tuệ nhân tạo,BIT_AI_K19C,4,45
SE190227,Bùi Thanh Tâm,ojt.synthetic.se190227@gmail.com,K19,Công nghệ thông tin,An toàn thông tin,BIT_IA_K19D-20A,4,36
SE190228,Hoàng Quốc Bảo,ojt.synthetic.se190228@gmail.com,K19,Công nghệ thông tin,Hệ thống thông tin,BIT_IS_K18D-19A,5,60
SE190229,Vũ Quốc Bảo,ojt.synthetic.se190229@gmail.com,K19,Công nghệ thông tin,Kỹ thuật phần mềm,BIT_SE_K19B,5,57
SE190230,Nguyễn Hoàng Duy,ojt.synthetic.se190230@gmail.com,K19,Công nghệ thông tin,An toàn thông tin,BIT_IA_K19C,4,39
SE190231,Hoàng Quang Huy,ojt.synthetic.se190231@gmail.com,K19,Công nghệ thông tin,Kỹ thuật phần mềm,BIT_SE_K19D-20A,4,45
SE190232,Huỳnh Quang Huy,ojt.synthetic.se190232@gmail.com,K19,Công nghệ thông tin,An toàn thông tin,BIT_IA_K18D-19A,5,60
SE190233,Phạm Minh Quân,ojt.synthetic.se190233@gmail.com,K19,Công nghệ thông tin,Kỹ thuật phần mềm,BIT_SE_K19B,5,60
SE190234,Phan Minh Quân,ojt.synthetic.se190234@gmail.com,K19,Công nghệ thông tin,Hệ thống thông tin,BIT_IS_K19C,4,45
SE190235,Phạm Trung Hiếu,ojt.synthetic.se190235@gmail.com,K19,Công nghệ thông tin,Trí tuệ nhân tạo,BIT_AI_K19D-20A,4,45
SE190236,Võ Khánh Linh,ojt.synthetic.se190236@gmail.com,K19,Công nghệ thông tin,Kỹ thuật phần mềm,BIT_SE_K18D-19A,5,60
SE190237,Lê Minh Quân,ojt.synthetic.se190237@gmail.com,K19,Công nghệ thông tin,Hệ thống thông tin,BIT_IS_K19B,5,57
SE190238,Lê Minh Anh,ojt.synthetic.se190238@gmail.com,K19,Công nghệ thông tin,Trí tuệ nhân tạo,BIT_AI_K19C,4,42
SE190239,Nguyễn Thanh Tâm,ojt.synthetic.se190239@gmail.com,K19,Công nghệ thông tin,Kỹ thuật phần mềm,BIT_SE_K19D-20A,4,45
SE190240,Vũ Quang Huy,ojt.synthetic.se190240@gmail.com,K19,Công nghệ thông tin,An toàn thông tin,BIT_IA_K18D-19A,5,60
SE190241,Huỳnh Trung Hiếu,ojt.synthetic.se190241@gmail.com,K19,Công nghệ thông tin,Hệ thống thông tin,BIT_IS_K19B,5,51
SE190242,Phạm Phương Thảo,ojt.synthetic.se190242@gmail.com,K19,Công nghệ thông tin,Trí tuệ nhân tạo,BIT_AI_K19C,4,42
SE190243,Phạm Đức Minh,ojt.synthetic.se190243@gmail.com,K19,Công nghệ thông tin,Hệ thống thông tin,BIT_IS_K19D-20A,4,39
SE190244,Nguyễn Minh Quân,ojt.synthetic.se190244@gmail.com,K19,Công nghệ thông tin,Kỹ thuật phần mềm,BIT_SE_K18D-19A,5,60
SE190245,Lê Trung Hiếu,ojt.synthetic.se190245@gmail.com,K19,Công nghệ thông tin,Kỹ thuật phần mềm,BIT_SE_K19B,5,60
SE190246,Hoàng Minh Anh,ojt.synthetic.se190246@gmail.com,K19,Công nghệ thông tin,Kỹ thuật phần mềm,BIT_SE_K19C,4,42
SE190247,Đặng Ngọc Mai,ojt.synthetic.se190247@gmail.com,K19,Công nghệ thông tin,Hệ thống thông tin,BIT_IS_K19D-20A,4,45
SE190248,Lê Phương Thảo,ojt.synthetic.se190248@gmail.com,K19,Công nghệ thông tin,An toàn thông tin,BIT_IA_K18D-19A,5,60
SE190249,Bùi Hoàng Duy,ojt.synthetic.se190249@gmail.com,K19,Công nghệ thông tin,Kỹ thuật phần mềm,BIT_SE_K19B,5,57
SE190250,Trần Đức Minh,ojt.synthetic.se190250@gmail.com,K19,Công nghệ thông tin,Trí tuệ nhân tạo,BIT_AI_K19C,4,42
SE190251,Hoàng Thanh Tâm,ojt.synthetic.se190251@gmail.com,K19,Công nghệ thông tin,Kỹ thuật phần mềm,BIT_SE_K19D-20A,4,42
SE190252,Trần Quốc Bảo,ojt.synthetic.se190252@gmail.com,K19,Công nghệ thông tin,Kỹ thuật phần mềm,BIT_SE_K18D-19A,5,60
SE190253,Phan Tuấn Kiệt,ojt.synthetic.se190253@gmail.com,K19,Công nghệ thông tin,Hệ thống thông tin,BIT_IS_K19B,5,60
SE190254,Nguyễn Đức Minh,ojt.synthetic.se190254@gmail.com,K19,Công nghệ thông tin,Hệ thống thông tin,BIT_IS_K19C,4,45
SE190255,Đặng Gia Hân,ojt.synthetic.se190255@gmail.com,K19,Công nghệ thông tin,Trí tuệ nhân tạo,BIT_AI_K19D-20A,4,36
SE190256,Võ Minh Anh,ojt.synthetic.se190256@gmail.com,K19,Công nghệ thông tin,Hệ thống thông tin,BIT_IS_K18D-19A,5,60
SE190257,Hoàng Anh Tuấn,ojt.synthetic.se190257@gmail.com,K19,Công nghệ thông tin,Kỹ thuật phần mềm,BIT_SE_K19B,5,60
SE190258,Trần Ngọc Mai,ojt.synthetic.se190258@gmail.com,K19,Công nghệ thông tin,Trí tuệ nhân tạo,BIT_AI_K19C,4,39
SE190259,Nguyễn Trung Hiếu,ojt.synthetic.se190259@gmail.com,K19,Công nghệ thông tin,Trí tuệ nhân tạo,BIT_AI_K19D-20A,4,45
SE190260,Huỳnh Hải Nam,ojt.synthetic.se190260@gmail.com,K19,Công nghệ thông tin,Trí tuệ nhân tạo,BIT_AI_K18D-19A,5,54
SE190261,Võ Gia Hân,ojt.synthetic.se190261@gmail.com,K19,Công nghệ thông tin,An toàn thông tin,BIT_IA_K19B,5,60
SE190262,Võ Thanh Tâm,ojt.synthetic.se190262@gmail.com,K19,Công nghệ thông tin,Trí tuệ nhân tạo,BIT_AI_K19C,4,45
SE190263,Vũ Quốc Bảo,ojt.synthetic.se190263@gmail.com,K19,Công nghệ thông tin,Trí tuệ nhân tạo,BIT_AI_K19D-20A,4,42
SE190264,Võ Phương Thảo,ojt.synthetic.se190264@gmail.com,K19,Công nghệ thông tin,An toàn thông tin,BIT_IA_K18D-19A,5,60
SE190265,Lê Phương Thảo,ojt.synthetic.se190265@gmail.com,K19,Công nghệ thông tin,An toàn thông tin,BIT_IA_K19B,5,60
SE190266,Đặng Đức Minh,ojt.synthetic.se190266@gmail.com,K19,Công nghệ thông tin,Kỹ thuật phần mềm,BIT_SE_K19C,4,42
SE190267,Phan Quốc Bảo,ojt.synthetic.se190267@gmail.com,K19,Công nghệ thông tin,Trí tuệ nhân tạo,BIT_AI_K19D-20A,4,42
SE190268,Trần Phương Thảo,ojt.synthetic.se190268@gmail.com,K19,Công nghệ thông tin,Hệ thống thông tin,BIT_IS_K18D-19A,5,57
SE190269,Phan Trung Hiếu,ojt.synthetic.se190269@gmail.com,K19,Công nghệ thông tin,Hệ thống thông tin,BIT_IS_K19B,5,60
SE190270,Đặng Minh Anh,ojt.synthetic.se190270@gmail.com,K19,Công nghệ thông tin,Trí tuệ nhân tạo,BIT_AI_K19C,4,45
SE190271,Đặng Hoàng Duy,ojt.synthetic.se190271@gmail.com,K19,Công nghệ thông tin,Trí tuệ nhân tạo,BIT_AI_K19D-20A,4,36
SE190272,Đỗ Trung Hiếu,ojt.synthetic.se190272@gmail.com,K19,Công nghệ thông tin,Kỹ thuật phần mềm,BIT_SE_K18D-19A,5,60
SE190273,Đỗ Quốc Bảo,ojt.synthetic.se190273@gmail.com,K19,Công nghệ thông tin,An toàn thông tin,BIT_IA_K19B,5,60
SE190274,Nguyễn Hoàng Duy,ojt.synthetic.se190274@gmail.com,K19,Công nghệ thông tin,Kỹ thuật phần mềm,BIT_SE_K19C,4,45
SE190275,Phan Minh Quân,ojt.synthetic.se190275@gmail.com,K19,Công nghệ thông tin,Hệ thống thông tin,BIT_IS_K19D-20A,4,45
SE190276,Phan Ngọc Mai,ojt.synthetic.se190276@gmail.com,K19,Công nghệ thông tin,An toàn thông tin,BIT_IA_K18D-19A,5,60
SE190277,Hoàng Trung Hiếu,ojt.synthetic.se190277@gmail.com,K19,Công nghệ thông tin,Kỹ thuật phần mềm,BIT_SE_K19B,5,60
SE190278,Đỗ Ngọc Mai,ojt.synthetic.se190278@gmail.com,K19,Công nghệ thông tin,An toàn thông tin,BIT_IA_K19C,4,36
SE190279,Huỳnh Minh Quân,ojt.synthetic.se190279@gmail.com,K19,Công nghệ thông tin,Kỹ thuật phần mềm,BIT_SE_K19D-20A,4,42
SE190280,Lê Hoàng Duy,ojt.synthetic.se190280@gmail.com,K19,Công nghệ thông tin,An toàn thông tin,BIT_IA_K18D-19A,5,60
SE190281,Trần Phương Thảo,ojt.synthetic.se190281@gmail.com,K19,Công nghệ thông tin,Kỹ thuật phần mềm,BIT_SE_K19B,5,60
SE190282,Hoàng Ngọc Mai,ojt.synthetic.se190282@gmail.com,K19,Công nghệ thông tin,An toàn thông tin,BIT_IA_K19C,4,45
SE190283,Vũ Gia Hân,ojt.synthetic.se190283@gmail.com,K19,Công nghệ thông tin,Trí tuệ nhân tạo,BIT_AI_K19D-20A,4,45
SE190284,Hoàng Quang Huy,ojt.synthetic.se190284@gmail.com,K19,Công nghệ thông tin,Kỹ thuật phần mềm,BIT_SE_K18D-19A,5,60
SE190285,Nguyễn Hải Nam,ojt.synthetic.se190285@gmail.com,K19,Công nghệ thông tin,Hệ thống thông tin,BIT_IS_K19B,5,60
SE190286,Lê Bảo Ngọc,ojt.synthetic.se190286@gmail.com,K19,Công nghệ thông tin,Hệ thống thông tin,BIT_IS_K19C,4,42
SE190287,Đặng Minh Anh,ojt.synthetic.se190287@gmail.com,K19,Công nghệ thông tin,An toàn thông tin,BIT_IA_K19D-20A,4,45
SE190288,Võ Đức Minh,ojt.synthetic.se190288@gmail.com,K19,Công nghệ thông tin,Kỹ thuật phần mềm,BIT_SE_K18D-19A,5,60
SE190289,Bùi Ngọc Mai,ojt.synthetic.se190289@gmail.com,K19,Công nghệ thông tin,An toàn thông tin,BIT_IA_K19B,5,60
SE190290,Trần Hải Nam,ojt.synthetic.se190290@gmail.com,K19,Công nghệ thông tin,Trí tuệ nhân tạo,BIT_AI_K19C,4,45
SE190291,Đặng Anh Tuấn,ojt.synthetic.se190291@gmail.com,K19,Công nghệ thông tin,Kỹ thuật phần mềm,BIT_SE_K19D-20A,4,45
SE190292,Lê Ngọc Mai,ojt.synthetic.se190292@gmail.com,K19,Công nghệ thông tin,An toàn thông tin,BIT_IA_K18D-19A,5,60
SE190293,Bùi Gia Hân,ojt.synthetic.se190293@gmail.com,K19,Công nghệ thông tin,Trí tuệ nhân tạo,BIT_AI_K19B,5,60
SE190294,Phạm Tuấn Kiệt,ojt.synthetic.se190294@gmail.com,K19,Công nghệ thông tin,Hệ thống thông tin,BIT_IS_K19C,4,42
SE190295,Vũ Minh Anh,ojt.synthetic.se190295@gmail.com,K19,Công nghệ thông tin,Hệ thống thông tin,BIT_IS_K19D-20A,4,45
SE190296,Vũ Ngọc Mai,ojt.synthetic.se190296@gmail.com,K19,Công nghệ thông tin,Trí tuệ nhân tạo,BIT_AI_K18D-19A,5,60
SE190297,Huỳnh Trung Hiếu,ojt.synthetic.se190297@gmail.com,K19,Công nghệ thông tin,Trí tuệ nhân tạo,BIT_AI_K19B,5,60
SE190298,Lê Hải Nam,ojt.synthetic.se190298@gmail.com,K19,Công nghệ thông tin,Trí tuệ nhân tạo,BIT_AI_K19C,4,45
SE190299,Đỗ Hải Nam,ojt.synthetic.se190299@gmail.com,K19,Công nghệ thông tin,Kỹ thuật phần mềm,BIT_SE_K19D-20A,4,42
SE190300,Phạm Hải Nam,ojt.synthetic.se190300@gmail.com,K19,Công nghệ thông tin,Trí tuệ nhân tạo,BIT_AI_K18D-19A,5,60
SE190301,Huỳnh Hải Nam,ojt.synthetic.se190301@gmail.com,K19,Công nghệ thông tin,An toàn thông tin,BIT_IA_K19B,5,54
SE190302,Đặng Minh Quân,ojt.synthetic.se190302@gmail.com,K19,Công nghệ thông tin,An toàn thông tin,BIT_IA_K19C,4,45
SE190303,Phạm Phương Thảo,ojt.synthetic.se190303@gmail.com,K19,Công nghệ thông tin,An toàn thông tin,BIT_IA_K19D-20A,4,45
SE190304,Vũ Khánh Linh,ojt.synthetic.se190304@gmail.com,K19,Công nghệ thông tin,Hệ thống thông tin,BIT_IS_K18D-19A,5,60
SE190305,Huỳnh Bảo Ngọc,ojt.synthetic.se190305@gmail.com,K19,Công nghệ thông tin,Kỹ thuật phần mềm,BIT_SE_K19B,5,57
SE190306,Đặng Minh Anh,ojt.synthetic.se190306@gmail.com,K19,Công nghệ thông tin,An toàn thông tin,BIT_IA_K19C,4,45
SE190307,Hoàng Gia Hân,ojt.synthetic.se190307@gmail.com,K19,Công nghệ thông tin,Hệ thống thông tin,BIT_IS_K19D-20A,4,39
SE190308,Võ Thanh Tâm,ojt.synthetic.se190308@gmail.com,K19,Công nghệ thông tin,Kỹ thuật phần mềm,BIT_SE_K18D-19A,5,60
SE190309,Vũ Bảo Ngọc,ojt.synthetic.se190309@gmail.com,K19,Công nghệ thông tin,Hệ thống thông tin,BIT_IS_K19B,5,60
SE190310,Bùi Trung Hiếu,ojt.synthetic.se190310@gmail.com,K19,Công nghệ thông tin,Trí tuệ nhân tạo,BIT_AI_K19C,4,39
SE190311,Đỗ Minh Quân,ojt.synthetic.se190311@gmail.com,K19,Công nghệ thông tin,Kỹ thuật phần mềm,BIT_SE_K19D-20A,4,42
SE190312,Vũ Ngọc Mai,ojt.synthetic.se190312@gmail.com,K19,Công nghệ thông tin,An toàn thông tin,BIT_IA_K18D-19A,5,60
SE190313,Bùi Quang Huy,ojt.synthetic.se190313@gmail.com,K19,Công nghệ thông tin,An toàn thông tin,BIT_IA_K19B,5,60
SE190314,Phạm Đức Minh,ojt.synthetic.se190314@gmail.com,K19,Công nghệ thông tin,Hệ thống thông tin,BIT_IS_K19C,4,45
SE190315,Đỗ Quang Huy,ojt.synthetic.se190315@gmail.com,K19,Công nghệ thông tin,Trí tuệ nhân tạo,BIT_AI_K19D-20A,4,42
SE190316,Võ Anh Tuấn,ojt.synthetic.se190316@gmail.com,K19,Công nghệ thông tin,An toàn thông tin,BIT_IA_K18D-19A,5,60
SE190317,Trần Hoàng Duy,ojt.synthetic.se190317@gmail.com,K19,Công nghệ thông tin,Trí tuệ nhân tạo,BIT_AI_K19B,5,60
SE190318,Đỗ Tuấn Kiệt,ojt.synthetic.se190318@gmail.com,K19,Công nghệ thông tin,Hệ thống thông tin,BIT_IS_K19C,4,45
SE190319,Nguyễn Thanh Tâm,ojt.synthetic.se190319@gmail.com,K19,Công nghệ thông tin,Kỹ thuật phần mềm,BIT_SE_K19D-20A,4,42
SE190320,Phan Gia Hân,ojt.synthetic.se190320@gmail.com,K19,Công nghệ thông tin,Trí tuệ nhân tạo,BIT_AI_K18D-19A,5,60
SE190321,Bùi Đức Minh,ojt.synthetic.se190321@gmail.com,K19,Công nghệ thông tin,An toàn thông tin,BIT_IA_K19B,5,60
SE190322,Nguyễn Thanh Tâm,ojt.synthetic.se190322@gmail.com,K19,Công nghệ thông tin,An toàn thông tin,BIT_IA_K19C,4,39
SE190323,Phan Quang Huy,ojt.synthetic.se190323@gmail.com,K19,Công nghệ thông tin,An toàn thông tin,BIT_IA_K19D-20A,4,42
SE190324,Phan Quang Huy,ojt.synthetic.se190324@gmail.com,K19,Công nghệ thông tin,An toàn thông tin,BIT_IA_K18D-19A,5,57
SE190325,Đỗ Quốc Bảo,ojt.synthetic.se190325@gmail.com,K19,Công nghệ thông tin,Trí tuệ nhân tạo,BIT_AI_K19B,5,60
SE190326,Đặng Phương Thảo,ojt.synthetic.se190326@gmail.com,K19,Công nghệ thông tin,An toàn thông tin,BIT_IA_K19C,4,45
SE190327,Phạm Quang Huy,ojt.synthetic.se190327@gmail.com,K19,Công nghệ thông tin,Trí tuệ nhân tạo,BIT_AI_K19D-20A,4,45
SE190328,Hoàng Phương Thảo,ojt.synthetic.se190328@gmail.com,K19,Công nghệ thông tin,An toàn thông tin,BIT_IA_K18D-19A,5,57
SE190329,Nguyễn Tuấn Kiệt,ojt.synthetic.se190329@gmail.com,K19,Công nghệ thông tin,An toàn thông tin,BIT_IA_K19B,5,60
SE190330,Phan Minh Quân,ojt.synthetic.se190330@gmail.com,K19,Công nghệ thông tin,Hệ thống thông tin,BIT_IS_K19C,4,42
SE190331,Võ Khánh Linh,ojt.synthetic.se190331@gmail.com,K19,Công nghệ thông tin,Kỹ thuật phần mềm,BIT_SE_K19D-20A,4,45
SE190332,Hoàng Đức Minh,ojt.synthetic.se190332@gmail.com,K19,Công nghệ thông tin,Trí tuệ nhân tạo,BIT_AI_K18D-19A,5,57
SE190333,Vũ Quang Huy,ojt.synthetic.se190333@gmail.com,K19,Công nghệ thông tin,An toàn thông tin,BIT_IA_K19B,5,60
SE190334,Lê Hoàng Duy,ojt.synthetic.se190334@gmail.com,K19,Công nghệ thông tin,Trí tuệ nhân tạo,BIT_AI_K19C,4,45
SE190335,Phạm Minh Quân,ojt.synthetic.se190335@gmail.com,K19,Công nghệ thông tin,An toàn thông tin,BIT_IA_K19D-20A,4,45
SE190336,Phạm Minh Anh,ojt.synthetic.se190336@gmail.com,K19,Công nghệ thông tin,Hệ thống thông tin,BIT_IS_K18D-19A,5,60
SE190337,Hoàng Gia Hân,ojt.synthetic.se190337@gmail.com,K19,Công nghệ thông tin,Trí tuệ nhân tạo,BIT_AI_K19B,5,60
SE190338,Đỗ Trung Hiếu,ojt.synthetic.se190338@gmail.com,K19,Công nghệ thông tin,Kỹ thuật phần mềm,BIT_SE_K19C,4,45
SE190339,Phạm Bảo Ngọc,ojt.synthetic.se190339@gmail.com,K19,Công nghệ thông tin,Trí tuệ nhân tạo,BIT_AI_K19D-20A,4,45
SE190340,Hoàng Quốc Bảo,ojt.synthetic.se190340@gmail.com,K19,Công nghệ thông tin,Trí tuệ nhân tạo,BIT_AI_K18D-19A,5,57
SE190341,Trần Minh Anh,ojt.synthetic.se190341@gmail.com,K19,Công nghệ thông tin,Hệ thống thông tin,BIT_IS_K19B,5,54
SE190342,Huỳnh Quang Huy,ojt.synthetic.se190342@gmail.com,K19,Công nghệ thông tin,Kỹ thuật phần mềm,BIT_SE_K19C,4,45
SE190343,Phan Minh Quân,ojt.synthetic.se190343@gmail.com,K19,Công nghệ thông tin,Hệ thống thông tin,BIT_IS_K19D-20A,4,42
SE190344,Bùi Hoàng Duy,ojt.synthetic.se190344@gmail.com,K19,Công nghệ thông tin,An toàn thông tin,BIT_IA_K18D-19A,5,60
SE190345,Võ Minh Anh,ojt.synthetic.se190345@gmail.com,K19,Công nghệ thông tin,Trí tuệ nhân tạo,BIT_AI_K19B,5,60
SE190346,Đỗ Minh Anh,ojt.synthetic.se190346@gmail.com,K19,Công nghệ thông tin,Hệ thống thông tin,BIT_IS_K19C,4,45
SE190347,Đặng Phương Thảo,ojt.synthetic.se190347@gmail.com,K19,Công nghệ thông tin,An toàn thông tin,BIT_IA_K19D-20A,4,42
SE190348,Võ Hoàng Duy,ojt.synthetic.se190348@gmail.com,K19,Công nghệ thông tin,An toàn thông tin,BIT_IA_K18D-19A,5,57
SE190349,Phạm Phương Thảo,ojt.synthetic.se190349@gmail.com,K19,Công nghệ thông tin,Trí tuệ nhân tạo,BIT_AI_K19B,5,60
SE190350,Phạm Quốc Bảo,ojt.synthetic.se190350@gmail.com,K19,Công nghệ thông tin,An toàn thông tin,BIT_IA_K19C,4,45
SE190351,Hoàng Trung Hiếu,ojt.synthetic.se190351@gmail.com,K19,Công nghệ thông tin,Hệ thống thông tin,BIT_IS_K19D-20A,4,39
SE190352,Huỳnh Quốc Bảo,ojt.synthetic.se190352@gmail.com,K19,Công nghệ thông tin,Kỹ thuật phần mềm,BIT_SE_K18D-19A,5,54
SE190353,Vũ Quang Huy,ojt.synthetic.se190353@gmail.com,K19,Công nghệ thông tin,An toàn thông tin,BIT_IA_K19B,5,60
SE190354,Bùi Anh Tuấn,ojt.synthetic.se190354@gmail.com,K19,Công nghệ thông tin,Hệ thống thông tin,BIT_IS_K19C,4,45
SE190355,Lê Bảo Ngọc,ojt.synthetic.se190355@gmail.com,K19,Công nghệ thông tin,An toàn thông tin,BIT_IA_K19D-20A,4,45
SE190356,Đỗ Gia Hân,ojt.synthetic.se190356@gmail.com,K19,Công nghệ thông tin,Kỹ thuật phần mềm,BIT_SE_K18D-19A,5,57
SE190357,Vũ Khánh Linh,ojt.synthetic.se190357@gmail.com,K19,Công nghệ thông tin,Trí tuệ nhân tạo,BIT_AI_K19B,5,57
SE190358,Huỳnh Minh Quân,ojt.synthetic.se190358@gmail.com,K19,Công nghệ thông tin,Trí tuệ nhân tạo,BIT_AI_K19C,4,42
SE190359,Võ Đức Minh,ojt.synthetic.se190359@gmail.com,K19,Công nghệ thông tin,Kỹ thuật phần mềm,BIT_SE_K19D-20A,4,36
SE190360,Đỗ Quốc Bảo,ojt.synthetic.se190360@gmail.com,K19,Công nghệ thông tin,Kỹ thuật phần mềm,BIT_SE_K18D-19A,5,60
SE190361,Hoàng Gia Hân,ojt.synthetic.se190361@gmail.com,K19,Công nghệ thông tin,Kỹ thuật phần mềm,BIT_SE_K19B,5,57
SE190362,Đặng Bảo Ngọc,ojt.synthetic.se190362@gmail.com,K19,Công nghệ thông tin,Trí tuệ nhân tạo,BIT_AI_K19C,4,42
SE190363,Trần Trung Hiếu,ojt.synthetic.se190363@gmail.com,K19,Công nghệ thông tin,Kỹ thuật phần mềm,BIT_SE_K19D-20A,4,45
SE190364,Phan Khánh Linh,ojt.synthetic.se190364@gmail.com,K19,Công nghệ thông tin,Hệ thống thông tin,BIT_IS_K18D-19A,5,60
SE190365,Huỳnh Tuấn Kiệt,ojt.synthetic.se190365@gmail.com,K19,Công nghệ thông tin,Kỹ thuật phần mềm,BIT_SE_K19B,5,57
SE190366,Phan Bảo Ngọc,ojt.synthetic.se190366@gmail.com,K19,Công nghệ thông tin,Hệ thống thông tin,BIT_IS_K19C,4,45
SE190367,Phạm Khánh Linh,ojt.synthetic.se190367@gmail.com,K19,Công nghệ thông tin,Trí tuệ nhân tạo,BIT_AI_K19D-20A,4,45
SE190368,Bùi Thanh Tâm,ojt.synthetic.se190368@gmail.com,K19,Công nghệ thông tin,An toàn thông tin,BIT_IA_K18D-19A,5,57
SE190369,Hoàng Ngọc Mai,ojt.synthetic.se190369@gmail.com,K19,Công nghệ thông tin,Trí tuệ nhân tạo,BIT_AI_K19B,5,60
SE190370,Huỳnh Anh Tuấn,ojt.synthetic.se190370@gmail.com,K19,Công nghệ thông tin,Hệ thống thông tin,BIT_IS_K19C,4,45
SE190371,Phạm Thanh Tâm,ojt.synthetic.se190371@gmail.com,K19,Công nghệ thông tin,Hệ thống thông tin,BIT_IS_K19D-20A,4,42
SE190372,Võ Hải Nam,ojt.synthetic.se190372@gmail.com,K19,Công nghệ thông tin,Trí tuệ nhân tạo,BIT_AI_K18D-19A,5,60
SE190373,Bùi Đức Minh,ojt.synthetic.se190373@gmail.com,K19,Công nghệ thông tin,Kỹ thuật phần mềm,BIT_SE_K19B,5,60
SE190374,Lê Quang Huy,ojt.synthetic.se190374@gmail.com,K19,Công nghệ thông tin,An toàn thông tin,BIT_IA_K19C,4,45
SE190375,Phạm Quốc Bảo,ojt.synthetic.se190375@gmail.com,K19,Công nghệ thông tin,An toàn thông tin,BIT_IA_K19D-20A,4,45
SE190376,Phạm Tuấn Kiệt,ojt.synthetic.se190376@gmail.com,K19,Công nghệ thông tin,An toàn thông tin,BIT_IA_K18D-19A,5,60
SE190377,Phạm Hoàng Duy,ojt.synthetic.se190377@gmail.com,K19,Công nghệ thông tin,Trí tuệ nhân tạo,BIT_AI_K19B,5,51
SE190378,Lê Anh Tuấn,ojt.synthetic.se190378@gmail.com,K19,Công nghệ thông tin,An toàn thông tin,BIT_IA_K19C,4,45
SE190379,Huỳnh Bảo Ngọc,ojt.synthetic.se190379@gmail.com,K19,Công nghệ thông tin,Hệ thống thông tin,BIT_IS_K19D-20A,4,45
SE190380,Đặng Đức Minh,ojt.synthetic.se190380@gmail.com,K19,Công nghệ thông tin,Hệ thống thông tin,BIT_IS_K18D-19A,5,60
SE190381,Trần Thanh Tâm,ojt.synthetic.se190381@gmail.com,K19,Công nghệ thông tin,Trí tuệ nhân tạo,BIT_AI_K19B,5,60
SE190382,Phạm Trung Hiếu,ojt.synthetic.se190382@gmail.com,K19,Công nghệ thông tin,Hệ thống thông tin,BIT_IS_K19C,4,45
SE190383,Huỳnh Phương Thảo,ojt.synthetic.se190383@gmail.com,K19,Công nghệ thông tin,Trí tuệ nhân tạo,BIT_AI_K19D-20A,4,45
SE190384,Phan Anh Tuấn,ojt.synthetic.se190384@gmail.com,K19,Công nghệ thông tin,An toàn thông tin,BIT_IA_K18D-19A,5,57
SE190385,Võ Minh Anh,ojt.synthetic.se190385@gmail.com,K19,Công nghệ thông tin,Kỹ thuật phần mềm,BIT_SE_K19B,5,57
SE190386,Vũ Minh Quân,ojt.synthetic.se190386@gmail.com,K19,Công nghệ thông tin,Hệ thống thông tin,BIT_IS_K19C,4,45
SE190387,Võ Quốc Bảo,ojt.synthetic.se190387@gmail.com,K19,Công nghệ thông tin,Hệ thống thông tin,BIT_IS_K19D-20A,4,45
SE190388,Trần Gia Hân,ojt.synthetic.se190388@gmail.com,K19,Công nghệ thông tin,Kỹ thuật phần mềm,BIT_SE_K18D-19A,5,57
SE190389,Võ Minh Anh,ojt.synthetic.se190389@gmail.com,K19,Công nghệ thông tin,Hệ thống thông tin,BIT_IS_K19B,5,60
SE190390,Đỗ Gia Hân,ojt.synthetic.se190390@gmail.com,K19,Công nghệ thông tin,Hệ thống thông tin,BIT_IS_K19C,4,45
SE190391,Đỗ Quốc Bảo,ojt.synthetic.se190391@gmail.com,K19,Công nghệ thông tin,Hệ thống thông tin,BIT_IS_K19D-20A,4,45
SE190392,Hoàng Minh Anh,ojt.synthetic.se190392@gmail.com,K19,Công nghệ thông tin,Kỹ thuật phần mềm,BIT_SE_K18D-19A,5,60
SE190393,Hoàng Tuấn Kiệt,ojt.synthetic.se190393@gmail.com,K19,Công nghệ thông tin,Trí tuệ nhân tạo,BIT_AI_K19B,5,57
SE190394,Phạm Quang Huy,ojt.synthetic.se190394@gmail.com,K19,Công nghệ thông tin,An toàn thông tin,BIT_IA_K19C,4,42
SE190395,Trần Phương Thảo,ojt.synthetic.se190395@gmail.com,K19,Công nghệ thông tin,Kỹ thuật phần mềm,BIT_SE_K19D-20A,4,45
SE190396,Đặng Bảo Ngọc,ojt.synthetic.se190396@gmail.com,K19,Công nghệ thông tin,An toàn thông tin,BIT_IA_K18D-19A,5,60
SE190397,Lê Quang Huy,ojt.synthetic.se190397@gmail.com,K19,Công nghệ thông tin,Kỹ thuật phần mềm,BIT_SE_K19B,5,54
SE190398,Nguyễn Minh Anh,ojt.synthetic.se190398@gmail.com,K19,Công nghệ thông tin,Kỹ thuật phần mềm,BIT_SE_K19C,4,42
SE190399,Võ Minh Anh,ojt.synthetic.se190399@gmail.com,K19,Công nghệ thông tin,An toàn thông tin,BIT_IA_K19D-20A,4,45
SE190400,Nguyễn Minh Quân,ojt.synthetic.se190400@gmail.com,K19,Công nghệ thông tin,An toàn thông tin,BIT_IA_K18D-19A,5,60
SE190401,Võ Hải Nam,ojt.synthetic.se190401@gmail.com,K19,Công nghệ thông tin,Kỹ thuật phần mềm,BIT_SE_K19B,5,60
SE190402,Vũ Bảo Ngọc,ojt.synthetic.se190402@gmail.com,K19,Công nghệ thông tin,Trí tuệ nhân tạo,BIT_AI_K19C,4,42
SE190403,Lê Trung Hiếu,ojt.synthetic.se190403@gmail.com,K19,Công nghệ thông tin,Trí tuệ nhân tạo,BIT_AI_K19D-20A,4,45
SE190404,Phạm Gia Hân,ojt.synthetic.se190404@gmail.com,K19,Công nghệ thông tin,An toàn thông tin,BIT_IA_K18D-19A,5,60
SE190405,Võ Đức Minh,ojt.synthetic.se190405@gmail.com,K19,Công nghệ thông tin,Trí tuệ nhân tạo,BIT_AI_K19B,5,51
SE190406,Đặng Tuấn Kiệt,ojt.synthetic.se190406@gmail.com,K19,Công nghệ thông tin,Hệ thống thông tin,BIT_IS_K19C,4,45
SE190407,Nguyễn Tuấn Kiệt,ojt.synthetic.se190407@gmail.com,K19,Công nghệ thông tin,Kỹ thuật phần mềm,BIT_SE_K19D-20A,4,45
SE190408,Phạm Phương Thảo,ojt.synthetic.se190408@gmail.com,K19,Công nghệ thông tin,An toàn thông tin,BIT_IA_K18D-19A,5,60
SE190409,Đỗ Tuấn Kiệt,ojt.synthetic.se190409@gmail.com,K19,Công nghệ thông tin,An toàn thông tin,BIT_IA_K19B,5,60
SE190410,Vũ Anh Tuấn,ojt.synthetic.se190410@gmail.com,K19,Công nghệ thông tin,Kỹ thuật phần mềm,BIT_SE_K19C,4,45
SE190411,Đặng Khánh Linh,ojt.synthetic.se190411@gmail.com,K19,Công nghệ thông tin,Trí tuệ nhân tạo,BIT_AI_K19D-20A,4,42
SE190412,Phan Minh Quân,ojt.synthetic.se190412@gmail.com,K19,Công nghệ thông tin,An toàn thông tin,BIT_IA_K18D-19A,5,60
SE190413,Phan Bảo Ngọc,ojt.synthetic.se190413@gmail.com,K19,Công nghệ thông tin,Hệ thống thông tin,BIT_IS_K19B,5,54
SE190414,Bùi Minh Quân,ojt.synthetic.se190414@gmail.com,K19,Công nghệ thông tin,Kỹ thuật phần mềm,BIT_SE_K19C,4,45
SE190415,Vũ Ngọc Mai,ojt.synthetic.se190415@gmail.com,K19,Công nghệ thông tin,An toàn thông tin,BIT_IA_K19D-20A,4,45
SE190416,Phạm Trung Hiếu,ojt.synthetic.se190416@gmail.com,K19,Công nghệ thông tin,Hệ thống thông tin,BIT_IS_K18D-19A,5,57
SE190417,Nguyễn Ngọc Mai,ojt.synthetic.se190417@gmail.com,K19,Công nghệ thông tin,Kỹ thuật phần mềm,BIT_SE_K19B,5,60
SE190418,Nguyễn Tuấn Kiệt,ojt.synthetic.se190418@gmail.com,K19,Công nghệ thông tin,Trí tuệ nhân tạo,BIT_AI_K19C,4,45
SE190419,Đặng Đức Minh,ojt.synthetic.se190419@gmail.com,K19,Công nghệ thông tin,An toàn thông tin,BIT_IA_K19D-20A,4,45
SE190420,Phạm Minh Quân,ojt.synthetic.se190420@gmail.com,K19,Công nghệ thông tin,Kỹ thuật phần mềm,BIT_SE_K18D-19A,5,60
SE190421,Phan Bảo Ngọc,ojt.synthetic.se190421@gmail.com,K19,Công nghệ thông tin,Trí tuệ nhân tạo,BIT_AI_K19B,5,60
SE190422,Nguyễn Minh Quân,ojt.synthetic.se190422@gmail.com,K19,Công nghệ thông tin,Trí tuệ nhân tạo,BIT_AI_K19C,4,45
SE190423,Phạm Hoàng Duy,ojt.synthetic.se190423@gmail.com,K19,Công nghệ thông tin,Hệ thống thông tin,BIT_IS_K19D-20A,4,45
SE190424,Đỗ Gia Hân,ojt.synthetic.se190424@gmail.com,K19,Công nghệ thông tin,Trí tuệ nhân tạo,BIT_AI_K18D-19A,5,60
SE190425,Lê Hoàng Duy,ojt.synthetic.se190425@gmail.com,K19,Công nghệ thông tin,An toàn thông tin,BIT_IA_K19B,5,57
SE190426,Lê Thanh Tâm,ojt.synthetic.se190426@gmail.com,K19,Công nghệ thông tin,An toàn thông tin,BIT_IA_K19C,4,45
SE190427,Võ Thanh Tâm,ojt.synthetic.se190427@gmail.com,K19,Công nghệ thông tin,Trí tuệ nhân tạo,BIT_AI_K19D-20A,4,42
SE190428,Huỳnh Thanh Tâm,ojt.synthetic.se190428@gmail.com,K19,Công nghệ thông tin,Trí tuệ nhân tạo,BIT_AI_K18D-19A,5,60
SE190429,Bùi Anh Tuấn,ojt.synthetic.se190429@gmail.com,K19,Công nghệ thông tin,Kỹ thuật phần mềm,BIT_SE_K19B,5,60
SE190430,Đặng Phương Thảo,ojt.synthetic.se190430@gmail.com,K19,Công nghệ thông tin,Trí tuệ nhân tạo,BIT_AI_K19C,4,45
SE190431,Võ Trung Hiếu,ojt.synthetic.se190431@gmail.com,K19,Công nghệ thông tin,An toàn thông tin,BIT_IA_K19D-20A,4,45
SE190432,Vũ Khánh Linh,ojt.synthetic.se190432@gmail.com,K19,Công nghệ thông tin,An toàn thông tin,BIT_IA_K18D-19A,5,60
SE190433,Vũ Thanh Tâm,ojt.synthetic.se190433@gmail.com,K19,Công nghệ thông tin,Trí tuệ nhân tạo,BIT_AI_K19B,5,60
SE190434,Đặng Minh Anh,ojt.synthetic.se190434@gmail.com,K19,Công nghệ thông tin,An toàn thông tin,BIT_IA_K19C,4,45
SE190435,Đặng Quốc Bảo,ojt.synthetic.se190435@gmail.com,K19,Công nghệ thông tin,Hệ thống thông tin,BIT_IS_K19D-20A,4,45
SE190436,Vũ Quang Huy,ojt.synthetic.se190436@gmail.com,K19,Công nghệ thông tin,Trí tuệ nhân tạo,BIT_AI_K18D-19A,5,60
SE190437,Lê Bảo Ngọc,ojt.synthetic.se190437@gmail.com,K19,Công nghệ thông tin,Trí tuệ nhân tạo,BIT_AI_K19B,5,60
SE190438,Đặng Minh Quân,ojt.synthetic.se190438@gmail.com,K19,Công nghệ thông tin,Trí tuệ nhân tạo,BIT_AI_K19C,4,39
SE190439,Đỗ Quốc Bảo,ojt.synthetic.se190439@gmail.com,K19,Công nghệ thông tin,Hệ thống thông tin,BIT_IS_K19D-20A,4,45
SE190440,Đặng Quốc Bảo,ojt.synthetic.se190440@gmail.com,K19,Công nghệ thông tin,Hệ thống thông tin,BIT_IS_K18D-19A,5,60
SE190441,Huỳnh Hải Nam,ojt.synthetic.se190441@gmail.com,K19,Công nghệ thông tin,Kỹ thuật phần mềm,BIT_SE_K19B,5,57
SE190442,Võ Gia Hân,ojt.synthetic.se190442@gmail.com,K19,Công nghệ thông tin,Trí tuệ nhân tạo,BIT_AI_K19C,4,45
SE190443,Phan Minh Quân,ojt.synthetic.se190443@gmail.com,K19,Công nghệ thông tin,An toàn thông tin,BIT_IA_K19D-20A,4,45
SE190444,Phạm Minh Quân,ojt.synthetic.se190444@gmail.com,K19,Công nghệ thông tin,Kỹ thuật phần mềm,BIT_SE_K18D-19A,5,57
SE190445,Phan Ngọc Mai,ojt.synthetic.se190445@gmail.com,K19,Công nghệ thông tin,An toàn thông tin,BIT_IA_K19B,5,57
SE190446,Phan Anh Tuấn,ojt.synthetic.se190446@gmail.com,K19,Công nghệ thông tin,An toàn thông tin,BIT_IA_K19C,4,45
SE190447,Trần Trung Hiếu,ojt.synthetic.se190447@gmail.com,K19,Công nghệ thông tin,Hệ thống thông tin,BIT_IS_K19D-20A,4,45
SE190448,Phan Bảo Ngọc,ojt.synthetic.se190448@gmail.com,K19,Công nghệ thông tin,Kỹ thuật phần mềm,BIT_SE_K18D-19A,5,60
SE190449,Hoàng Ngọc Mai,ojt.synthetic.se190449@gmail.com,K19,Công nghệ thông tin,Trí tuệ nhân tạo,BIT_AI_K19B,5,60
SE190450,Đỗ Thanh Tâm,ojt.synthetic.se190450@gmail.com,K19,Công nghệ thông tin,An toàn thông tin,BIT_IA_K19C,4,42
SE190451,Lê Quang Huy,ojt.synthetic.se190451@gmail.com,K19,Công nghệ thông tin,An toàn thông tin,BIT_IA_K19D-20A,4,45
SE190452,Huỳnh Trung Hiếu,ojt.synthetic.se190452@gmail.com,K19,Công nghệ thông tin,Hệ thống thông tin,BIT_IS_K18D-19A,5,60
SE190453,Đặng Quốc Bảo,ojt.synthetic.se190453@gmail.com,K19,Công nghệ thông tin,An toàn thông tin,BIT_IA_K19B,5,60
SE190454,Đặng Quốc Bảo,ojt.synthetic.se190454@gmail.com,K19,Công nghệ thông tin,An toàn thông tin,BIT_IA_K19C,4,45
SE190455,Nguyễn Ngọc Mai,ojt.synthetic.se190455@gmail.com,K19,Công nghệ thông tin,Hệ thống thông tin,BIT_IS_K19D-20A,4,42
SE190456,Võ Trung Hiếu,ojt.synthetic.se190456@gmail.com,K19,Công nghệ thông tin,Hệ thống thông tin,BIT_IS_K18D-19A,5,60
SE190457,Phạm Hải Nam,ojt.synthetic.se190457@gmail.com,K19,Công nghệ thông tin,Hệ thống thông tin,BIT_IS_K19B,5,51
SE190458,Hoàng Anh Tuấn,ojt.synthetic.se190458@gmail.com,K19,Công nghệ thông tin,Kỹ thuật phần mềm,BIT_SE_K19C,4,45
SE190459,Đỗ Tuấn Kiệt,ojt.synthetic.se190459@gmail.com,K19,Công nghệ thông tin,Trí tuệ nhân tạo,BIT_AI_K19D-20A,4,45
SE190460,Trần Trung Hiếu,ojt.synthetic.se190460@gmail.com,K19,Công nghệ thông tin,Trí tuệ nhân tạo,BIT_AI_K18D-19A,5,54
SE190461,Lê Minh Quân,ojt.synthetic.se190461@gmail.com,K19,Công nghệ thông tin,Kỹ thuật phần mềm,BIT_SE_K19B,5,57
SE190462,Huỳnh Hoàng Duy,ojt.synthetic.se190462@gmail.com,K19,Công nghệ thông tin,Hệ thống thông tin,BIT_IS_K19C,4,45
SE190463,Huỳnh Minh Anh,ojt.synthetic.se190463@gmail.com,K19,Công nghệ thông tin,Trí tuệ nhân tạo,BIT_AI_K19D-20A,4,42
SE190464,Trần Anh Tuấn,ojt.synthetic.se190464@gmail.com,K19,Công nghệ thông tin,Kỹ thuật phần mềm,BIT_SE_K18D-19A,5,60
SE190465,Võ Khánh Linh,ojt.synthetic.se190465@gmail.com,K19,Công nghệ thông tin,Hệ thống thông tin,BIT_IS_K19B,5,60
SE190466,Vũ Hải Nam,ojt.synthetic.se190466@gmail.com,K19,Công nghệ thông tin,Trí tuệ nhân tạo,BIT_AI_K19C,4,45
SE190467,Phạm Thanh Tâm,ojt.synthetic.se190467@gmail.com,K19,Công nghệ thông tin,Trí tuệ nhân tạo,BIT_AI_K19D-20A,4,42
SE190468,Nguyễn Anh Tuấn,ojt.synthetic.se190468@gmail.com,K19,Công nghệ thông tin,An toàn thông tin,BIT_IA_K18D-19A,5,57
SE190469,Bùi Quang Huy,ojt.synthetic.se190469@gmail.com,K19,Công nghệ thông tin,Kỹ thuật phần mềm,BIT_SE_K19B,5,60
SE190470,Võ Minh Quân,ojt.synthetic.se190470@gmail.com,K19,Công nghệ thông tin,Kỹ thuật phần mềm,BIT_SE_K19C,4,45
SE190471,Phan Minh Quân,ojt.synthetic.se190471@gmail.com,K19,Công nghệ thông tin,Kỹ thuật phần mềm,BIT_SE_K19D-20A,4,45
SE190472,Huỳnh Bảo Ngọc,ojt.synthetic.se190472@gmail.com,K19,Công nghệ thông tin,Kỹ thuật phần mềm,BIT_SE_K18D-19A,5,60
SE190473,Hoàng Minh Quân,ojt.synthetic.se190473@gmail.com,K19,Công nghệ thông tin,An toàn thông tin,BIT_IA_K19B,5,60
SE190474,Lê Trung Hiếu,ojt.synthetic.se190474@gmail.com,K19,Công nghệ thông tin,Trí tuệ nhân tạo,BIT_AI_K19C,4,42
SE190475,Nguyễn Quốc Bảo,ojt.synthetic.se190475@gmail.com,K19,Công nghệ thông tin,Kỹ thuật phần mềm,BIT_SE_K19D-20A,4,45
SE190476,Đặng Thanh Tâm,ojt.synthetic.se190476@gmail.com,K19,Công nghệ thông tin,Hệ thống thông tin,BIT_IS_K18D-19A,5,60
SE190477,Vũ Trung Hiếu,ojt.synthetic.se190477@gmail.com,K19,Công nghệ thông tin,Trí tuệ nhân tạo,BIT_AI_K19B,5,54
SE190478,Phạm Quang Huy,ojt.synthetic.se190478@gmail.com,K19,Công nghệ thông tin,Kỹ thuật phần mềm,BIT_SE_K19C,4,45
SE190479,Võ Hoàng Duy,ojt.synthetic.se190479@gmail.com,K19,Công nghệ thông tin,Kỹ thuật phần mềm,BIT_SE_K19D-20A,4,45
SE190480,Vũ Minh Quân,ojt.synthetic.se190480@gmail.com,K19,Công nghệ thông tin,An toàn thông tin,BIT_IA_K18D-19A,5,57
SE190481,Vũ Anh Tuấn,ojt.synthetic.se190481@gmail.com,K19,Công nghệ thông tin,An toàn thông tin,BIT_IA_K19B,5,60
SE190482,Hoàng Minh Quân,ojt.synthetic.se190482@gmail.com,K19,Công nghệ thông tin,Hệ thống thông tin,BIT_IS_K19C,4,45
SE190483,Đặng Gia Hân,ojt.synthetic.se190483@gmail.com,K19,Công nghệ thông tin,An toàn thông tin,BIT_IA_K19D-20A,4,45
SE190484,Võ Trung Hiếu,ojt.synthetic.se190484@gmail.com,K19,Công nghệ thông tin,Trí tuệ nhân tạo,BIT_AI_K18D-19A,5,60
SE190485,Bùi Quốc Bảo,ojt.synthetic.se190485@gmail.com,K19,Công nghệ thông tin,Kỹ thuật phần mềm,BIT_SE_K19B,5,54
SE190486,Huỳnh Minh Anh,ojt.synthetic.se190486@gmail.com,K19,Công nghệ thông tin,Kỹ thuật phần mềm,BIT_SE_K19C,4,36
SE190487,Phan Quốc Bảo,ojt.synthetic.se190487@gmail.com,K19,Công nghệ thông tin,Kỹ thuật phần mềm,BIT_SE_K19D-20A,4,45
SE190488,Đặng Hoàng Duy,ojt.synthetic.se190488@gmail.com,K19,Công nghệ thông tin,Kỹ thuật phần mềm,BIT_SE_K18D-19A,5,60
SE190489,Võ Trung Hiếu,ojt.synthetic.se190489@gmail.com,K19,Công nghệ thông tin,Trí tuệ nhân tạo,BIT_AI_K19B,5,60
SE190490,Trần Phương Thảo,ojt.synthetic.se190490@gmail.com,K19,Công nghệ thông tin,Trí tuệ nhân tạo,BIT_AI_K19C,4,36
SE190491,Vũ Anh Tuấn,ojt.synthetic.se190491@gmail.com,K19,Công nghệ thông tin,An toàn thông tin,BIT_IA_K19D-20A,4,42
SE190492,Huỳnh Minh Quân,ojt.synthetic.se190492@gmail.com,K19,Công nghệ thông tin,Trí tuệ nhân tạo,BIT_AI_K18D-19A,5,60
SE190493,Võ Thanh Tâm,ojt.synthetic.se190493@gmail.com,K19,Công nghệ thông tin,An toàn thông tin,BIT_IA_K19B,5,51
SE190494,Phan Tuấn Kiệt,ojt.synthetic.se190494@gmail.com,K19,Công nghệ thông tin,Hệ thống thông tin,BIT_IS_K19C,4,42
SE190495,Phan Quang Huy,ojt.synthetic.se190495@gmail.com,K19,Công nghệ thông tin,Hệ thống thông tin,BIT_IS_K19D-20A,4,45
SE190496,Võ Hải Nam,ojt.synthetic.se190496@gmail.com,K19,Công nghệ thông tin,Kỹ thuật phần mềm,BIT_SE_K18D-19A,5,54
SE190497,Lê Trung Hiếu,ojt.synthetic.se190497@gmail.com,K19,Công nghệ thông tin,An toàn thông tin,BIT_IA_K19B,5,57
SE190498,Phạm Hoàng Duy,ojt.synthetic.se190498@gmail.com,K19,Công nghệ thông tin,An toàn thông tin,BIT_IA_K19C,4,42
SE190499,Trần Quang Huy,ojt.synthetic.se190499@gmail.com,K19,Công nghệ thông tin,An toàn thông tin,BIT_IA_K19D-20A,4,42
SE190500,Lê Minh Quân,ojt.synthetic.se190500@gmail.com,K19,Công nghệ thông tin,Trí tuệ nhân tạo,BIT_AI_K18D-19A,5,57
SE190501,Hoàng Thanh Tâm,ojt.synthetic.se190501@gmail.com,K19,Công nghệ thông tin,Hệ thống thông tin,BIT_IS_K19B,5,60
SE190502,Hoàng Hoàng Duy,ojt.synthetic.se190502@gmail.com,K19,Công nghệ thông tin,An toàn thông tin,BIT_IA_K19C,4,45
SE190503,Bùi Khánh Linh,ojt.synthetic.se190503@gmail.com,K19,Công nghệ thông tin,Hệ thống thông tin,BIT_IS_K19D-20A,4,45
SE190504,Bùi Anh Tuấn,ojt.synthetic.se190504@gmail.com,K19,Công nghệ thông tin,Kỹ thuật phần mềm,BIT_SE_K18D-19A,5,60
SE190505,Nguyễn Tuấn Kiệt,ojt.synthetic.se190505@gmail.com,K19,Công nghệ thông tin,Hệ thống thông tin,BIT_IS_K19B,5,57
SE190506,Võ Gia Hân,ojt.synthetic.se190506@gmail.com,K19,Công nghệ thông tin,Hệ thống thông tin,BIT_IS_K19C,4,45
SE190507,Phạm Quốc Bảo,ojt.synthetic.se190507@gmail.com,K19,Công nghệ thông tin,Trí tuệ nhân tạo,BIT_AI_K19D-20A,4,45
SE190508,Đỗ Ngọc Mai,ojt.synthetic.se190508@gmail.com,K19,Công nghệ thông tin,Hệ thống thông tin,BIT_IS_K18D-19A,5,60
SE190509,Lê Trung Hiếu,ojt.synthetic.se190509@gmail.com,K19,Công nghệ thông tin,Hệ thống thông tin,BIT_IS_K19B,5,60
SE190510,Huỳnh Khánh Linh,ojt.synthetic.se190510@gmail.com,K19,Công nghệ thông tin,Kỹ thuật phần mềm,BIT_SE_K19C,4,36
SE190511,Bùi Bảo Ngọc,ojt.synthetic.se190511@gmail.com,K19,Công nghệ thông tin,An toàn thông tin,BIT_IA_K19D-20A,4,39
SE190512,Lê Gia Hân,ojt.synthetic.se190512@gmail.com,K19,Công nghệ thông tin,Hệ thống thông tin,BIT_IS_K18D-19A,5,60
SE190513,Đỗ Hoàng Duy,ojt.synthetic.se190513@gmail.com,K19,Công nghệ thông tin,Hệ thống thông tin,BIT_IS_K19B,5,60
SE190514,Hoàng Phương Thảo,ojt.synthetic.se190514@gmail.com,K19,Công nghệ thông tin,Hệ thống thông tin,BIT_IS_K19C,4,42
SE190515,Phạm Khánh Linh,ojt.synthetic.se190515@gmail.com,K19,Công nghệ thông tin,Trí tuệ nhân tạo,BIT_AI_K19D-20A,4,45
SE190516,Đặng Trung Hiếu,ojt.synthetic.se190516@gmail.com,K19,Công nghệ thông tin,Hệ thống thông tin,BIT_IS_K18D-19A,5,54
SE190517,Hoàng Đức Minh,ojt.synthetic.se190517@gmail.com,K19,Công nghệ thông tin,An toàn thông tin,BIT_IA_K19B,5,57
SE190518,Hoàng Ngọc Mai,ojt.synthetic.se190518@gmail.com,K19,Công nghệ thông tin,An toàn thông tin,BIT_IA_K19C,4,45
SE190519,Phan Đức Minh,ojt.synthetic.se190519@gmail.com,K19,Công nghệ thông tin,Kỹ thuật phần mềm,BIT_SE_K19D-20A,4,45
SE190520,Nguyễn Hoàng Duy,ojt.synthetic.se190520@gmail.com,K19,Công nghệ thông tin,Hệ thống thông tin,BIT_IS_K18D-19A,5,60
SE190521,Nguyễn Đức Minh,ojt.synthetic.se190521@gmail.com,K19,Công nghệ thông tin,An toàn thông tin,BIT_IA_K19B,5,54
SE190522,Võ Minh Anh,ojt.synthetic.se190522@gmail.com,K19,Công nghệ thông tin,Kỹ thuật phần mềm,BIT_SE_K19C,4,42
SE190523,Hoàng Quang Huy,ojt.synthetic.se190523@gmail.com,K19,Công nghệ thông tin,Kỹ thuật phần mềm,BIT_SE_K19D-20A,4,39
SE190524,Đặng Phương Thảo,ojt.synthetic.se190524@gmail.com,K19,Công nghệ thông tin,Trí tuệ nhân tạo,BIT_AI_K18D-19A,5,57
SE190525,Phan Ngọc Mai,ojt.synthetic.se190525@gmail.com,K19,Công nghệ thông tin,Trí tuệ nhân tạo,BIT_AI_K19B,5,60
SE190526,Vũ Thanh Tâm,ojt.synthetic.se190526@gmail.com,K19,Công nghệ thông tin,Trí tuệ nhân tạo,BIT_AI_K19C,4,39
SE190527,Bùi Hải Nam,ojt.synthetic.se190527@gmail.com,K19,Công nghệ thông tin,Hệ thống thông tin,BIT_IS_K19D-20A,4,36
SE190528,Hoàng Quốc Bảo,ojt.synthetic.se190528@gmail.com,K19,Công nghệ thông tin,Hệ thống thông tin,BIT_IS_K18D-19A,5,57
SE190529,Trần Bảo Ngọc,ojt.synthetic.se190529@gmail.com,K19,Công nghệ thông tin,Hệ thống thông tin,BIT_IS_K19B,5,54
SE190530,Huỳnh Thanh Tâm,ojt.synthetic.se190530@gmail.com,K19,Công nghệ thông tin,Trí tuệ nhân tạo,BIT_AI_K19C,4,45
SE190531,Phan Tuấn Kiệt,ojt.synthetic.se190531@gmail.com,K19,Công nghệ thông tin,An toàn thông tin,BIT_IA_K19D-20A,4,39
SE190532,Bùi Đức Minh,ojt.synthetic.se190532@gmail.com,K19,Công nghệ thông tin,Hệ thống thông tin,BIT_IS_K18D-19A,5,60
SE190533,Trần Minh Quân,ojt.synthetic.se190533@gmail.com,K19,Công nghệ thông tin,Hệ thống thông tin,BIT_IS_K19B,5,60
SE190534,Huỳnh Đức Minh,ojt.synthetic.se190534@gmail.com,K19,Công nghệ thông tin,Hệ thống thông tin,BIT_IS_K19C,4,39
SE190535,Huỳnh Bảo Ngọc,ojt.synthetic.se190535@gmail.com,K19,Công nghệ thông tin,Hệ thống thông tin,BIT_IS_K19D-20A,4,45
SE190536,Vũ Quang Huy,ojt.synthetic.se190536@gmail.com,K19,Công nghệ thông tin,An toàn thông tin,BIT_IA_K18D-19A,5,57
SE190537,Lê Ngọc Mai,ojt.synthetic.se190537@gmail.com,K19,Công nghệ thông tin,Trí tuệ nhân tạo,BIT_AI_K19B,5,60
SE190538,Trần Hoàng Duy,ojt.synthetic.se190538@gmail.com,K19,Công nghệ thông tin,Kỹ thuật phần mềm,BIT_SE_K19C,4,45
SE190539,Đặng Minh Quân,ojt.synthetic.se190539@gmail.com,K19,Công nghệ thông tin,Hệ thống thông tin,BIT_IS_K19D-20A,4,45
SE190540,Đỗ Minh Quân,ojt.synthetic.se190540@gmail.com,K19,Công nghệ thông tin,Trí tuệ nhân tạo,BIT_AI_K18D-19A,5,57
SE190541,Phan Ngọc Mai,ojt.synthetic.se190541@gmail.com,K19,Công nghệ thông tin,Kỹ thuật phần mềm,BIT_SE_K19B,5,60
SE190542,Đỗ Gia Hân,ojt.synthetic.se190542@gmail.com,K19,Công nghệ thông tin,Hệ thống thông tin,BIT_IS_K19C,4,45
SE190543,Nguyễn Thanh Tâm,ojt.synthetic.se190543@gmail.com,K19,Công nghệ thông tin,Kỹ thuật phần mềm,BIT_SE_K19D-20A,4,42
SE190544,Đỗ Hải Nam,ojt.synthetic.se190544@gmail.com,K19,Công nghệ thông tin,Hệ thống thông tin,BIT_IS_K18D-19A,5,60
SE190545,Phạm Đức Minh,ojt.synthetic.se190545@gmail.com,K19,Công nghệ thông tin,Kỹ thuật phần mềm,BIT_SE_K19B,5,51
SE190546,Vũ Tuấn Kiệt,ojt.synthetic.se190546@gmail.com,K19,Công nghệ thông tin,Trí tuệ nhân tạo,BIT_AI_K19C,4,45
SE190547,Hoàng Minh Quân,ojt.synthetic.se190547@gmail.com,K19,Công nghệ thông tin,Trí tuệ nhân tạo,BIT_AI_K19D-20A,4,45
SE190548,Vũ Gia Hân,ojt.synthetic.se190548@gmail.com,K19,Công nghệ thông tin,Trí tuệ nhân tạo,BIT_AI_K18D-19A,5,60
SE190549,Đỗ Hải Nam,ojt.synthetic.se190549@gmail.com,K19,Công nghệ thông tin,An toàn thông tin,BIT_IA_K19B,5,60
SE190550,Phạm Quốc Bảo,ojt.synthetic.se190550@gmail.com,K19,Công nghệ thông tin,An toàn thông tin,BIT_IA_K19C,4,45
SE190551,Nguyễn Hoàng Duy,ojt.synthetic.se190551@gmail.com,K19,Công nghệ thông tin,An toàn thông tin,BIT_IA_K19D-20A,4,45
SE190552,Bùi Ngọc Mai,ojt.synthetic.se190552@gmail.com,K19,Công nghệ thông tin,Trí tuệ nhân tạo,BIT_AI_K18D-19A,5,60
SE190553,Lê Đức Minh,ojt.synthetic.se190553@gmail.com,K19,Công nghệ thông tin,Kỹ thuật phần mềm,BIT_SE_K19B,5,60
SE190554,Đặng Bảo Ngọc,ojt.synthetic.se190554@gmail.com,K19,Công nghệ thông tin,Kỹ thuật phần mềm,BIT_SE_K19C,4,45
SE190555,Phan Trung Hiếu,ojt.synthetic.se190555@gmail.com,K19,Công nghệ thông tin,An toàn thông tin,BIT_IA_K19D-20A,4,45
SE190556,Đặng Quang Huy,ojt.synthetic.se190556@gmail.com,K19,Công nghệ thông tin,Kỹ thuật phần mềm,BIT_SE_K18D-19A,5,60
SE190557,Võ Hoàng Duy,ojt.synthetic.se190557@gmail.com,K19,Công nghệ thông tin,Hệ thống thông tin,BIT_IS_K19B,5,60
SE190558,Võ Minh Quân,ojt.synthetic.se190558@gmail.com,K19,Công nghệ thông tin,An toàn thông tin,BIT_IA_K19C,4,45
SE190559,Võ Ngọc Mai,ojt.synthetic.se190559@gmail.com,K19,Công nghệ thông tin,Kỹ thuật phần mềm,BIT_SE_K19D-20A,4,45
SE190560,Hoàng Minh Anh,ojt.synthetic.se190560@gmail.com,K19,Công nghệ thông tin,Trí tuệ nhân tạo,BIT_AI_K18D-19A,5,60
SE190561,Đỗ Phương Thảo,ojt.synthetic.se190561@gmail.com,K19,Công nghệ thông tin,Trí tuệ nhân tạo,BIT_AI_K19B,5,60
SE190562,Võ Ngọc Mai,ojt.synthetic.se190562@gmail.com,K19,Công nghệ thông tin,Hệ thống thông tin,BIT_IS_K19C,4,45
SE190563,Nguyễn Đức Minh,ojt.synthetic.se190563@gmail.com,K19,Công nghệ thông tin,Hệ thống thông tin,BIT_IS_K19D-20A,4,42
SE190564,Phan Đức Minh,ojt.synthetic.se190564@gmail.com,K19,Công nghệ thông tin,Kỹ thuật phần mềm,BIT_SE_K18D-19A,5,60
SE190565,Phạm Minh Quân,ojt.synthetic.se190565@gmail.com,K19,Công nghệ thông tin,Trí tuệ nhân tạo,BIT_AI_K19B,5,51
SE190566,Phan Hoàng Duy,ojt.synthetic.se190566@gmail.com,K19,Công nghệ thông tin,An toàn thông tin,BIT_IA_K19C,4,45
SE190567,Hoàng Gia Hân,ojt.synthetic.se190567@gmail.com,K19,Công nghệ thông tin,Kỹ thuật phần mềm,BIT_SE_K19D-20A,4,42
SE190568,Nguyễn Minh Quân,ojt.synthetic.se190568@gmail.com,K19,Công nghệ thông tin,Hệ thống thông tin,BIT_IS_K18D-19A,5,57
SE190569,Lê Trung Hiếu,ojt.synthetic.se190569@gmail.com,K19,Công nghệ thông tin,Hệ thống thông tin,BIT_IS_K19B,5,60
SE190570,Nguyễn Hoàng Duy,ojt.synthetic.se190570@gmail.com,K19,Công nghệ thông tin,An toàn thông tin,BIT_IA_K19C,4,42
SE190571,Đặng Phương Thảo,ojt.synthetic.se190571@gmail.com,K19,Công nghệ thông tin,Kỹ thuật phần mềm,BIT_SE_K19D-20A,4,45
SE190572,Huỳnh Quang Huy,ojt.synthetic.se190572@gmail.com,K19,Công nghệ thông tin,Hệ thống thông tin,BIT_IS_K18D-19A,5,57
SE190573,Vũ Quang Huy,ojt.synthetic.se190573@gmail.com,K19,Công nghệ thông tin,Trí tuệ nhân tạo,BIT_AI_K19B,5,60
SE190574,Nguyễn Phương Thảo,ojt.synthetic.se190574@gmail.com,K19,Công nghệ thông tin,Hệ thống thông tin,BIT_IS_K19C,4,45
SE190575,Lê Quốc Bảo,ojt.synthetic.se190575@gmail.com,K19,Công nghệ thông tin,Hệ thống thông tin,BIT_IS_K19D-20A,4,45
SE190576,Nguyễn Hải Nam,ojt.synthetic.se190576@gmail.com,K19,Công nghệ thông tin,Kỹ thuật phần mềm,BIT_SE_K18D-19A,5,54
SE190577,Đỗ Hoàng Duy,ojt.synthetic.se190577@gmail.com,K19,Công nghệ thông tin,Trí tuệ nhân tạo,BIT_AI_K19B,5,60
SE190578,Đặng Minh Anh,ojt.synthetic.se190578@gmail.com,K19,Công nghệ thông tin,Kỹ thuật phần mềm,BIT_SE_K19C,4,45
SE190579,Lê Ngọc Mai,ojt.synthetic.se190579@gmail.com,K19,Công nghệ thông tin,An toàn thông tin,BIT_IA_K19D-20A,4,45
SE190580,Võ Hải Nam,ojt.synthetic.se190580@gmail.com,K19,Công nghệ thông tin,Trí tuệ nhân tạo,BIT_AI_K18D-19A,5,57
SE190581,Võ Tuấn Kiệt,ojt.synthetic.se190581@gmail.com,K19,Công nghệ thông tin,Trí tuệ nhân tạo,BIT_AI_K19B,5,60
SE190582,Phan Phương Thảo,ojt.synthetic.se190582@gmail.com,K19,Công nghệ thông tin,An toàn thông tin,BIT_IA_K19C,4,45
SE190583,Lê Phương Thảo,ojt.synthetic.se190583@gmail.com,K19,Công nghệ thông tin,An toàn thông tin,BIT_IA_K19D-20A,4,39
SE190584,Lê Ngọc Mai,ojt.synthetic.se190584@gmail.com,K19,Công nghệ thông tin,Trí tuệ nhân tạo,BIT_AI_K18D-19A,5,60
SE190585,Phan Trung Hiếu,ojt.synthetic.se190585@gmail.com,K19,Công nghệ thông tin,An toàn thông tin,BIT_IA_K19B,5,60
SE190586,Trần Ngọc Mai,ojt.synthetic.se190586@gmail.com,K19,Công nghệ thông tin,Hệ thống thông tin,BIT_IS_K19C,4,45
SE190587,Trần Quốc Bảo,ojt.synthetic.se190587@gmail.com,K19,Công nghệ thông tin,Hệ thống thông tin,BIT_IS_K19D-20A,4,39
SE190588,Phan Minh Anh,ojt.synthetic.se190588@gmail.com,K19,Công nghệ thông tin,Hệ thống thông tin,BIT_IS_K18D-19A,5,57
SE190589,Phạm Minh Anh,ojt.synthetic.se190589@gmail.com,K19,Công nghệ thông tin,Kỹ thuật phần mềm,BIT_SE_K19B,5,60
SE190590,Phan Gia Hân,ojt.synthetic.se190590@gmail.com,K19,Công nghệ thông tin,Hệ thống thông tin,BIT_IS_K19C,4,36
SE190591,Vũ Tuấn Kiệt,ojt.synthetic.se190591@gmail.com,K19,Công nghệ thông tin,Trí tuệ nhân tạo,BIT_AI_K19D-20A,4,42
SE190592,Võ Khánh Linh,ojt.synthetic.se190592@gmail.com,K19,Công nghệ thông tin,Hệ thống thông tin,BIT_IS_K18D-19A,5,57
SE190593,Phạm Thanh Tâm,ojt.synthetic.se190593@gmail.com,K19,Công nghệ thông tin,Kỹ thuật phần mềm,BIT_SE_K19B,5,57
SE190594,Trần Ngọc Mai,ojt.synthetic.se190594@gmail.com,K19,Công nghệ thông tin,An toàn thông tin,BIT_IA_K19C,4,45
SE190595,Phạm Phương Thảo,ojt.synthetic.se190595@gmail.com,K19,Công nghệ thông tin,Trí tuệ nhân tạo,BIT_AI_K19D-20A,4,36
SE190596,Huỳnh Gia Hân,ojt.synthetic.se190596@gmail.com,K19,Công nghệ thông tin,Hệ thống thông tin,BIT_IS_K18D-19A,5,60
SE190597,Hoàng Hoàng Duy,ojt.synthetic.se190597@gmail.com,K19,Công nghệ thông tin,An toàn thông tin,BIT_IA_K19B,5,60
SE190598,Võ Bảo Ngọc,ojt.synthetic.se190598@gmail.com,K19,Công nghệ thông tin,Kỹ thuật phần mềm,BIT_SE_K19C,4,45
SE190599,Bùi Hoàng Duy,ojt.synthetic.se190599@gmail.com,K19,Công nghệ thông tin,Kỹ thuật phần mềm,BIT_SE_K19D-20A,4,45
SE190600,Lê Trung Hiếu,ojt.synthetic.se190600@gmail.com,K19,Công nghệ thông tin,An toàn thông tin,BIT_IA_K18D-19A,5,60
SE190601,Bùi Thanh Tâm,ojt.synthetic.se190601@gmail.com,K19,Công nghệ thông tin,Kỹ thuật phần mềm,BIT_SE_K19B,5,57
SE190602,Đặng Minh Quân,ojt.synthetic.se190602@gmail.com,K19,Công nghệ thông tin,Hệ thống thông tin,BIT_IS_K19C,4,45
SE190603,Đỗ Ngọc Mai,ojt.synthetic.se190603@gmail.com,K19,Công nghệ thông tin,Kỹ thuật phần mềm,BIT_SE_K19D-20A,4,45
SE190604,Võ Quang Huy,ojt.synthetic.se190604@gmail.com,K19,Công nghệ thông tin,An toàn thông tin,BIT_IA_K18D-19A,5,54
SE190605,Lê Minh Anh,ojt.synthetic.se190605@gmail.com,K19,Công nghệ thông tin,Hệ thống thông tin,BIT_IS_K19B,5,60
SE190606,Trần Trung Hiếu,ojt.synthetic.se190606@gmail.com,K19,Công nghệ thông tin,Trí tuệ nhân tạo,BIT_AI_K19C,4,45
SE190607,Đặng Quang Huy,ojt.synthetic.se190607@gmail.com,K19,Công nghệ thông tin,An toàn thông tin,BIT_IA_K19D-20A,4,42
SE190608,Nguyễn Hoàng Duy,ojt.synthetic.se190608@gmail.com,K19,Công nghệ thông tin,An toàn thông tin,BIT_IA_K18D-19A,5,60
SE190609,Bùi Tuấn Kiệt,ojt.synthetic.se190609@gmail.com,K19,Công nghệ thông tin,Kỹ thuật phần mềm,BIT_SE_K19B,5,60
SE190610,Đỗ Quang Huy,ojt.synthetic.se190610@gmail.com,K19,Công nghệ thông tin,Hệ thống thông tin,BIT_IS_K19C,4,45
SE190611,Đặng Minh Anh,ojt.synthetic.se190611@gmail.com,K19,Công nghệ thông tin,Kỹ thuật phần mềm,BIT_SE_K19D-20A,4,45
SE190612,Phan Trung Hiếu,ojt.synthetic.se190612@gmail.com,K19,Công nghệ thông tin,Trí tuệ nhân tạo,BIT_AI_K18D-19A,5,57
SE190613,Trần Hải Nam,ojt.synthetic.se190613@gmail.com,K19,Công nghệ thông tin,Kỹ thuật phần mềm,BIT_SE_K19B,5,60
SE190614,Lê Hải Nam,ojt.synthetic.se190614@gmail.com,K19,Công nghệ thông tin,Trí tuệ nhân tạo,BIT_AI_K19C,4,45
SE190615,Đặng Anh Tuấn,ojt.synthetic.se190615@gmail.com,K19,Công nghệ thông tin,Kỹ thuật phần mềm,BIT_SE_K19D-20A,4,45
SE190616,Đặng Bảo Ngọc,ojt.synthetic.se190616@gmail.com,K19,Công nghệ thông tin,Kỹ thuật phần mềm,BIT_SE_K18D-19A,5,60
SE190617,Trần Anh Tuấn,ojt.synthetic.se190617@gmail.com,K19,Công nghệ thông tin,Trí tuệ nhân tạo,BIT_AI_K19B,5,51
SE190618,Võ Hải Nam,ojt.synthetic.se190618@gmail.com,K19,Công nghệ thông tin,Kỹ thuật phần mềm,BIT_SE_K19C,4,42
SE190619,Đỗ Quang Huy,ojt.synthetic.se190619@gmail.com,K19,Công nghệ thông tin,Kỹ thuật phần mềm,BIT_SE_K19D-20A,4,45
SE190620,Huỳnh Ngọc Mai,ojt.synthetic.se190620@gmail.com,K19,Công nghệ thông tin,Kỹ thuật phần mềm,BIT_SE_K18D-19A,5,57
SE190621,Vũ Minh Anh,ojt.synthetic.se190621@gmail.com,K19,Công nghệ thông tin,Hệ thống thông tin,BIT_IS_K19B,5,60
SE190622,Võ Ngọc Mai,ojt.synthetic.se190622@gmail.com,K19,Công nghệ thông tin,Kỹ thuật phần mềm,BIT_SE_K19C,4,42
SE190623,Bùi Minh Quân,ojt.synthetic.se190623@gmail.com,K19,Công nghệ thông tin,Trí tuệ nhân tạo,BIT_AI_K19D-20A,4,45
SE190624,Đỗ Minh Anh,ojt.synthetic.se190624@gmail.com,K19,Công nghệ thông tin,Kỹ thuật phần mềm,BIT_SE_K18D-19A,5,57
SE190625,Nguyễn Bảo Ngọc,ojt.synthetic.se190625@gmail.com,K19,Công nghệ thông tin,Kỹ thuật phần mềm,BIT_SE_K19B,5,60
SE190626,Phan Trung Hiếu,ojt.synthetic.se190626@gmail.com,K19,Công nghệ thông tin,Hệ thống thông tin,BIT_IS_K19C,4,42
SE190627,Đặng Quốc Bảo,ojt.synthetic.se190627@gmail.com,K19,Công nghệ thông tin,An toàn thông tin,BIT_IA_K19D-20A,4,39
SE190628,Bùi Quang Huy,ojt.synthetic.se190628@gmail.com,K19,Công nghệ thông tin,Hệ thống thông tin,BIT_IS_K18D-19A,5,60
SE190629,Hoàng Minh Anh,ojt.synthetic.se190629@gmail.com,K19,Công nghệ thông tin,Hệ thống thông tin,BIT_IS_K19B,5,60
SE190630,Đỗ Thanh Tâm,ojt.synthetic.se190630@gmail.com,K19,Công nghệ thông tin,Hệ thống thông tin,BIT_IS_K19C,4,45
SE190631,Đặng Thanh Tâm,ojt.synthetic.se190631@gmail.com,K19,Công nghệ thông tin,An toàn thông tin,BIT_IA_K19D-20A,4,45
SE190632,Vũ Thanh Tâm,ojt.synthetic.se190632@gmail.com,K19,Công nghệ thông tin,Kỹ thuật phần mềm,BIT_SE_K18D-19A,5,60
SE190633,Phạm Minh Anh,ojt.synthetic.se190633@gmail.com,K19,Công nghệ thông tin,An toàn thông tin,BIT_IA_K19B,5,57
SE190634,Phan Tuấn Kiệt,ojt.synthetic.se190634@gmail.com,K19,Công nghệ thông tin,Trí tuệ nhân tạo,BIT_AI_K19C,4,45
SE190635,Đặng Hoàng Duy,ojt.synthetic.se190635@gmail.com,K19,Công nghệ thông tin,Hệ thống thông tin,BIT_IS_K19D-20A,4,42
SE190636,Nguyễn Anh Tuấn,ojt.synthetic.se190636@gmail.com,K19,Công nghệ thông tin,Kỹ thuật phần mềm,BIT_SE_K18D-19A,5,54
SE190637,Nguyễn Đức Minh,ojt.synthetic.se190637@gmail.com,K19,Công nghệ thông tin,Kỹ thuật phần mềm,BIT_SE_K19B,5,60
SE190638,Trần Thanh Tâm,ojt.synthetic.se190638@gmail.com,K19,Công nghệ thông tin,Trí tuệ nhân tạo,BIT_AI_K19C,4,45
SE190639,Lê Anh Tuấn,ojt.synthetic.se190639@gmail.com,K19,Công nghệ thông tin,Kỹ thuật phần mềm,BIT_SE_K19D-20A,4,45
SE190640,Đỗ Khánh Linh,ojt.synthetic.se190640@gmail.com,K19,Công nghệ thông tin,Kỹ thuật phần mềm,BIT_SE_K18D-19A,5,60
SE190641,Lê Quang Huy,ojt.synthetic.se190641@gmail.com,K19,Công nghệ thông tin,Hệ thống thông tin,BIT_IS_K19B,5,54
SE190642,Phạm Gia Hân,ojt.synthetic.se190642@gmail.com,K19,Công nghệ thông tin,Hệ thống thông tin,BIT_IS_K19C,4,36
SE190643,Phạm Đức Minh,ojt.synthetic.se190643@gmail.com,K19,Công nghệ thông tin,Trí tuệ nhân tạo,BIT_AI_K19D-20A,4,42
SE190644,Đỗ Gia Hân,ojt.synthetic.se190644@gmail.com,K19,Công nghệ thông tin,Trí tuệ nhân tạo,BIT_AI_K18D-19A,5,60
SE190645,Phan Trung Hiếu,ojt.synthetic.se190645@gmail.com,K19,Công nghệ thông tin,An toàn thông tin,BIT_IA_K19B,5,60
SE190646,Phan Quốc Bảo,ojt.synthetic.se190646@gmail.com,K19,Công nghệ thông tin,An toàn thông tin,BIT_IA_K19C,4,45
SE190647,Hoàng Khánh Linh,ojt.synthetic.se190647@gmail.com,K19,Công nghệ thông tin,Trí tuệ nhân tạo,BIT_AI_K19D-20A,4,39
SE190648,Võ Tuấn Kiệt,ojt.synthetic.se190648@gmail.com,K19,Công nghệ thông tin,Kỹ thuật phần mềm,BIT_SE_K18D-19A,5,60
SE190649,Bùi Thanh Tâm,ojt.synthetic.se190649@gmail.com,K19,Công nghệ thông tin,Hệ thống thông tin,BIT_IS_K19B,5,60
SE190650,Võ Đức Minh,ojt.synthetic.se190650@gmail.com,K19,Công nghệ thông tin,Kỹ thuật phần mềm,BIT_SE_K19C,4,45
SE190651,Lê Khánh Linh,ojt.synthetic.se190651@gmail.com,K19,Công nghệ thông tin,Kỹ thuật phần mềm,BIT_SE_K19D-20A,4,45
SE190652,Nguyễn Trung Hiếu,ojt.synthetic.se190652@gmail.com,K19,Công nghệ thông tin,Kỹ thuật phần mềm,BIT_SE_K18D-19A,5,60
SE190653,Đỗ Bảo Ngọc,ojt.synthetic.se190653@gmail.com,K19,Công nghệ thông tin,Hệ thống thông tin,BIT_IS_K19B,5,60
SE190654,Hoàng Anh Tuấn,ojt.synthetic.se190654@gmail.com,K19,Công nghệ thông tin,Trí tuệ nhân tạo,BIT_AI_K19C,4,45
SE190655,Nguyễn Minh Anh,ojt.synthetic.se190655@gmail.com,K19,Công nghệ thông tin,Kỹ thuật phần mềm,BIT_SE_K19D-20A,4,42
SE190656,Phạm Bảo Ngọc,ojt.synthetic.se190656@gmail.com,K19,Công nghệ thông tin,Trí tuệ nhân tạo,BIT_AI_K18D-19A,5,60
SE190657,Vũ Thanh Tâm,ojt.synthetic.se190657@gmail.com,K19,Công nghệ thông tin,An toàn thông tin,BIT_IA_K19B,5,57
SE190658,Phan Bảo Ngọc,ojt.synthetic.se190658@gmail.com,K19,Công nghệ thông tin,An toàn thông tin,BIT_IA_K19C,4,36
SE190659,Phan Bảo Ngọc,ojt.synthetic.se190659@gmail.com,K19,Công nghệ thông tin,Kỹ thuật phần mềm,BIT_SE_K19D-20A,4,45
SE190660,Võ Đức Minh,ojt.synthetic.se190660@gmail.com,K19,Công nghệ thông tin,An toàn thông tin,BIT_IA_K18D-19A,5,54
SE190661,Hoàng Minh Quân,ojt.synthetic.se190661@gmail.com,K19,Công nghệ thông tin,Kỹ thuật phần mềm,BIT_SE_K19B,5,57
SE190662,Đỗ Phương Thảo,ojt.synthetic.se190662@gmail.com,K19,Công nghệ thông tin,Hệ thống thông tin,BIT_IS_K19C,4,45
SE190663,Phan Bảo Ngọc,ojt.synthetic.se190663@gmail.com,K19,Công nghệ thông tin,Kỹ thuật phần mềm,BIT_SE_K19D-20A,4,45
SE190664,Nguyễn Minh Quân,ojt.synthetic.se190664@gmail.com,K19,Công nghệ thông tin,Hệ thống thông tin,BIT_IS_K18D-19A,5,60
SE190665,Vũ Minh Anh,ojt.synthetic.se190665@gmail.com,K19,Công nghệ thông tin,Kỹ thuật phần mềm,BIT_SE_K19B,5,57
SE190666,Nguyễn Thanh Tâm,ojt.synthetic.se190666@gmail.com,K19,Công nghệ thông tin,Trí tuệ nhân tạo,BIT_AI_K19C,4,39
SE200000,Nguyễn Minh Quân,ojt.synthetic.se200667@gmail.com,K20,Công nghệ thông tin,An toàn thông tin,BIT_IA_K19D-20A,4,45
SE200001,Vũ Quốc Bảo,ojt.synthetic.se200668@gmail.com,K20,Công nghệ thông tin,Trí tuệ nhân tạo,BIT_AI_K20B,3,27
SE200002,Phạm Thanh Tâm,ojt.synthetic.se200669@gmail.com,K20,Công nghệ thông tin,Trí tuệ nhân tạo,BIT_AI_K20C,3,30
SE200003,Vũ Hải Nam,ojt.synthetic.se200670@gmail.com,K20,Công nghệ thông tin,Trí tuệ nhân tạo,BIT_AI_K20D-21A,2,15
SE200004,Phạm Gia Hân,ojt.synthetic.se200671@gmail.com,K20,Công nghệ thông tin,Hệ thống thông tin,BIT_IS_K19D-20A,4,42
SE200005,Huỳnh Minh Anh,ojt.synthetic.se200672@gmail.com,K20,Công nghệ thông tin,Hệ thống thông tin,BIT_IS_K20B,3,30
SE200006,Phạm Quốc Bảo,ojt.synthetic.se200673@gmail.com,K20,Công nghệ thông tin,Kỹ thuật phần mềm,BIT_SE_K20C,3,27
SE200007,Hoàng Phương Thảo,ojt.synthetic.se200674@gmail.com,K20,Công nghệ thông tin,Kỹ thuật phần mềm,BIT_SE_K20D-21A,2,12
SE200008,Huỳnh Minh Quân,ojt.synthetic.se200675@gmail.com,K20,Công nghệ thông tin,Trí tuệ nhân tạo,BIT_AI_K19D-20A,4,45
SE200009,Trần Ngọc Mai,ojt.synthetic.se200676@gmail.com,K20,Công nghệ thông tin,Hệ thống thông tin,BIT_IS_K20B,3,30
SE200010,Hoàng Bảo Ngọc,ojt.synthetic.se200677@gmail.com,K20,Công nghệ thông tin,An toàn thông tin,BIT_IA_K20C,3,30
SE200011,Bùi Anh Tuấn,ojt.synthetic.se200678@gmail.com,K20,Công nghệ thông tin,Trí tuệ nhân tạo,BIT_AI_K20D-21A,2,12
SE200012,Hoàng Anh Tuấn,ojt.synthetic.se200679@gmail.com,K20,Công nghệ thông tin,Kỹ thuật phần mềm,BIT_SE_K19D-20A,4,45
SE200013,Phạm Thanh Tâm,ojt.synthetic.se200680@gmail.com,K20,Công nghệ thông tin,Trí tuệ nhân tạo,BIT_AI_K20B,3,30
SE200014,Đỗ Ngọc Mai,ojt.synthetic.se200681@gmail.com,K20,Công nghệ thông tin,Hệ thống thông tin,BIT_IS_K20C,3,27
SE200015,Lê Phương Thảo,ojt.synthetic.se200682@gmail.com,K20,Công nghệ thông tin,Hệ thống thông tin,BIT_IS_K20D-21A,2,15
SE200016,Huỳnh Gia Hân,ojt.synthetic.se200683@gmail.com,K20,Công nghệ thông tin,Kỹ thuật phần mềm,BIT_SE_K19D-20A,4,42
SE200017,Phan Anh Tuấn,ojt.synthetic.se200684@gmail.com,K20,Công nghệ thông tin,Kỹ thuật phần mềm,BIT_SE_K20B,3,24
SE200018,Võ Thanh Tâm,ojt.synthetic.se200685@gmail.com,K20,Công nghệ thông tin,Kỹ thuật phần mềm,BIT_SE_K20C,3,30
SE200019,Trần Hoàng Duy,ojt.synthetic.se200686@gmail.com,K20,Công nghệ thông tin,Kỹ thuật phần mềm,BIT_SE_K20D-21A,2,6
SE200020,Võ Hoàng Duy,ojt.synthetic.se200687@gmail.com,K20,Công nghệ thông tin,An toàn thông tin,BIT_IA_K19D-20A,4,45
SE200021,Hoàng Trung Hiếu,ojt.synthetic.se200688@gmail.com,K20,Công nghệ thông tin,Hệ thống thông tin,BIT_IS_K20B,3,30
SE200022,Bùi Đức Minh,ojt.synthetic.se200689@gmail.com,K20,Công nghệ thông tin,Trí tuệ nhân tạo,BIT_AI_K20C,3,30
SE200023,Phạm Minh Anh,ojt.synthetic.se200690@gmail.com,K20,Công nghệ thông tin,Trí tuệ nhân tạo,BIT_AI_K20D-21A,2,12
SE200024,Vũ Minh Anh,ojt.synthetic.se200691@gmail.com,K20,Công nghệ thông tin,Trí tuệ nhân tạo,BIT_AI_K19D-20A,4,45
SE200025,Lê Đức Minh,ojt.synthetic.se200692@gmail.com,K20,Công nghệ thông tin,Kỹ thuật phần mềm,BIT_SE_K20B,3,24
SE200026,Đỗ Gia Hân,ojt.synthetic.se200693@gmail.com,K20,Công nghệ thông tin,Trí tuệ nhân tạo,BIT_AI_K20C,3,30
SE200027,Võ Thanh Tâm,ojt.synthetic.se200694@gmail.com,K20,Công nghệ thông tin,Hệ thống thông tin,BIT_IS_K20D-21A,2,15
SE200028,Huỳnh Quang Huy,ojt.synthetic.se200695@gmail.com,K20,Công nghệ thông tin,Trí tuệ nhân tạo,BIT_AI_K19D-20A,4,42
SE200029,Phạm Gia Hân,ojt.synthetic.se200696@gmail.com,K20,Công nghệ thông tin,Trí tuệ nhân tạo,BIT_AI_K20B,3,30
SE200030,Nguyễn Trung Hiếu,ojt.synthetic.se200697@gmail.com,K20,Công nghệ thông tin,Trí tuệ nhân tạo,BIT_AI_K20C,3,30
SE200031,Nguyễn Minh Quân,ojt.synthetic.se200698@gmail.com,K20,Công nghệ thông tin,Hệ thống thông tin,BIT_IS_K20D-21A,2,12
SE200032,Hoàng Minh Quân,ojt.synthetic.se200699@gmail.com,K20,Công nghệ thông tin,Kỹ thuật phần mềm,BIT_SE_K19D-20A,4,36
SE200033,Nguyễn Khánh Linh,ojt.synthetic.se200700@gmail.com,K20,Công nghệ thông tin,An toàn thông tin,BIT_IA_K20B,3,21
SE200034,Đặng Hoàng Duy,ojt.synthetic.se200701@gmail.com,K20,Công nghệ thông tin,Hệ thống thông tin,BIT_IS_K20C,3,27
SE200035,Võ Tuấn Kiệt,ojt.synthetic.se200702@gmail.com,K20,Công nghệ thông tin,An toàn thông tin,BIT_IA_K20D-21A,2,12
SE200036,Lê Bảo Ngọc,ojt.synthetic.se200703@gmail.com,K20,Công nghệ thông tin,An toàn thông tin,BIT_IA_K19D-20A,4,45
SE200037,Bùi Hoàng Duy,ojt.synthetic.se200704@gmail.com,K20,Công nghệ thông tin,Kỹ thuật phần mềm,BIT_SE_K20B,3,27
SE200038,Võ Tuấn Kiệt,ojt.synthetic.se200705@gmail.com,K20,Công nghệ thông tin,Kỹ thuật phần mềm,BIT_SE_K20C,3,30
SE200039,Nguyễn Ngọc Mai,ojt.synthetic.se200706@gmail.com,K20,Công nghệ thông tin,Trí tuệ nhân tạo,BIT_AI_K20D-21A,2,9
SE200040,Lê Bảo Ngọc,ojt.synthetic.se200707@gmail.com,K20,Công nghệ thông tin,Kỹ thuật phần mềm,BIT_SE_K19D-20A,4,36
SE200041,Huỳnh Trung Hiếu,ojt.synthetic.se200708@gmail.com,K20,Công nghệ thông tin,Kỹ thuật phần mềm,BIT_SE_K20B,3,30
SE200042,Võ Bảo Ngọc,ojt.synthetic.se200709@gmail.com,K20,Công nghệ thông tin,An toàn thông tin,BIT_IA_K20C,3,30
SE200043,Bùi Quang Huy,ojt.synthetic.se200710@gmail.com,K20,Công nghệ thông tin,Kỹ thuật phần mềm,BIT_SE_K20D-21A,2,15
SE200044,Phạm Ngọc Mai,ojt.synthetic.se200711@gmail.com,K20,Công nghệ thông tin,An toàn thông tin,BIT_IA_K19D-20A,4,42
SE200045,Hoàng Ngọc Mai,ojt.synthetic.se200712@gmail.com,K20,Công nghệ thông tin,Hệ thống thông tin,BIT_IS_K20B,3,27
SE200046,Phan Phương Thảo,ojt.synthetic.se200713@gmail.com,K20,Công nghệ thông tin,An toàn thông tin,BIT_IA_K20C,3,24
SE200047,Nguyễn Hoàng Duy,ojt.synthetic.se200714@gmail.com,K20,Công nghệ thông tin,Kỹ thuật phần mềm,BIT_SE_K20D-21A,2,12
SE200048,Bùi Quốc Bảo,ojt.synthetic.se200715@gmail.com,K20,Công nghệ thông tin,Trí tuệ nhân tạo,BIT_AI_K19D-20A,4,45
SE200049,Võ Khánh Linh,ojt.synthetic.se200716@gmail.com,K20,Công nghệ thông tin,An toàn thông tin,BIT_IA_K20B,3,27
SE200050,Đỗ Trung Hiếu,ojt.synthetic.se200717@gmail.com,K20,Công nghệ thông tin,An toàn thông tin,BIT_IA_K20C,3,27
SE200051,Trần Quang Huy,ojt.synthetic.se200718@gmail.com,K20,Công nghệ thông tin,Kỹ thuật phần mềm,BIT_SE_K20D-21A,2,15
SE200052,Lê Đức Minh,ojt.synthetic.se200719@gmail.com,K20,Công nghệ thông tin,Trí tuệ nhân tạo,BIT_AI_K19D-20A,4,45
SE200053,Hoàng Minh Anh,ojt.synthetic.se200720@gmail.com,K20,Công nghệ thông tin,Hệ thống thông tin,BIT_IS_K20B,3,27
SE200054,Phạm Trung Hiếu,ojt.synthetic.se200721@gmail.com,K20,Công nghệ thông tin,Trí tuệ nhân tạo,BIT_AI_K20C,3,27
SE200055,Huỳnh Thanh Tâm,ojt.synthetic.se200722@gmail.com,K20,Công nghệ thông tin,Kỹ thuật phần mềm,BIT_SE_K20D-21A,2,6
SE200056,Đỗ Khánh Linh,ojt.synthetic.se200723@gmail.com,K20,Công nghệ thông tin,An toàn thông tin,BIT_IA_K19D-20A,4,45
SE200057,Trần Bảo Ngọc,ojt.synthetic.se200724@gmail.com,K20,Công nghệ thông tin,Kỹ thuật phần mềm,BIT_SE_K20B,3,24
SE200058,Vũ Gia Hân,ojt.synthetic.se200725@gmail.com,K20,Công nghệ thông tin,An toàn thông tin,BIT_IA_K20C,3,27
SE200059,Huỳnh Bảo Ngọc,ojt.synthetic.se200726@gmail.com,K20,Công nghệ thông tin,Kỹ thuật phần mềm,BIT_SE_K20D-21A,2,15
SE200060,Vũ Tuấn Kiệt,ojt.synthetic.se200727@gmail.com,K20,Công nghệ thông tin,Trí tuệ nhân tạo,BIT_AI_K19D-20A,4,45
SE200061,Bùi Tuấn Kiệt,ojt.synthetic.se200728@gmail.com,K20,Công nghệ thông tin,Kỹ thuật phần mềm,BIT_SE_K20B,3,30
SE200062,Trần Hoàng Duy,ojt.synthetic.se200729@gmail.com,K20,Công nghệ thông tin,Kỹ thuật phần mềm,BIT_SE_K20C,3,30
SE200063,Trần Quốc Bảo,ojt.synthetic.se200730@gmail.com,K20,Công nghệ thông tin,Trí tuệ nhân tạo,BIT_AI_K20D-21A,2,15
SE200064,Phan Hoàng Duy,ojt.synthetic.se200731@gmail.com,K20,Công nghệ thông tin,An toàn thông tin,BIT_IA_K19D-20A,4,36
SE200065,Huỳnh Anh Tuấn,ojt.synthetic.se200732@gmail.com,K20,Công nghệ thông tin,An toàn thông tin,BIT_IA_K20B,3,30
SE200066,Nguyễn Đức Minh,ojt.synthetic.se200733@gmail.com,K20,Công nghệ thông tin,Hệ thống thông tin,BIT_IS_K20C,3,24
SE200067,Bùi Anh Tuấn,ojt.synthetic.se200734@gmail.com,K20,Công nghệ thông tin,An toàn thông tin,BIT_IA_K20D-21A,2,9
SE200068,Phan Quang Huy,ojt.synthetic.se200735@gmail.com,K20,Công nghệ thông tin,Hệ thống thông tin,BIT_IS_K19D-20A,4,45
SE200069,Huỳnh Bảo Ngọc,ojt.synthetic.se200736@gmail.com,K20,Công nghệ thông tin,Trí tuệ nhân tạo,BIT_AI_K20B,3,24
SE200070,Huỳnh Phương Thảo,ojt.synthetic.se200737@gmail.com,K20,Công nghệ thông tin,Trí tuệ nhân tạo,BIT_AI_K20C,3,30
SE200071,Võ Anh Tuấn,ojt.synthetic.se200738@gmail.com,K20,Công nghệ thông tin,An toàn thông tin,BIT_IA_K20D-21A,2,12
SE200072,Lê Hải Nam,ojt.synthetic.se200739@gmail.com,K20,Công nghệ thông tin,Trí tuệ nhân tạo,BIT_AI_K19D-20A,4,45
SE200073,Trần Trung Hiếu,ojt.synthetic.se200740@gmail.com,K20,Công nghệ thông tin,An toàn thông tin,BIT_IA_K20B,3,30
SE200074,Lê Ngọc Mai,ojt.synthetic.se200741@gmail.com,K20,Công nghệ thông tin,An toàn thông tin,BIT_IA_K20C,3,27
SE200075,Phan Bảo Ngọc,ojt.synthetic.se200742@gmail.com,K20,Công nghệ thông tin,Trí tuệ nhân tạo,BIT_AI_K20D-21A,2,15
SE200076,Huỳnh Quốc Bảo,ojt.synthetic.se200743@gmail.com,K20,Công nghệ thông tin,Trí tuệ nhân tạo,BIT_AI_K19D-20A,4,45
SE200077,Huỳnh Hải Nam,ojt.synthetic.se200744@gmail.com,K20,Công nghệ thông tin,Trí tuệ nhân tạo,BIT_AI_K20B,3,27
SE200078,Võ Phương Thảo,ojt.synthetic.se200745@gmail.com,K20,Công nghệ thông tin,Hệ thống thông tin,BIT_IS_K20C,3,30
SE200079,Lê Trung Hiếu,ojt.synthetic.se200746@gmail.com,K20,Công nghệ thông tin,An toàn thông tin,BIT_IA_K20D-21A,2,15
SE200080,Bùi Thanh Tâm,ojt.synthetic.se200747@gmail.com,K20,Công nghệ thông tin,An toàn thông tin,BIT_IA_K19D-20A,4,45
SE200081,Huỳnh Thanh Tâm,ojt.synthetic.se200748@gmail.com,K20,Công nghệ thông tin,An toàn thông tin,BIT_IA_K20B,3,30
SE200082,Vũ Quang Huy,ojt.synthetic.se200749@gmail.com,K20,Công nghệ thông tin,Hệ thống thông tin,BIT_IS_K20C,3,27
SE200083,Võ Trung Hiếu,ojt.synthetic.se200750@gmail.com,K20,Công nghệ thông tin,Kỹ thuật phần mềm,BIT_SE_K20D-21A,2,12
SE200084,Phan Ngọc Mai,ojt.synthetic.se200751@gmail.com,K20,Công nghệ thông tin,An toàn thông tin,BIT_IA_K19D-20A,4,42
SE200085,Đỗ Anh Tuấn,ojt.synthetic.se200752@gmail.com,K20,Công nghệ thông tin,Trí tuệ nhân tạo,BIT_AI_K20B,3,30
SE200086,Đặng Minh Anh,ojt.synthetic.se200753@gmail.com,K20,Công nghệ thông tin,An toàn thông tin,BIT_IA_K20C,3,30
SE200087,Hoàng Quốc Bảo,ojt.synthetic.se200754@gmail.com,K20,Công nghệ thông tin,An toàn thông tin,BIT_IA_K20D-21A,2,15
SE200088,Trần Tuấn Kiệt,ojt.synthetic.se200755@gmail.com,K20,Công nghệ thông tin,Hệ thống thông tin,BIT_IS_K19D-20A,4,39
SE200089,Võ Minh Anh,ojt.synthetic.se200756@gmail.com,K20,Công nghệ thông tin,Hệ thống thông tin,BIT_IS_K20B,3,30
SE200090,Đặng Ngọc Mai,ojt.synthetic.se200757@gmail.com,K20,Công nghệ thông tin,An toàn thông tin,BIT_IA_K20C,3,30
SE200091,Lê Gia Hân,ojt.synthetic.se200758@gmail.com,K20,Công nghệ thông tin,Trí tuệ nhân tạo,BIT_AI_K20D-21A,2,9
SE200092,Bùi Anh Tuấn,ojt.synthetic.se200759@gmail.com,K20,Công nghệ thông tin,Kỹ thuật phần mềm,BIT_SE_K19D-20A,4,42
SE200093,Bùi Ngọc Mai,ojt.synthetic.se200760@gmail.com,K20,Công nghệ thông tin,Kỹ thuật phần mềm,BIT_SE_K20B,3,27
SE200094,Bùi Anh Tuấn,ojt.synthetic.se200761@gmail.com,K20,Công nghệ thông tin,Trí tuệ nhân tạo,BIT_AI_K20C,3,30
SE200095,Lê Ngọc Mai,ojt.synthetic.se200762@gmail.com,K20,Công nghệ thông tin,An toàn thông tin,BIT_IA_K20D-21A,2,9
SE200096,Đỗ Anh Tuấn,ojt.synthetic.se200763@gmail.com,K20,Công nghệ thông tin,Hệ thống thông tin,BIT_IS_K19D-20A,4,42
SE200097,Huỳnh Hải Nam,ojt.synthetic.se200764@gmail.com,K20,Công nghệ thông tin,Kỹ thuật phần mềm,BIT_SE_K20B,3,24
SE200098,Đặng Bảo Ngọc,ojt.synthetic.se200765@gmail.com,K20,Công nghệ thông tin,Kỹ thuật phần mềm,BIT_SE_K20C,3,30
SE200099,Trần Khánh Linh,ojt.synthetic.se200766@gmail.com,K20,Công nghệ thông tin,An toàn thông tin,BIT_IA_K20D-21A,2,12
SE200100,Trần Ngọc Mai,ojt.synthetic.se200767@gmail.com,K20,Công nghệ thông tin,Trí tuệ nhân tạo,BIT_AI_K19D-20A,4,45
SE200101,Phan Tuấn Kiệt,ojt.synthetic.se200768@gmail.com,K20,Công nghệ thông tin,Trí tuệ nhân tạo,BIT_AI_K20B,3,30
SE200102,Trần Khánh Linh,ojt.synthetic.se200769@gmail.com,K20,Công nghệ thông tin,An toàn thông tin,BIT_IA_K20C,3,30
SE200103,Phan Quốc Bảo,ojt.synthetic.se200770@gmail.com,K20,Công nghệ thông tin,Trí tuệ nhân tạo,BIT_AI_K20D-21A,2,15
SE200104,Phan Ngọc Mai,ojt.synthetic.se200771@gmail.com,K20,Công nghệ thông tin,An toàn thông tin,BIT_IA_K19D-20A,4,36
SE200105,Vũ Hải Nam,ojt.synthetic.se200772@gmail.com,K20,Công nghệ thông tin,Kỹ thuật phần mềm,BIT_SE_K20B,3,24
SE200106,Vũ Tuấn Kiệt,ojt.synthetic.se200773@gmail.com,K20,Công nghệ thông tin,Hệ thống thông tin,BIT_IS_K20C,3,30
SE200107,Võ Phương Thảo,ojt.synthetic.se200774@gmail.com,K20,Công nghệ thông tin,Trí tuệ nhân tạo,BIT_AI_K20D-21A,2,15
SE200108,Bùi Trung Hiếu,ojt.synthetic.se200775@gmail.com,K20,Công nghệ thông tin,An toàn thông tin,BIT_IA_K19D-20A,4,42
SE200109,Đỗ Hải Nam,ojt.synthetic.se200776@gmail.com,K20,Công nghệ thông tin,Kỹ thuật phần mềm,BIT_SE_K20B,3,30
SE200110,Nguyễn Anh Tuấn,ojt.synthetic.se200777@gmail.com,K20,Công nghệ thông tin,Trí tuệ nhân tạo,BIT_AI_K20C,3,30
SE200111,Vũ Phương Thảo,ojt.synthetic.se200778@gmail.com,K20,Công nghệ thông tin,Trí tuệ nhân tạo,BIT_AI_K20D-21A,2,15
SE200112,Đỗ Khánh Linh,ojt.synthetic.se200779@gmail.com,K20,Công nghệ thông tin,Kỹ thuật phần mềm,BIT_SE_K19D-20A,4,45
SE200113,Huỳnh Quốc Bảo,ojt.synthetic.se200780@gmail.com,K20,Công nghệ thông tin,Trí tuệ nhân tạo,BIT_AI_K20B,3,30
SE200114,Bùi Đức Minh,ojt.synthetic.se200781@gmail.com,K20,Công nghệ thông tin,Hệ thống thông tin,BIT_IS_K20C,3,30
SE200115,Nguyễn Ngọc Mai,ojt.synthetic.se200782@gmail.com,K20,Công nghệ thông tin,Kỹ thuật phần mềm,BIT_SE_K20D-21A,2,12
SE200116,Trần Hoàng Duy,ojt.synthetic.se200783@gmail.com,K20,Công nghệ thông tin,Hệ thống thông tin,BIT_IS_K19D-20A,4,42
SE200117,Lê Bảo Ngọc,ojt.synthetic.se200784@gmail.com,K20,Công nghệ thông tin,Kỹ thuật phần mềm,BIT_SE_K20B,3,30
SE200118,Phan Khánh Linh,ojt.synthetic.se200785@gmail.com,K20,Công nghệ thông tin,An toàn thông tin,BIT_IA_K20C,3,30
SE200119,Huỳnh Thanh Tâm,ojt.synthetic.se200786@gmail.com,K20,Công nghệ thông tin,Kỹ thuật phần mềm,BIT_SE_K20D-21A,2,15
SE200120,Đỗ Hoàng Duy,ojt.synthetic.se200787@gmail.com,K20,Công nghệ thông tin,An toàn thông tin,BIT_IA_K19D-20A,4,45
SE200121,Đỗ Minh Quân,ojt.synthetic.se200788@gmail.com,K20,Công nghệ thông tin,Kỹ thuật phần mềm,BIT_SE_K20B,3,30
SE200122,Vũ Ngọc Mai,ojt.synthetic.se200789@gmail.com,K20,Công nghệ thông tin,An toàn thông tin,BIT_IA_K20C,3,24
SE200123,Lê Anh Tuấn,ojt.synthetic.se200790@gmail.com,K20,Công nghệ thông tin,Kỹ thuật phần mềm,BIT_SE_K20D-21A,2,6
SE200124,Vũ Gia Hân,ojt.synthetic.se200791@gmail.com,K20,Công nghệ thông tin,Trí tuệ nhân tạo,BIT_AI_K19D-20A,4,42
SE200125,Phan Quang Huy,ojt.synthetic.se200792@gmail.com,K20,Công nghệ thông tin,Trí tuệ nhân tạo,BIT_AI_K20B,3,30
SE200126,Võ Phương Thảo,ojt.synthetic.se200793@gmail.com,K20,Công nghệ thông tin,Trí tuệ nhân tạo,BIT_AI_K20C,3,30
SE200127,Bùi Quang Huy,ojt.synthetic.se200794@gmail.com,K20,Công nghệ thông tin,Hệ thống thông tin,BIT_IS_K20D-21A,2,12
SE200128,Võ Phương Thảo,ojt.synthetic.se200795@gmail.com,K20,Công nghệ thông tin,Kỹ thuật phần mềm,BIT_SE_K19D-20A,4,45
SE200129,Nguyễn Quốc Bảo,ojt.synthetic.se200796@gmail.com,K20,Công nghệ thông tin,Hệ thống thông tin,BIT_IS_K20B,3,30
SE200130,Đặng Hải Nam,ojt.synthetic.se200797@gmail.com,K20,Công nghệ thông tin,Trí tuệ nhân tạo,BIT_AI_K20C,3,24
SE200131,Trần Hải Nam,ojt.synthetic.se200798@gmail.com,K20,Công nghệ thông tin,Kỹ thuật phần mềm,BIT_SE_K20D-21A,2,12
SE200132,Vũ Ngọc Mai,ojt.synthetic.se200799@gmail.com,K20,Công nghệ thông tin,Hệ thống thông tin,BIT_IS_K19D-20A,4,42
SE200133,Phạm Hải Nam,ojt.synthetic.se200800@gmail.com,K20,Công nghệ thông tin,An toàn thông tin,BIT_IA_K20B,3,30
SE200134,Hoàng Quang Huy,ojt.synthetic.se200801@gmail.com,K20,Công nghệ thông tin,Trí tuệ nhân tạo,BIT_AI_K20C,3,24
SE200135,Đỗ Thanh Tâm,ojt.synthetic.se200802@gmail.com,K20,Công nghệ thông tin,Hệ thống thông tin,BIT_IS_K20D-21A,2,15
SE200136,Phan Tuấn Kiệt,ojt.synthetic.se200803@gmail.com,K20,Công nghệ thông tin,Trí tuệ nhân tạo,BIT_AI_K19D-20A,4,39
SE200137,Đặng Phương Thảo,ojt.synthetic.se200804@gmail.com,K20,Công nghệ thông tin,An toàn thông tin,BIT_IA_K20B,3,30
SE200138,Phạm Minh Anh,ojt.synthetic.se200805@gmail.com,K20,Công nghệ thông tin,Hệ thống thông tin,BIT_IS_K20C,3,30
SE200139,Phan Trung Hiếu,ojt.synthetic.se200806@gmail.com,K20,Công nghệ thông tin,Kỹ thuật phần mềm,BIT_SE_K20D-21A,2,15
SE200140,Trần Minh Quân,ojt.synthetic.se200807@gmail.com,K20,Công nghệ thông tin,An toàn thông tin,BIT_IA_K19D-20A,4,45
SE200141,Đặng Đức Minh,ojt.synthetic.se200808@gmail.com,K20,Công nghệ thông tin,Kỹ thuật phần mềm,BIT_SE_K20B,3,21
SE200142,Hoàng Hải Nam,ojt.synthetic.se200809@gmail.com,K20,Công nghệ thông tin,An toàn thông tin,BIT_IA_K20C,3,27
SE200143,Bùi Ngọc Mai,ojt.synthetic.se200810@gmail.com,K20,Công nghệ thông tin,An toàn thông tin,BIT_IA_K20D-21A,2,9
SE200144,Phan Đức Minh,ojt.synthetic.se200811@gmail.com,K20,Công nghệ thông tin,Kỹ thuật phần mềm,BIT_SE_K19D-20A,4,42
SE200145,Hoàng Hải Nam,ojt.synthetic.se200812@gmail.com,K20,Công nghệ thông tin,Trí tuệ nhân tạo,BIT_AI_K20B,3,27
SE200146,Đỗ Anh Tuấn,ojt.synthetic.se200813@gmail.com,K20,Công nghệ thông tin,Trí tuệ nhân tạo,BIT_AI_K20C,3,24
SE200147,Bùi Hải Nam,ojt.synthetic.se200814@gmail.com,K20,Công nghệ thông tin,Trí tuệ nhân tạo,BIT_AI_K20D-21A,2,15
SE200148,Bùi Minh Anh,ojt.synthetic.se200815@gmail.com,K20,Công nghệ thông tin,Hệ thống thông tin,BIT_IS_K19D-20A,4,45
SE200149,Đặng Quang Huy,ojt.synthetic.se200816@gmail.com,K20,Công nghệ thông tin,Hệ thống thông tin,BIT_IS_K20B,3,27
SE200150,Võ Quốc Bảo,ojt.synthetic.se200817@gmail.com,K20,Công nghệ thông tin,Hệ thống thông tin,BIT_IS_K20C,3,24
SE200151,Đỗ Hoàng Duy,ojt.synthetic.se200818@gmail.com,K20,Công nghệ thông tin,Hệ thống thông tin,BIT_IS_K20D-21A,2,15
SE200152,Lê Thanh Tâm,ojt.synthetic.se200819@gmail.com,K20,Công nghệ thông tin,Hệ thống thông tin,BIT_IS_K19D-20A,4,45
SE200153,Trần Bảo Ngọc,ojt.synthetic.se200820@gmail.com,K20,Công nghệ thông tin,Kỹ thuật phần mềm,BIT_SE_K20B,3,27
SE200154,Vũ Thanh Tâm,ojt.synthetic.se200821@gmail.com,K20,Công nghệ thông tin,Kỹ thuật phần mềm,BIT_SE_K20C,3,27
SE200155,Phan Gia Hân,ojt.synthetic.se200822@gmail.com,K20,Công nghệ thông tin,Trí tuệ nhân tạo,BIT_AI_K20D-21A,2,12
SE200156,Phan Ngọc Mai,ojt.synthetic.se200823@gmail.com,K20,Công nghệ thông tin,Hệ thống thông tin,BIT_IS_K19D-20A,4,42
SE200157,Phạm Minh Quân,ojt.synthetic.se200824@gmail.com,K20,Công nghệ thông tin,Hệ thống thông tin,BIT_IS_K20B,3,27
SE200158,Võ Gia Hân,ojt.synthetic.se200825@gmail.com,K20,Công nghệ thông tin,Kỹ thuật phần mềm,BIT_SE_K20C,3,27
SE200159,Võ Ngọc Mai,ojt.synthetic.se200826@gmail.com,K20,Công nghệ thông tin,Kỹ thuật phần mềm,BIT_SE_K20D-21A,2,6
SE200160,Vũ Thanh Tâm,ojt.synthetic.se200827@gmail.com,K20,Công nghệ thông tin,Hệ thống thông tin,BIT_IS_K19D-20A,4,45
SE200161,Lê Hoàng Duy,ojt.synthetic.se200828@gmail.com,K20,Công nghệ thông tin,Hệ thống thông tin,BIT_IS_K20B,3,30
SE200162,Hoàng Minh Quân,ojt.synthetic.se200829@gmail.com,K20,Công nghệ thông tin,Trí tuệ nhân tạo,BIT_AI_K20C,3,30
SE200163,Huỳnh Hoàng Duy,ojt.synthetic.se200830@gmail.com,K20,Công nghệ thông tin,An toàn thông tin,BIT_IA_K20D-21A,2,9
SE200164,Phan Phương Thảo,ojt.synthetic.se200831@gmail.com,K20,Công nghệ thông tin,Hệ thống thông tin,BIT_IS_K19D-20A,4,45
SE200165,Đỗ Trung Hiếu,ojt.synthetic.se200832@gmail.com,K20,Công nghệ thông tin,Hệ thống thông tin,BIT_IS_K20B,3,30
SE200166,Nguyễn Khánh Linh,ojt.synthetic.se200833@gmail.com,K20,Công nghệ thông tin,An toàn thông tin,BIT_IA_K20C,3,24
SE200167,Phạm Gia Hân,ojt.synthetic.se200834@gmail.com,K20,Công nghệ thông tin,Trí tuệ nhân tạo,BIT_AI_K20D-21A,2,12
SE200168,Đỗ Đức Minh,ojt.synthetic.se200835@gmail.com,K20,Công nghệ thông tin,Hệ thống thông tin,BIT_IS_K19D-20A,4,45
SE200169,Nguyễn Trung Hiếu,ojt.synthetic.se200836@gmail.com,K20,Công nghệ thông tin,Hệ thống thông tin,BIT_IS_K20B,3,30
SE200170,Võ Hải Nam,ojt.synthetic.se200837@gmail.com,K20,Công nghệ thông tin,Trí tuệ nhân tạo,BIT_AI_K20C,3,30
SE200171,Nguyễn Bảo Ngọc,ojt.synthetic.se200838@gmail.com,K20,Công nghệ thông tin,Trí tuệ nhân tạo,BIT_AI_K20D-21A,2,15
SE200172,Huỳnh Khánh Linh,ojt.synthetic.se200839@gmail.com,K20,Công nghệ thông tin,Hệ thống thông tin,BIT_IS_K19D-20A,4,45
SE200173,Phạm Hoàng Duy,ojt.synthetic.se200840@gmail.com,K20,Công nghệ thông tin,Kỹ thuật phần mềm,BIT_SE_K20B,3,30
SE200174,Trần Minh Anh,ojt.synthetic.se200841@gmail.com,K20,Công nghệ thông tin,Hệ thống thông tin,BIT_IS_K20C,3,30
SE200175,Võ Anh Tuấn,ojt.synthetic.se200842@gmail.com,K20,Công nghệ thông tin,Kỹ thuật phần mềm,BIT_SE_K20D-21A,2,12
SE200176,Hoàng Phương Thảo,ojt.synthetic.se200843@gmail.com,K20,Công nghệ thông tin,Kỹ thuật phần mềm,BIT_SE_K19D-20A,4,45
SE200177,Hoàng Anh Tuấn,ojt.synthetic.se200844@gmail.com,K20,Công nghệ thông tin,Kỹ thuật phần mềm,BIT_SE_K20B,3,21
SE200178,Vũ Khánh Linh,ojt.synthetic.se200845@gmail.com,K20,Công nghệ thông tin,Hệ thống thông tin,BIT_IS_K20C,3,30
SE200179,Đặng Trung Hiếu,ojt.synthetic.se200846@gmail.com,K20,Công nghệ thông tin,An toàn thông tin,BIT_IA_K20D-21A,2,15
SE200180,Phạm Trung Hiếu,ojt.synthetic.se200847@gmail.com,K20,Công nghệ thông tin,Kỹ thuật phần mềm,BIT_SE_K19D-20A,4,45
SE200181,Phạm Phương Thảo,ojt.synthetic.se200848@gmail.com,K20,Công nghệ thông tin,Trí tuệ nhân tạo,BIT_AI_K20B,3,30
SE200182,Nguyễn Bảo Ngọc,ojt.synthetic.se200849@gmail.com,K20,Công nghệ thông tin,An toàn thông tin,BIT_IA_K20C,3,27
SE200183,Phạm Đức Minh,ojt.synthetic.se200850@gmail.com,K20,Công nghệ thông tin,Kỹ thuật phần mềm,BIT_SE_K20D-21A,2,12
SE200184,Phạm Anh Tuấn,ojt.synthetic.se200851@gmail.com,K20,Công nghệ thông tin,Kỹ thuật phần mềm,BIT_SE_K19D-20A,4,45
SE200185,Lê Quốc Bảo,ojt.synthetic.se200852@gmail.com,K20,Công nghệ thông tin,Trí tuệ nhân tạo,BIT_AI_K20B,3,30
SE200186,Lê Trung Hiếu,ojt.synthetic.se200853@gmail.com,K20,Công nghệ thông tin,Hệ thống thông tin,BIT_IS_K20C,3,30
SE200187,Vũ Thanh Tâm,ojt.synthetic.se200854@gmail.com,K20,Công nghệ thông tin,Hệ thống thông tin,BIT_IS_K20D-21A,2,15
SE200188,Đỗ Khánh Linh,ojt.synthetic.se200855@gmail.com,K20,Công nghệ thông tin,Hệ thống thông tin,BIT_IS_K19D-20A,4,39
SE200189,Lê Đức Minh,ojt.synthetic.se200856@gmail.com,K20,Công nghệ thông tin,Trí tuệ nhân tạo,BIT_AI_K20B,3,30
SE200190,Phan Anh Tuấn,ojt.synthetic.se200857@gmail.com,K20,Công nghệ thông tin,An toàn thông tin,BIT_IA_K20C,3,24
SE200191,Võ Tuấn Kiệt,ojt.synthetic.se200858@gmail.com,K20,Công nghệ thông tin,Hệ thống thông tin,BIT_IS_K20D-21A,2,6
SE200192,Hoàng Quang Huy,ojt.synthetic.se200859@gmail.com,K20,Công nghệ thông tin,An toàn thông tin,BIT_IA_K19D-20A,4,42
SE200193,Đỗ Minh Quân,ojt.synthetic.se200860@gmail.com,K20,Công nghệ thông tin,An toàn thông tin,BIT_IA_K20B,3,27
SE200194,Vũ Quốc Bảo,ojt.synthetic.se200861@gmail.com,K20,Công nghệ thông tin,Trí tuệ nhân tạo,BIT_AI_K20C,3,30
SE200195,Nguyễn Minh Anh,ojt.synthetic.se200862@gmail.com,K20,Công nghệ thông tin,An toàn thông tin,BIT_IA_K20D-21A,2,15
SE200196,Hoàng Hải Nam,ojt.synthetic.se200863@gmail.com,K20,Công nghệ thông tin,Kỹ thuật phần mềm,BIT_SE_K19D-20A,4,45
SE200197,Lê Minh Quân,ojt.synthetic.se200864@gmail.com,K20,Công nghệ thông tin,Hệ thống thông tin,BIT_IS_K20B,3,30
SE200198,Trần Thanh Tâm,ojt.synthetic.se200865@gmail.com,K20,Công nghệ thông tin,Kỹ thuật phần mềm,BIT_SE_K20C,3,30
SE200199,Đặng Khánh Linh,ojt.synthetic.se200866@gmail.com,K20,Công nghệ thông tin,Hệ thống thông tin,BIT_IS_K20D-21A,2,12
SE200200,Nguyễn Quang Huy,ojt.synthetic.se200867@gmail.com,K20,Công nghệ thông tin,An toàn thông tin,BIT_IA_K19D-20A,4,45
SE200201,Đỗ Phương Thảo,ojt.synthetic.se200868@gmail.com,K20,Công nghệ thông tin,Kỹ thuật phần mềm,BIT_SE_K20B,3,27
SE200202,Bùi Minh Quân,ojt.synthetic.se200869@gmail.com,K20,Công nghệ thông tin,Trí tuệ nhân tạo,BIT_AI_K20C,3,30
SE200203,Phạm Quang Huy,ojt.synthetic.se200870@gmail.com,K20,Công nghệ thông tin,Kỹ thuật phần mềm,BIT_SE_K20D-21A,2,15
SE200204,Bùi Hoàng Duy,ojt.synthetic.se200871@gmail.com,K20,Công nghệ thông tin,An toàn thông tin,BIT_IA_K19D-20A,4,42
SE200205,Huỳnh Minh Anh,ojt.synthetic.se200872@gmail.com,K20,Công nghệ thông tin,An toàn thông tin,BIT_IA_K20B,3,30
SE200206,Trần Tuấn Kiệt,ojt.synthetic.se200873@gmail.com,K20,Công nghệ thông tin,Hệ thống thông tin,BIT_IS_K20C,3,24
SE200207,Võ Ngọc Mai,ojt.synthetic.se200874@gmail.com,K20,Công nghệ thông tin,An toàn thông tin,BIT_IA_K20D-21A,2,12
SE200208,Nguyễn Trung Hiếu,ojt.synthetic.se200875@gmail.com,K20,Công nghệ thông tin,Kỹ thuật phần mềm,BIT_SE_K19D-20A,4,45
SE200209,Nguyễn Minh Quân,ojt.synthetic.se200876@gmail.com,K20,Công nghệ thông tin,Hệ thống thông tin,BIT_IS_K20B,3,30
SE200210,Phạm Bảo Ngọc,ojt.synthetic.se200877@gmail.com,K20,Công nghệ thông tin,Kỹ thuật phần mềm,BIT_SE_K20C,3,30
SE200211,Bùi Tuấn Kiệt,ojt.synthetic.se200878@gmail.com,K20,Công nghệ thông tin,Trí tuệ nhân tạo,BIT_AI_K20D-21A,2,15
SE200212,Nguyễn Thanh Tâm,ojt.synthetic.se200879@gmail.com,K20,Công nghệ thông tin,Trí tuệ nhân tạo,BIT_AI_K19D-20A,4,45
SE200213,Vũ Hoàng Duy,ojt.synthetic.se200880@gmail.com,K20,Công nghệ thông tin,Kỹ thuật phần mềm,BIT_SE_K20B,3,24
SE200214,Phạm Quốc Bảo,ojt.synthetic.se200881@gmail.com,K20,Công nghệ thông tin,An toàn thông tin,BIT_IA_K20C,3,30
SE200215,Đỗ Khánh Linh,ojt.synthetic.se200882@gmail.com,K20,Công nghệ thông tin,Hệ thống thông tin,BIT_IS_K20D-21A,2,15
SE200216,Hoàng Thanh Tâm,ojt.synthetic.se200883@gmail.com,K20,Công nghệ thông tin,Kỹ thuật phần mềm,BIT_SE_K19D-20A,4,42
SE200217,Nguyễn Minh Quân,ojt.synthetic.se200884@gmail.com,K20,Công nghệ thông tin,Trí tuệ nhân tạo,BIT_AI_K20B,3,30
SE200218,Trần Trung Hiếu,ojt.synthetic.se200885@gmail.com,K20,Công nghệ thông tin,An toàn thông tin,BIT_IA_K20C,3,27
SE200219,Lê Tuấn Kiệt,ojt.synthetic.se200886@gmail.com,K20,Công nghệ thông tin,An toàn thông tin,BIT_IA_K20D-21A,2,15
SE200220,Phan Phương Thảo,ojt.synthetic.se200887@gmail.com,K20,Công nghệ thông tin,Hệ thống thông tin,BIT_IS_K19D-20A,4,42
SE200221,Hoàng Tuấn Kiệt,ojt.synthetic.se200888@gmail.com,K20,Công nghệ thông tin,Kỹ thuật phần mềm,BIT_SE_K20B,3,30
SE200222,Đặng Quốc Bảo,ojt.synthetic.se200889@gmail.com,K20,Công nghệ thông tin,Trí tuệ nhân tạo,BIT_AI_K20C,3,30
SE200223,Bùi Đức Minh,ojt.synthetic.se200890@gmail.com,K20,Công nghệ thông tin,Hệ thống thông tin,BIT_IS_K20D-21A,2,15
SE200224,Lê Bảo Ngọc,ojt.synthetic.se200891@gmail.com,K20,Công nghệ thông tin,Trí tuệ nhân tạo,BIT_AI_K19D-20A,4,39
SE200225,Bùi Hải Nam,ojt.synthetic.se200892@gmail.com,K20,Công nghệ thông tin,An toàn thông tin,BIT_IA_K20B,3,30
SE200226,Hoàng Quốc Bảo,ojt.synthetic.se200893@gmail.com,K20,Công nghệ thông tin,Trí tuệ nhân tạo,BIT_AI_K20C,3,27
SE200227,Võ Thanh Tâm,ojt.synthetic.se200894@gmail.com,K20,Công nghệ thông tin,Kỹ thuật phần mềm,BIT_SE_K20D-21A,2,15
SE200228,Đặng Trung Hiếu,ojt.synthetic.se200895@gmail.com,K20,Công nghệ thông tin,Trí tuệ nhân tạo,BIT_AI_K19D-20A,4,45
SE200229,Nguyễn Anh Tuấn,ojt.synthetic.se200896@gmail.com,K20,Công nghệ thông tin,Hệ thống thông tin,BIT_IS_K20B,3,27
SE200230,Bùi Phương Thảo,ojt.synthetic.se200897@gmail.com,K20,Công nghệ thông tin,Hệ thống thông tin,BIT_IS_K20C,3,30
SE200231,Bùi Quốc Bảo,ojt.synthetic.se200898@gmail.com,K20,Công nghệ thông tin,Kỹ thuật phần mềm,BIT_SE_K20D-21A,2,12
SE200232,Huỳnh Ngọc Mai,ojt.synthetic.se200899@gmail.com,K20,Công nghệ thông tin,Hệ thống thông tin,BIT_IS_K19D-20A,4,36
SE200233,Phạm Quốc Bảo,ojt.synthetic.se200900@gmail.com,K20,Công nghệ thông tin,An toàn thông tin,BIT_IA_K20B,3,27
SE200234,Lê Hải Nam,ojt.synthetic.se200901@gmail.com,K20,Công nghệ thông tin,An toàn thông tin,BIT_IA_K20C,3,24
SE200235,Lê Quang Huy,ojt.synthetic.se200902@gmail.com,K20,Công nghệ thông tin,Hệ thống thông tin,BIT_IS_K20D-21A,2,15
SE200236,Vũ Trung Hiếu,ojt.synthetic.se200903@gmail.com,K20,Công nghệ thông tin,Kỹ thuật phần mềm,BIT_SE_K19D-20A,4,42
SE200237,Trần Ngọc Mai,ojt.synthetic.se200904@gmail.com,K20,Công nghệ thông tin,An toàn thông tin,BIT_IA_K20B,3,30
SE200238,Phan Quang Huy,ojt.synthetic.se200905@gmail.com,K20,Công nghệ thông tin,Hệ thống thông tin,BIT_IS_K20C,3,27
SE200239,Trần Minh Quân,ojt.synthetic.se200906@gmail.com,K20,Công nghệ thông tin,An toàn thông tin,BIT_IA_K20D-21A,2,15
SE200240,Hoàng Phương Thảo,ojt.synthetic.se200907@gmail.com,K20,Công nghệ thông tin,Hệ thống thông tin,BIT_IS_K19D-20A,4,45
SE200241,Phan Minh Anh,ojt.synthetic.se200908@gmail.com,K20,Công nghệ thông tin,An toàn thông tin,BIT_IA_K20B,3,21
SE200242,Võ Khánh Linh,ojt.synthetic.se200909@gmail.com,K20,Công nghệ thông tin,An toàn thông tin,BIT_IA_K20C,3,27
SE200243,Hoàng Đức Minh,ojt.synthetic.se200910@gmail.com,K20,Công nghệ thông tin,Kỹ thuật phần mềm,BIT_SE_K20D-21A,2,12
SE200244,Võ Minh Anh,ojt.synthetic.se200911@gmail.com,K20,Công nghệ thông tin,An toàn thông tin,BIT_IA_K19D-20A,4,45
SE200245,Võ Bảo Ngọc,ojt.synthetic.se200912@gmail.com,K20,Công nghệ thông tin,Trí tuệ nhân tạo,BIT_AI_K20B,3,27
SE200246,Vũ Minh Quân,ojt.synthetic.se200913@gmail.com,K20,Công nghệ thông tin,Kỹ thuật phần mềm,BIT_SE_K20C,3,24
SE200247,Bùi Đức Minh,ojt.synthetic.se200914@gmail.com,K20,Công nghệ thông tin,Hệ thống thông tin,BIT_IS_K20D-21A,2,12
SE200248,Bùi Anh Tuấn,ojt.synthetic.se200915@gmail.com,K20,Công nghệ thông tin,Hệ thống thông tin,BIT_IS_K19D-20A,4,45
SE200249,Bùi Khánh Linh,ojt.synthetic.se200916@gmail.com,K20,Công nghệ thông tin,Kỹ thuật phần mềm,BIT_SE_K20B,3,30
SE200250,Lê Trung Hiếu,ojt.synthetic.se200917@gmail.com,K20,Công nghệ thông tin,Kỹ thuật phần mềm,BIT_SE_K20C,3,27
SE200251,Hoàng Tuấn Kiệt,ojt.synthetic.se200918@gmail.com,K20,Công nghệ thông tin,Kỹ thuật phần mềm,BIT_SE_K20D-21A,2,15
SE200252,Bùi Thanh Tâm,ojt.synthetic.se200919@gmail.com,K20,Công nghệ thông tin,Trí tuệ nhân tạo,BIT_AI_K19D-20A,4,36
SE200253,Vũ Bảo Ngọc,ojt.synthetic.se200920@gmail.com,K20,Công nghệ thông tin,Trí tuệ nhân tạo,BIT_AI_K20B,3,27
SE200254,Vũ Gia Hân,ojt.synthetic.se200921@gmail.com,K20,Công nghệ thông tin,Kỹ thuật phần mềm,BIT_SE_K20C,3,30
SE200255,Lê Đức Minh,ojt.synthetic.se200922@gmail.com,K20,Công nghệ thông tin,An toàn thông tin,BIT_IA_K20D-21A,2,12
SE200256,Bùi Phương Thảo,ojt.synthetic.se200923@gmail.com,K20,Công nghệ thông tin,Hệ thống thông tin,BIT_IS_K19D-20A,4,36
SE200257,Đỗ Hải Nam,ojt.synthetic.se200924@gmail.com,K20,Công nghệ thông tin,Hệ thống thông tin,BIT_IS_K20B,3,30
SE200258,Phạm Bảo Ngọc,ojt.synthetic.se200925@gmail.com,K20,Công nghệ thông tin,Kỹ thuật phần mềm,BIT_SE_K20C,3,27
SE200259,Bùi Thanh Tâm,ojt.synthetic.se200926@gmail.com,K20,Công nghệ thông tin,An toàn thông tin,BIT_IA_K20D-21A,2,12
SE200260,Võ Quang Huy,ojt.synthetic.se200927@gmail.com,K20,Công nghệ thông tin,Trí tuệ nhân tạo,BIT_AI_K19D-20A,4,36
SE200261,Trần Hoàng Duy,ojt.synthetic.se200928@gmail.com,K20,Công nghệ thông tin,Trí tuệ nhân tạo,BIT_AI_K20B,3,27
SE200262,Phạm Khánh Linh,ojt.synthetic.se200929@gmail.com,K20,Công nghệ thông tin,An toàn thông tin,BIT_IA_K20C,3,30
SE200263,Vũ Quang Huy,ojt.synthetic.se200930@gmail.com,K20,Công nghệ thông tin,An toàn thông tin,BIT_IA_K20D-21A,2,15
SE200264,Võ Minh Anh,ojt.synthetic.se200931@gmail.com,K20,Công nghệ thông tin,Kỹ thuật phần mềm,BIT_SE_K19D-20A,4,42
SE200265,Đỗ Hoàng Duy,ojt.synthetic.se200932@gmail.com,K20,Công nghệ thông tin,Kỹ thuật phần mềm,BIT_SE_K20B,3,30
SE200266,Vũ Thanh Tâm,ojt.synthetic.se200933@gmail.com,K20,Công nghệ thông tin,Trí tuệ nhân tạo,BIT_AI_K20C,3,30
SE200267,Nguyễn Tuấn Kiệt,ojt.synthetic.se200934@gmail.com,K20,Công nghệ thông tin,An toàn thông tin,BIT_IA_K20D-21A,2,12
SE200268,Nguyễn Trung Hiếu,ojt.synthetic.se200935@gmail.com,K20,Công nghệ thông tin,Trí tuệ nhân tạo,BIT_AI_K19D-20A,4,42
SE200269,Phạm Minh Anh,ojt.synthetic.se200936@gmail.com,K20,Công nghệ thông tin,An toàn thông tin,BIT_IA_K20B,3,30
SE200270,Nguyễn Tuấn Kiệt,ojt.synthetic.se200937@gmail.com,K20,Công nghệ thông tin,Hệ thống thông tin,BIT_IS_K20C,3,27
SE200271,Trần Ngọc Mai,ojt.synthetic.se200938@gmail.com,K20,Công nghệ thông tin,Hệ thống thông tin,BIT_IS_K20D-21A,2,15
SE200272,Phan Hải Nam,ojt.synthetic.se200939@gmail.com,K20,Công nghệ thông tin,Trí tuệ nhân tạo,BIT_AI_K19D-20A,4,45
SE200273,Võ Ngọc Mai,ojt.synthetic.se200940@gmail.com,K20,Công nghệ thông tin,An toàn thông tin,BIT_IA_K20B,3,27
SE200274,Đặng Gia Hân,ojt.synthetic.se200941@gmail.com,K20,Công nghệ thông tin,Kỹ thuật phần mềm,BIT_SE_K20C,3,30
SE200275,Hoàng Gia Hân,ojt.synthetic.se200942@gmail.com,K20,Công nghệ thông tin,An toàn thông tin,BIT_IA_K20D-21A,2,12
SE200276,Đỗ Đức Minh,ojt.synthetic.se200943@gmail.com,K20,Công nghệ thông tin,An toàn thông tin,BIT_IA_K19D-20A,4,39
SE200277,Lê Khánh Linh,ojt.synthetic.se200944@gmail.com,K20,Công nghệ thông tin,An toàn thông tin,BIT_IA_K20B,3,27
SE200278,Nguyễn Thanh Tâm,ojt.synthetic.se200945@gmail.com,K20,Công nghệ thông tin,Kỹ thuật phần mềm,BIT_SE_K20C,3,30
SE200279,Hoàng Hoàng Duy,ojt.synthetic.se200946@gmail.com,K20,Công nghệ thông tin,Trí tuệ nhân tạo,BIT_AI_K20D-21A,2,12
SE200280,Phạm Minh Anh,ojt.synthetic.se200947@gmail.com,K20,Công nghệ thông tin,Trí tuệ nhân tạo,BIT_AI_K19D-20A,4,45
SE200281,Võ Minh Quân,ojt.synthetic.se200948@gmail.com,K20,Công nghệ thông tin,An toàn thông tin,BIT_IA_K20B,3,30
SE200282,Đặng Minh Quân,ojt.synthetic.se200949@gmail.com,K20,Công nghệ thông tin,Hệ thống thông tin,BIT_IS_K20C,3,27
SE200283,Hoàng Đức Minh,ojt.synthetic.se200950@gmail.com,K20,Công nghệ thông tin,Trí tuệ nhân tạo,BIT_AI_K20D-21A,2,6
SE200284,Nguyễn Quang Huy,ojt.synthetic.se200951@gmail.com,K20,Công nghệ thông tin,Trí tuệ nhân tạo,BIT_AI_K19D-20A,4,42
SE200285,Phạm Trung Hiếu,ojt.synthetic.se200952@gmail.com,K20,Công nghệ thông tin,An toàn thông tin,BIT_IA_K20B,3,30
SE200286,Vũ Minh Quân,ojt.synthetic.se200953@gmail.com,K20,Công nghệ thông tin,Hệ thống thông tin,BIT_IS_K20C,3,30
SE200287,Hoàng Trung Hiếu,ojt.synthetic.se200954@gmail.com,K20,Công nghệ thông tin,Kỹ thuật phần mềm,BIT_SE_K20D-21A,2,12
SE200288,Nguyễn Quang Huy,ojt.synthetic.se200955@gmail.com,K20,Công nghệ thông tin,An toàn thông tin,BIT_IA_K19D-20A,4,45
SE200289,Trần Quốc Bảo,ojt.synthetic.se200956@gmail.com,K20,Công nghệ thông tin,Hệ thống thông tin,BIT_IS_K20B,3,21
SE200290,Đặng Hoàng Duy,ojt.synthetic.se200957@gmail.com,K20,Công nghệ thông tin,Kỹ thuật phần mềm,BIT_SE_K20C,3,27
SE200291,Lê Đức Minh,ojt.synthetic.se200958@gmail.com,K20,Công nghệ thông tin,Kỹ thuật phần mềm,BIT_SE_K20D-21A,2,12
SE200292,Võ Quốc Bảo,ojt.synthetic.se200959@gmail.com,K20,Công nghệ thông tin,Trí tuệ nhân tạo,BIT_AI_K19D-20A,4,45
SE200293,Trần Bảo Ngọc,ojt.synthetic.se200960@gmail.com,K20,Công nghệ thông tin,Kỹ thuật phần mềm,BIT_SE_K20B,3,21
SE200294,Hoàng Minh Quân,ojt.synthetic.se200961@gmail.com,K20,Công nghệ thông tin,An toàn thông tin,BIT_IA_K20C,3,27
SE200295,Vũ Quốc Bảo,ojt.synthetic.se200962@gmail.com,K20,Công nghệ thông tin,Kỹ thuật phần mềm,BIT_SE_K20D-21A,2,12
SE200296,Lê Anh Tuấn,ojt.synthetic.se200963@gmail.com,K20,Công nghệ thông tin,Kỹ thuật phần mềm,BIT_SE_K19D-20A,4,45
SE200297,Trần Phương Thảo,ojt.synthetic.se200964@gmail.com,K20,Công nghệ thông tin,Hệ thống thông tin,BIT_IS_K20B,3,30
SE200298,Đặng Tuấn Kiệt,ojt.synthetic.se200965@gmail.com,K20,Công nghệ thông tin,An toàn thông tin,BIT_IA_K20C,3,27
SE200299,Võ Minh Quân,ojt.synthetic.se200966@gmail.com,K20,Công nghệ thông tin,Hệ thống thông tin,BIT_IS_K20D-21A,2,12
SE200300,Lê Anh Tuấn,ojt.synthetic.se200967@gmail.com,K20,Công nghệ thông tin,Trí tuệ nhân tạo,BIT_AI_K19D-20A,4,45
SE200301,Đặng Thanh Tâm,ojt.synthetic.se200968@gmail.com,K20,Công nghệ thông tin,Hệ thống thông tin,BIT_IS_K20B,3,30
SE200302,Hoàng Quang Huy,ojt.synthetic.se200969@gmail.com,K20,Công nghệ thông tin,Kỹ thuật phần mềm,BIT_SE_K20C,3,30
SE200303,Bùi Minh Quân,ojt.synthetic.se200970@gmail.com,K20,Công nghệ thông tin,Kỹ thuật phần mềm,BIT_SE_K20D-21A,2,15
SE200304,Trần Hải Nam,ojt.synthetic.se200971@gmail.com,K20,Công nghệ thông tin,Kỹ thuật phần mềm,BIT_SE_K19D-20A,4,39
SE200305,Huỳnh Tuấn Kiệt,ojt.synthetic.se200972@gmail.com,K20,Công nghệ thông tin,An toàn thông tin,BIT_IA_K20B,3,30
SE200306,Vũ Đức Minh,ojt.synthetic.se200973@gmail.com,K20,Công nghệ thông tin,Hệ thống thông tin,BIT_IS_K20C,3,30
SE200307,Lê Ngọc Mai,ojt.synthetic.se200974@gmail.com,K20,Công nghệ thông tin,Trí tuệ nhân tạo,BIT_AI_K20D-21A,2,12
SE200308,Đỗ Thanh Tâm,ojt.synthetic.se200975@gmail.com,K20,Công nghệ thông tin,Trí tuệ nhân tạo,BIT_AI_K19D-20A,4,45
SE200309,Đặng Đức Minh,ojt.synthetic.se200976@gmail.com,K20,Công nghệ thông tin,Trí tuệ nhân tạo,BIT_AI_K20B,3,27
SE200310,Trần Minh Anh,ojt.synthetic.se200977@gmail.com,K20,Công nghệ thông tin,Trí tuệ nhân tạo,BIT_AI_K20C,3,27
SE200311,Bùi Tuấn Kiệt,ojt.synthetic.se200978@gmail.com,K20,Công nghệ thông tin,Kỹ thuật phần mềm,BIT_SE_K20D-21A,2,15
SE200312,Trần Bảo Ngọc,ojt.synthetic.se200979@gmail.com,K20,Công nghệ thông tin,Trí tuệ nhân tạo,BIT_AI_K19D-20A,4,42
SE200313,Võ Trung Hiếu,ojt.synthetic.se200980@gmail.com,K20,Công nghệ thông tin,Kỹ thuật phần mềm,BIT_SE_K20B,3,30
SE200314,Nguyễn Trung Hiếu,ojt.synthetic.se200981@gmail.com,K20,Công nghệ thông tin,Kỹ thuật phần mềm,BIT_SE_K20C,3,30
SE200315,Lê Minh Anh,ojt.synthetic.se200982@gmail.com,K20,Công nghệ thông tin,Trí tuệ nhân tạo,BIT_AI_K20D-21A,2,15
SE200316,Huỳnh Khánh Linh,ojt.synthetic.se200983@gmail.com,K20,Công nghệ thông tin,An toàn thông tin,BIT_IA_K19D-20A,4,42
SE200317,Nguyễn Minh Anh,ojt.synthetic.se200984@gmail.com,K20,Công nghệ thông tin,Trí tuệ nhân tạo,BIT_AI_K20B,3,30
SE200318,Đỗ Tuấn Kiệt,ojt.synthetic.se200985@gmail.com,K20,Công nghệ thông tin,Hệ thống thông tin,BIT_IS_K20C,3,27
SE200319,Trần Ngọc Mai,ojt.synthetic.se200986@gmail.com,K20,Công nghệ thông tin,Trí tuệ nhân tạo,BIT_AI_K20D-21A,2,12
SE200320,Đỗ Minh Quân,ojt.synthetic.se200987@gmail.com,K20,Công nghệ thông tin,An toàn thông tin,BIT_IA_K19D-20A,4,45
SE200321,Nguyễn Anh Tuấn,ojt.synthetic.se200988@gmail.com,K20,Công nghệ thông tin,Trí tuệ nhân tạo,BIT_AI_K20B,3,30
SE200322,Vũ Gia Hân,ojt.synthetic.se200989@gmail.com,K20,Công nghệ thông tin,An toàn thông tin,BIT_IA_K20C,3,27
SE200323,Lê Khánh Linh,ojt.synthetic.se200990@gmail.com,K20,Công nghệ thông tin,Trí tuệ nhân tạo,BIT_AI_K20D-21A,2,15
SE200324,Đặng Ngọc Mai,ojt.synthetic.se200991@gmail.com,K20,Công nghệ thông tin,An toàn thông tin,BIT_IA_K19D-20A,4,45
SE200325,Phan Gia Hân,ojt.synthetic.se200992@gmail.com,K20,Công nghệ thông tin,Hệ thống thông tin,BIT_IS_K20B,3,27
SE200326,Lê Anh Tuấn,ojt.synthetic.se200993@gmail.com,K20,Công nghệ thông tin,Kỹ thuật phần mềm,BIT_SE_K20C,3,27
SE200327,Đỗ Trung Hiếu,ojt.synthetic.se200994@gmail.com,K20,Công nghệ thông tin,Hệ thống thông tin,BIT_IS_K20D-21A,2,15
SE200328,Hoàng Hoàng Duy,ojt.synthetic.se200995@gmail.com,K20,Công nghệ thông tin,Kỹ thuật phần mềm,BIT_SE_K19D-20A,4,39
SE200329,Hoàng Ngọc Mai,ojt.synthetic.se200996@gmail.com,K20,Công nghệ thông tin,Hệ thống thông tin,BIT_IS_K20B,3,30
SE200330,Nguyễn Tuấn Kiệt,ojt.synthetic.se200997@gmail.com,K20,Công nghệ thông tin,Trí tuệ nhân tạo,BIT_AI_K20C,3,27
SE200331,Bùi Phương Thảo,ojt.synthetic.se200998@gmail.com,K20,Công nghệ thông tin,Trí tuệ nhân tạo,BIT_AI_K20D-21A,2,15
SE200332,Đặng Tuấn Kiệt,ojt.synthetic.se200999@gmail.com,K20,Công nghệ thông tin,Trí tuệ nhân tạo,BIT_AI_K19D-20A,4,39
SE200333,Vũ Bảo Ngọc,ojt.synthetic.se201000@gmail.com,K20,Công nghệ thông tin,Trí tuệ nhân tạo,BIT_AI_K20B,3,27
SE200334,Đặng Trung Hiếu,ojt.synthetic.se201001@gmail.com,K20,Công nghệ thông tin,An toàn thông tin,BIT_IA_K20C,3,30
SE200335,Vũ Gia Hân,ojt.synthetic.se201002@gmail.com,K20,Công nghệ thông tin,Trí tuệ nhân tạo,BIT_AI_K20D-21A,2,12
SE200336,Nguyễn Hải Nam,ojt.synthetic.se201003@gmail.com,K20,Công nghệ thông tin,An toàn thông tin,BIT_IA_K19D-20A,4,45
SE200337,Trần Ngọc Mai,ojt.synthetic.se201004@gmail.com,K20,Công nghệ thông tin,Hệ thống thông tin,BIT_IS_K20B,3,30
SE200338,Hoàng Tuấn Kiệt,ojt.synthetic.se201005@gmail.com,K20,Công nghệ thông tin,Trí tuệ nhân tạo,BIT_AI_K20C,3,24
SE200339,Hoàng Thanh Tâm,ojt.synthetic.se201006@gmail.com,K20,Công nghệ thông tin,An toàn thông tin,BIT_IA_K20D-21A,2,12
SE200340,Phan Trung Hiếu,ojt.synthetic.se201007@gmail.com,K20,Công nghệ thông tin,Hệ thống thông tin,BIT_IS_K19D-20A,4,39
SE200341,Phan Gia Hân,ojt.synthetic.se201008@gmail.com,K20,Công nghệ thông tin,Hệ thống thông tin,BIT_IS_K20B,3,30
SE200342,Đặng Ngọc Mai,ojt.synthetic.se201009@gmail.com,K20,Công nghệ thông tin,An toàn thông tin,BIT_IA_K20C,3,30
SE200343,Huỳnh Anh Tuấn,ojt.synthetic.se201010@gmail.com,K20,Công nghệ thông tin,Trí tuệ nhân tạo,BIT_AI_K20D-21A,2,15
SE200344,Nguyễn Minh Quân,ojt.synthetic.se201011@gmail.com,K20,Công nghệ thông tin,An toàn thông tin,BIT_IA_K19D-20A,4,45
SE200345,Bùi Hoàng Duy,ojt.synthetic.se201012@gmail.com,K20,Công nghệ thông tin,An toàn thông tin,BIT_IA_K20B,3,30
SE200346,Nguyễn Phương Thảo,ojt.synthetic.se201013@gmail.com,K20,Công nghệ thông tin,Trí tuệ nhân tạo,BIT_AI_K20C,3,21
SE200347,Đỗ Khánh Linh,ojt.synthetic.se201014@gmail.com,K20,Công nghệ thông tin,Trí tuệ nhân tạo,BIT_AI_K20D-21A,2,6
SE200348,Lê Quang Huy,ojt.synthetic.se201015@gmail.com,K20,Công nghệ thông tin,Hệ thống thông tin,BIT_IS_K19D-20A,4,42
SE200349,Huỳnh Hải Nam,ojt.synthetic.se201016@gmail.com,K20,Công nghệ thông tin,Trí tuệ nhân tạo,BIT_AI_K20B,3,24
SE200350,Huỳnh Hải Nam,ojt.synthetic.se201017@gmail.com,K20,Công nghệ thông tin,Kỹ thuật phần mềm,BIT_SE_K20C,3,30
SE200351,Nguyễn Quốc Bảo,ojt.synthetic.se201018@gmail.com,K20,Công nghệ thông tin,An toàn thông tin,BIT_IA_K20D-21A,2,15
SE200352,Huỳnh Trung Hiếu,ojt.synthetic.se201019@gmail.com,K20,Công nghệ thông tin,Kỹ thuật phần mềm,BIT_SE_K19D-20A,4,42
SE200353,Võ Quang Huy,ojt.synthetic.se201020@gmail.com,K20,Công nghệ thông tin,Hệ thống thông tin,BIT_IS_K20B,3,21
SE200354,Bùi Bảo Ngọc,ojt.synthetic.se201021@gmail.com,K20,Công nghệ thông tin,An toàn thông tin,BIT_IA_K20C,3,30
SE200355,Phan Quốc Bảo,ojt.synthetic.se201022@gmail.com,K20,Công nghệ thông tin,An toàn thông tin,BIT_IA_K20D-21A,2,15
SE200356,Đỗ Bảo Ngọc,ojt.synthetic.se201023@gmail.com,K20,Công nghệ thông tin,Kỹ thuật phần mềm,BIT_SE_K19D-20A,4,39
SE200357,Lê Trung Hiếu,ojt.synthetic.se201024@gmail.com,K20,Công nghệ thông tin,An toàn thông tin,BIT_IA_K20B,3,30
SE200358,Vũ Bảo Ngọc,ojt.synthetic.se201025@gmail.com,K20,Công nghệ thông tin,Hệ thống thông tin,BIT_IS_K20C,3,27
SE200359,Bùi Trung Hiếu,ojt.synthetic.se201026@gmail.com,K20,Công nghệ thông tin,Kỹ thuật phần mềm,BIT_SE_K20D-21A,2,12
SE200360,Phạm Trung Hiếu,ojt.synthetic.se201027@gmail.com,K20,Công nghệ thông tin,Kỹ thuật phần mềm,BIT_SE_K19D-20A,4,45
SE200361,Phạm Minh Anh,ojt.synthetic.se201028@gmail.com,K20,Công nghệ thông tin,Trí tuệ nhân tạo,BIT_AI_K20B,3,30
SE200362,Bùi Minh Anh,ojt.synthetic.se201029@gmail.com,K20,Công nghệ thông tin,Hệ thống thông tin,BIT_IS_K20C,3,30
SE200363,Đỗ Đức Minh,ojt.synthetic.se201030@gmail.com,K20,Công nghệ thông tin,Trí tuệ nhân tạo,BIT_AI_K20D-21A,2,6
SE200364,Đỗ Đức Minh,ojt.synthetic.se201031@gmail.com,K20,Công nghệ thông tin,Hệ thống thông tin,BIT_IS_K19D-20A,4,45
SE200365,Võ Minh Anh,ojt.synthetic.se201032@gmail.com,K20,Công nghệ thông tin,Kỹ thuật phần mềm,BIT_SE_K20B,3,30
SE200366,Võ Thanh Tâm,ojt.synthetic.se201033@gmail.com,K20,Công nghệ thông tin,Trí tuệ nhân tạo,BIT_AI_K20C,3,30
SE200367,Võ Hải Nam,ojt.synthetic.se201034@gmail.com,K20,Công nghệ thông tin,Hệ thống thông tin,BIT_IS_K20D-21A,2,15
SE200368,Nguyễn Gia Hân,ojt.synthetic.se201035@gmail.com,K20,Công nghệ thông tin,An toàn thông tin,BIT_IA_K19D-20A,4,42
SE200369,Phan Đức Minh,ojt.synthetic.se201036@gmail.com,K20,Công nghệ thông tin,An toàn thông tin,BIT_IA_K20B,3,30
SE200370,Phạm Bảo Ngọc,ojt.synthetic.se201037@gmail.com,K20,Công nghệ thông tin,Hệ thống thông tin,BIT_IS_K20C,3,30
SE200371,Võ Đức Minh,ojt.synthetic.se201038@gmail.com,K20,Công nghệ thông tin,Hệ thống thông tin,BIT_IS_K20D-21A,2,12
SE200372,Bùi Minh Quân,ojt.synthetic.se201039@gmail.com,K20,Công nghệ thông tin,An toàn thông tin,BIT_IA_K19D-20A,4,45
SE200373,Huỳnh Anh Tuấn,ojt.synthetic.se201040@gmail.com,K20,Công nghệ thông tin,Kỹ thuật phần mềm,BIT_SE_K20B,3,30
SE200374,Bùi Minh Anh,ojt.synthetic.se201041@gmail.com,K20,Công nghệ thông tin,Trí tuệ nhân tạo,BIT_AI_K20C,3,24
SE200375,Bùi Trung Hiếu,ojt.synthetic.se201042@gmail.com,K20,Công nghệ thông tin,An toàn thông tin,BIT_IA_K20D-21A,2,15
SE200376,Đặng Ngọc Mai,ojt.synthetic.se201043@gmail.com,K20,Công nghệ thông tin,Trí tuệ nhân tạo,BIT_AI_K19D-20A,4,45
SE200377,Trần Hoàng Duy,ojt.synthetic.se201044@gmail.com,K20,Công nghệ thông tin,Kỹ thuật phần mềm,BIT_SE_K20B,3,30
SE200378,Phan Bảo Ngọc,ojt.synthetic.se201045@gmail.com,K20,Công nghệ thông tin,Kỹ thuật phần mềm,BIT_SE_K20C,3,30
SE200379,Huỳnh Trung Hiếu,ojt.synthetic.se201046@gmail.com,K20,Công nghệ thông tin,Hệ thống thông tin,BIT_IS_K20D-21A,2,15
SE200380,Trần Khánh Linh,ojt.synthetic.se201047@gmail.com,K20,Công nghệ thông tin,An toàn thông tin,BIT_IA_K19D-20A,4,45
SE200381,Bùi Minh Quân,ojt.synthetic.se201048@gmail.com,K20,Công nghệ thông tin,An toàn thông tin,BIT_IA_K20B,3,30
SE200382,Bùi Gia Hân,ojt.synthetic.se201049@gmail.com,K20,Công nghệ thông tin,Trí tuệ nhân tạo,BIT_AI_K20C,3,27
SE200383,Huỳnh Quang Huy,ojt.synthetic.se201050@gmail.com,K20,Công nghệ thông tin,An toàn thông tin,BIT_IA_K20D-21A,2,12
SE200384,Phạm Trung Hiếu,ojt.synthetic.se201051@gmail.com,K20,Công nghệ thông tin,Trí tuệ nhân tạo,BIT_AI_K19D-20A,4,45
SE200385,Võ Ngọc Mai,ojt.synthetic.se201052@gmail.com,K20,Công nghệ thông tin,An toàn thông tin,BIT_IA_K20B,3,27
SE200386,Bùi Hoàng Duy,ojt.synthetic.se201053@gmail.com,K20,Công nghệ thông tin,Hệ thống thông tin,BIT_IS_K20C,3,30
SE200387,Lê Anh Tuấn,ojt.synthetic.se201054@gmail.com,K20,Công nghệ thông tin,Kỹ thuật phần mềm,BIT_SE_K20D-21A,2,15
SE200388,Nguyễn Gia Hân,ojt.synthetic.se201055@gmail.com,K20,Công nghệ thông tin,An toàn thông tin,BIT_IA_K19D-20A,4,42
SE200389,Hoàng Hoàng Duy,ojt.synthetic.se201056@gmail.com,K20,Công nghệ thông tin,An toàn thông tin,BIT_IA_K20B,3,30
SE200390,Võ Đức Minh,ojt.synthetic.se201057@gmail.com,K20,Công nghệ thông tin,Kỹ thuật phần mềm,BIT_SE_K20C,3,30
SE200391,Võ Khánh Linh,ojt.synthetic.se201058@gmail.com,K20,Công nghệ thông tin,Hệ thống thông tin,BIT_IS_K20D-21A,2,15
SE200392,Hoàng Tuấn Kiệt,ojt.synthetic.se201059@gmail.com,K20,Công nghệ thông tin,Trí tuệ nhân tạo,BIT_AI_K19D-20A,4,45
SE200393,Lê Minh Anh,ojt.synthetic.se201060@gmail.com,K20,Công nghệ thông tin,Hệ thống thông tin,BIT_IS_K20B,3,27
SE200394,Đỗ Khánh Linh,ojt.synthetic.se201061@gmail.com,K20,Công nghệ thông tin,Hệ thống thông tin,BIT_IS_K20C,3,27
SE200395,Nguyễn Quang Huy,ojt.synthetic.se201062@gmail.com,K20,Công nghệ thông tin,Kỹ thuật phần mềm,BIT_SE_K20D-21A,2,9
SE200396,Vũ Quang Huy,ojt.synthetic.se201063@gmail.com,K20,Công nghệ thông tin,Kỹ thuật phần mềm,BIT_SE_K19D-20A,4,39
SE200397,Hoàng Minh Quân,ojt.synthetic.se201064@gmail.com,K20,Công nghệ thông tin,An toàn thông tin,BIT_IA_K20B,3,30
SE200398,Bùi Quang Huy,ojt.synthetic.se201065@gmail.com,K20,Công nghệ thông tin,Kỹ thuật phần mềm,BIT_SE_K20C,3,30
SE200399,Trần Quang Huy,ojt.synthetic.se201066@gmail.com,K20,Công nghệ thông tin,Trí tuệ nhân tạo,BIT_AI_K20D-21A,2,15
SE200400,Huỳnh Hải Nam,ojt.synthetic.se201067@gmail.com,K20,Công nghệ thông tin,An toàn thông tin,BIT_IA_K19D-20A,4,42
SE200401,Trần Phương Thảo,ojt.synthetic.se201068@gmail.com,K20,Công nghệ thông tin,Hệ thống thông tin,BIT_IS_K20B,3,30
SE200402,Trần Bảo Ngọc,ojt.synthetic.se201069@gmail.com,K20,Công nghệ thông tin,Hệ thống thông tin,BIT_IS_K20C,3,30
SE200403,Vũ Trung Hiếu,ojt.synthetic.se201070@gmail.com,K20,Công nghệ thông tin,Trí tuệ nhân tạo,BIT_AI_K20D-21A,2,15
SE200404,Đỗ Minh Quân,ojt.synthetic.se201071@gmail.com,K20,Công nghệ thông tin,An toàn thông tin,BIT_IA_K19D-20A,4,45
SE200405,Bùi Trung Hiếu,ojt.synthetic.se201072@gmail.com,K20,Công nghệ thông tin,An toàn thông tin,BIT_IA_K20B,3,30
SE200406,Huỳnh Minh Anh,ojt.synthetic.se201073@gmail.com,K20,Công nghệ thông tin,Hệ thống thông tin,BIT_IS_K20C,3,30
SE200407,Phan Phương Thảo,ojt.synthetic.se201074@gmail.com,K20,Công nghệ thông tin,Kỹ thuật phần mềm,BIT_SE_K20D-21A,2,15
SE200408,Lê Trung Hiếu,ojt.synthetic.se201075@gmail.com,K20,Công nghệ thông tin,Hệ thống thông tin,BIT_IS_K19D-20A,4,45
SE200409,Lê Quang Huy,ojt.synthetic.se201076@gmail.com,K20,Công nghệ thông tin,An toàn thông tin,BIT_IA_K20B,3,30
SE200410,Đặng Trung Hiếu,ojt.synthetic.se201077@gmail.com,K20,Công nghệ thông tin,Hệ thống thông tin,BIT_IS_K20C,3,21
SE200411,Nguyễn Anh Tuấn,ojt.synthetic.se201078@gmail.com,K20,Công nghệ thông tin,An toàn thông tin,BIT_IA_K20D-21A,2,9
SE200412,Nguyễn Quang Huy,ojt.synthetic.se201079@gmail.com,K20,Công nghệ thông tin,Trí tuệ nhân tạo,BIT_AI_K19D-20A,4,42
SE200413,Vũ Ngọc Mai,ojt.synthetic.se201080@gmail.com,K20,Công nghệ thông tin,An toàn thông tin,BIT_IA_K20B,3,30
SE200414,Đỗ Minh Anh,ojt.synthetic.se201081@gmail.com,K20,Công nghệ thông tin,Trí tuệ nhân tạo,BIT_AI_K20C,3,30
SE200415,Đặng Đức Minh,ojt.synthetic.se201082@gmail.com,K20,Công nghệ thông tin,Kỹ thuật phần mềm,BIT_SE_K20D-21A,2,6
SE200416,Đỗ Minh Anh,ojt.synthetic.se201083@gmail.com,K20,Công nghệ thông tin,An toàn thông tin,BIT_IA_K19D-20A,4,45
SE200417,Lê Anh Tuấn,ojt.synthetic.se201084@gmail.com,K20,Công nghệ thông tin,An toàn thông tin,BIT_IA_K20B,3,30
SE200418,Nguyễn Tuấn Kiệt,ojt.synthetic.se201085@gmail.com,K20,Công nghệ thông tin,Trí tuệ nhân tạo,BIT_AI_K20C,3,30
SE200419,Võ Ngọc Mai,ojt.synthetic.se201086@gmail.com,K20,Công nghệ thông tin,Hệ thống thông tin,BIT_IS_K20D-21A,2,15
SE200420,Vũ Tuấn Kiệt,ojt.synthetic.se201087@gmail.com,K20,Công nghệ thông tin,Hệ thống thông tin,BIT_IS_K19D-20A,4,36
SE200421,Hoàng Quang Huy,ojt.synthetic.se201088@gmail.com,K20,Công nghệ thông tin,Hệ thống thông tin,BIT_IS_K20B,3,30
SE200422,Võ Ngọc Mai,ojt.synthetic.se201089@gmail.com,K20,Công nghệ thông tin,Trí tuệ nhân tạo,BIT_AI_K20C,3,30
SE200423,Phan Quang Huy,ojt.synthetic.se201090@gmail.com,K20,Công nghệ thông tin,Kỹ thuật phần mềm,BIT_SE_K20D-21A,2,15
SE200424,Bùi Phương Thảo,ojt.synthetic.se201091@gmail.com,K20,Công nghệ thông tin,Hệ thống thông tin,BIT_IS_K19D-20A,4,42
SE200425,Nguyễn Bảo Ngọc,ojt.synthetic.se201092@gmail.com,K20,Công nghệ thông tin,Trí tuệ nhân tạo,BIT_AI_K20B,3,30
SE200426,Đặng Hải Nam,ojt.synthetic.se201093@gmail.com,K20,Công nghệ thông tin,Hệ thống thông tin,BIT_IS_K20C,3,30
SE200427,Đặng Gia Hân,ojt.synthetic.se201094@gmail.com,K20,Công nghệ thông tin,Trí tuệ nhân tạo,BIT_AI_K20D-21A,2,15
SE200428,Đỗ Bảo Ngọc,ojt.synthetic.se201095@gmail.com,K20,Công nghệ thông tin,An toàn thông tin,BIT_IA_K19D-20A,4,45
SE200429,Hoàng Minh Anh,ojt.synthetic.se201096@gmail.com,K20,Công nghệ thông tin,Kỹ thuật phần mềm,BIT_SE_K20B,3,27
SE200430,Bùi Khánh Linh,ojt.synthetic.se201097@gmail.com,K20,Công nghệ thông tin,Hệ thống thông tin,BIT_IS_K20C,3,24
SE200431,Nguyễn Tuấn Kiệt,ojt.synthetic.se201098@gmail.com,K20,Công nghệ thông tin,Hệ thống thông tin,BIT_IS_K20D-21A,2,15
SE200432,Vũ Minh Quân,ojt.synthetic.se201099@gmail.com,K20,Công nghệ thông tin,Hệ thống thông tin,BIT_IS_K19D-20A,4,45
SE200433,Phan Minh Anh,ojt.synthetic.se201100@gmail.com,K20,Công nghệ thông tin,Hệ thống thông tin,BIT_IS_K20B,3,30
SE200434,Trần Đức Minh,ojt.synthetic.se201101@gmail.com,K20,Công nghệ thông tin,Kỹ thuật phần mềm,BIT_SE_K20C,3,30
SE200435,Trần Khánh Linh,ojt.synthetic.se201102@gmail.com,K20,Công nghệ thông tin,Trí tuệ nhân tạo,BIT_AI_K20D-21A,2,12
SE200436,Vũ Tuấn Kiệt,ojt.synthetic.se201103@gmail.com,K20,Công nghệ thông tin,An toàn thông tin,BIT_IA_K19D-20A,4,42
SE200437,Đỗ Tuấn Kiệt,ojt.synthetic.se201104@gmail.com,K20,Công nghệ thông tin,Trí tuệ nhân tạo,BIT_AI_K20B,3,27
SE200438,Võ Quang Huy,ojt.synthetic.se201105@gmail.com,K20,Công nghệ thông tin,An toàn thông tin,BIT_IA_K20C,3,30
SE200439,Đỗ Đức Minh,ojt.synthetic.se201106@gmail.com,K20,Công nghệ thông tin,Kỹ thuật phần mềm,BIT_SE_K20D-21A,2,15
SE200440,Huỳnh Khánh Linh,ojt.synthetic.se201107@gmail.com,K20,Công nghệ thông tin,An toàn thông tin,BIT_IA_K19D-20A,4,45
SE200441,Trần Thanh Tâm,ojt.synthetic.se201108@gmail.com,K20,Công nghệ thông tin,Hệ thống thông tin,BIT_IS_K20B,3,30
SE200442,Huỳnh Quang Huy,ojt.synthetic.se201109@gmail.com,K20,Công nghệ thông tin,Trí tuệ nhân tạo,BIT_AI_K20C,3,30
SE200443,Lê Hải Nam,ojt.synthetic.se201110@gmail.com,K20,Công nghệ thông tin,Trí tuệ nhân tạo,BIT_AI_K20D-21A,2,12
SE200444,Vũ Gia Hân,ojt.synthetic.se201111@gmail.com,K20,Công nghệ thông tin,Hệ thống thông tin,BIT_IS_K19D-20A,4,45
SE200445,Phạm Thanh Tâm,ojt.synthetic.se201112@gmail.com,K20,Công nghệ thông tin,An toàn thông tin,BIT_IA_K20B,3,27
SE200446,Phan Quang Huy,ojt.synthetic.se201113@gmail.com,K20,Công nghệ thông tin,Trí tuệ nhân tạo,BIT_AI_K20C,3,30
SE200447,Vũ Phương Thảo,ojt.synthetic.se201114@gmail.com,K20,Công nghệ thông tin,Trí tuệ nhân tạo,BIT_AI_K20D-21A,2,12
SE200448,Phạm Tuấn Kiệt,ojt.synthetic.se201115@gmail.com,K20,Công nghệ thông tin,Kỹ thuật phần mềm,BIT_SE_K19D-20A,4,36
SE200449,Phan Khánh Linh,ojt.synthetic.se201116@gmail.com,K20,Công nghệ thông tin,Kỹ thuật phần mềm,BIT_SE_K20B,3,30
SE200450,Lê Thanh Tâm,ojt.synthetic.se201117@gmail.com,K20,Công nghệ thông tin,An toàn thông tin,BIT_IA_K20C,3,27
SE200451,Bùi Minh Anh,ojt.synthetic.se201118@gmail.com,K20,Công nghệ thông tin,Hệ thống thông tin,BIT_IS_K20D-21A,2,15
SE200452,Võ Tuấn Kiệt,ojt.synthetic.se201119@gmail.com,K20,Công nghệ thông tin,Hệ thống thông tin,BIT_IS_K19D-20A,4,42
SE200453,Võ Minh Quân,ojt.synthetic.se201120@gmail.com,K20,Công nghệ thông tin,An toàn thông tin,BIT_IA_K20B,3,21
SE200454,Trần Đức Minh,ojt.synthetic.se201121@gmail.com,K20,Công nghệ thông tin,Trí tuệ nhân tạo,BIT_AI_K20C,3,30
SE200455,Phan Khánh Linh,ojt.synthetic.se201122@gmail.com,K20,Công nghệ thông tin,Hệ thống thông tin,BIT_IS_K20D-21A,2,15
SE200456,Đỗ Khánh Linh,ojt.synthetic.se201123@gmail.com,K20,Công nghệ thông tin,Trí tuệ nhân tạo,BIT_AI_K19D-20A,4,42
SE200457,Bùi Khánh Linh,ojt.synthetic.se201124@gmail.com,K20,Công nghệ thông tin,An toàn thông tin,BIT_IA_K20B,3,27
SE200458,Trần Quang Huy,ojt.synthetic.se201125@gmail.com,K20,Công nghệ thông tin,Kỹ thuật phần mềm,BIT_SE_K20C,3,30
SE200459,Đặng Ngọc Mai,ojt.synthetic.se201126@gmail.com,K20,Công nghệ thông tin,Trí tuệ nhân tạo,BIT_AI_K20D-21A,2,15
SE200460,Trần Tuấn Kiệt,ojt.synthetic.se201127@gmail.com,K20,Công nghệ thông tin,Kỹ thuật phần mềm,BIT_SE_K19D-20A,4,42
SE200461,Võ Tuấn Kiệt,ojt.synthetic.se201128@gmail.com,K20,Công nghệ thông tin,An toàn thông tin,BIT_IA_K20B,3,30
SE200462,Võ Anh Tuấn,ojt.synthetic.se201129@gmail.com,K20,Công nghệ thông tin,Trí tuệ nhân tạo,BIT_AI_K20C,3,21
SE200463,Đặng Thanh Tâm,ojt.synthetic.se201130@gmail.com,K20,Công nghệ thông tin,An toàn thông tin,BIT_IA_K20D-21A,2,15
SE200464,Nguyễn Quang Huy,ojt.synthetic.se201131@gmail.com,K20,Công nghệ thông tin,Hệ thống thông tin,BIT_IS_K19D-20A,4,45
SE200465,Võ Hải Nam,ojt.synthetic.se201132@gmail.com,K20,Công nghệ thông tin,Hệ thống thông tin,BIT_IS_K20B,3,30
SE200466,Phan Anh Tuấn,ojt.synthetic.se201133@gmail.com,K20,Công nghệ thông tin,Kỹ thuật phần mềm,BIT_SE_K20C,3,21
SE200467,Vũ Bảo Ngọc,ojt.synthetic.se201134@gmail.com,K20,Công nghệ thông tin,An toàn thông tin,BIT_IA_K20D-21A,2,9
SE200468,Đỗ Trung Hiếu,ojt.synthetic.se201135@gmail.com,K20,Công nghệ thông tin,Kỹ thuật phần mềm,BIT_SE_K19D-20A,4,45
SE200469,Vũ Phương Thảo,ojt.synthetic.se201136@gmail.com,K20,Công nghệ thông tin,Trí tuệ nhân tạo,BIT_AI_K20B,3,24
SE200470,Nguyễn Quang Huy,ojt.synthetic.se201137@gmail.com,K20,Công nghệ thông tin,Hệ thống thông tin,BIT_IS_K20C,3,30
SE200471,Nguyễn Minh Quân,ojt.synthetic.se201138@gmail.com,K20,Công nghệ thông tin,Kỹ thuật phần mềm,BIT_SE_K20D-21A,2,15
SE200472,Đỗ Đức Minh,ojt.synthetic.se201139@gmail.com,K20,Công nghệ thông tin,Kỹ thuật phần mềm,BIT_SE_K19D-20A,4,45
SE200473,Võ Quang Huy,ojt.synthetic.se201140@gmail.com,K20,Công nghệ thông tin,Trí tuệ nhân tạo,BIT_AI_K20B,3,24
SE200474,Phan Hoàng Duy,ojt.synthetic.se201141@gmail.com,K20,Công nghệ thông tin,An toàn thông tin,BIT_IA_K20C,3,30
SE200475,Huỳnh Quang Huy,ojt.synthetic.se201142@gmail.com,K20,Công nghệ thông tin,Hệ thống thông tin,BIT_IS_K20D-21A,2,15
SE200476,Phạm Đức Minh,ojt.synthetic.se201143@gmail.com,K20,Công nghệ thông tin,An toàn thông tin,BIT_IA_K19D-20A,4,45
SE200477,Phạm Trung Hiếu,ojt.synthetic.se201144@gmail.com,K20,Công nghệ thông tin,Hệ thống thông tin,BIT_IS_K20B,3,30
SE200478,Trần Hải Nam,ojt.synthetic.se201145@gmail.com,K20,Công nghệ thông tin,An toàn thông tin,BIT_IA_K20C,3,30
SE200479,Phan Phương Thảo,ojt.synthetic.se201146@gmail.com,K20,Công nghệ thông tin,An toàn thông tin,BIT_IA_K20D-21A,2,12
SE200480,Phan Minh Anh,ojt.synthetic.se201147@gmail.com,K20,Công nghệ thông tin,Kỹ thuật phần mềm,BIT_SE_K19D-20A,4,42
SE200481,Đỗ Phương Thảo,ojt.synthetic.se201148@gmail.com,K20,Công nghệ thông tin,An toàn thông tin,BIT_IA_K20B,3,27
SE200482,Võ Minh Anh,ojt.synthetic.se201149@gmail.com,K20,Công nghệ thông tin,Hệ thống thông tin,BIT_IS_K20C,3,27
SE200483,Vũ Phương Thảo,ojt.synthetic.se201150@gmail.com,K20,Công nghệ thông tin,Trí tuệ nhân tạo,BIT_AI_K20D-21A,2,15
SE200484,Bùi Phương Thảo,ojt.synthetic.se201151@gmail.com,K20,Công nghệ thông tin,Hệ thống thông tin,BIT_IS_K19D-20A,4,45
SE200485,Đỗ Minh Anh,ojt.synthetic.se201152@gmail.com,K20,Công nghệ thông tin,Kỹ thuật phần mềm,BIT_SE_K20B,3,27
SE200486,Lê Hải Nam,ojt.synthetic.se201153@gmail.com,K20,Công nghệ thông tin,An toàn thông tin,BIT_IA_K20C,3,27
SE200487,Đặng Đức Minh,ojt.synthetic.se201154@gmail.com,K20,Công nghệ thông tin,Kỹ thuật phần mềm,BIT_SE_K20D-21A,2,12
SE200488,Đặng Anh Tuấn,ojt.synthetic.se201155@gmail.com,K20,Công nghệ thông tin,Trí tuệ nhân tạo,BIT_AI_K19D-20A,4,42
SE200489,Bùi Ngọc Mai,ojt.synthetic.se201156@gmail.com,K20,Công nghệ thông tin,An toàn thông tin,BIT_IA_K20B,3,30
SE200490,Lê Khánh Linh,ojt.synthetic.se201157@gmail.com,K20,Công nghệ thông tin,Kỹ thuật phần mềm,BIT_SE_K20C,3,30
SE200491,Đặng Gia Hân,ojt.synthetic.se201158@gmail.com,K20,Công nghệ thông tin,Hệ thống thông tin,BIT_IS_K20D-21A,2,12
SE200492,Vũ Minh Quân,ojt.synthetic.se201159@gmail.com,K20,Công nghệ thông tin,An toàn thông tin,BIT_IA_K19D-20A,4,45
SE200493,Đỗ Phương Thảo,ojt.synthetic.se201160@gmail.com,K20,Công nghệ thông tin,Kỹ thuật phần mềm,BIT_SE_K20B,3,21
SE200494,Lê Thanh Tâm,ojt.synthetic.se201161@gmail.com,K20,Công nghệ thông tin,Trí tuệ nhân tạo,BIT_AI_K20C,3,30
SE200495,Hoàng Đức Minh,ojt.synthetic.se201162@gmail.com,K20,Công nghệ thông tin,Hệ thống thông tin,BIT_IS_K20D-21A,2,15
SE200496,Phạm Quốc Bảo,ojt.synthetic.se201163@gmail.com,K20,Công nghệ thông tin,Kỹ thuật phần mềm,BIT_SE_K19D-20A,4,45
SE200497,Nguyễn Khánh Linh,ojt.synthetic.se201164@gmail.com,K20,Công nghệ thông tin,Kỹ thuật phần mềm,BIT_SE_K20B,3,30
SE200498,Lê Anh Tuấn,ojt.synthetic.se201165@gmail.com,K20,Công nghệ thông tin,Kỹ thuật phần mềm,BIT_SE_K20C,3,27
SE200499,Vũ Hoàng Duy,ojt.synthetic.se201166@gmail.com,K20,Công nghệ thông tin,Kỹ thuật phần mềm,BIT_SE_K20D-21A,2,12
SE200500,Lê Phương Thảo,ojt.synthetic.se201167@gmail.com,K20,Công nghệ thông tin,Trí tuệ nhân tạo,BIT_AI_K19D-20A,4,42
SE200501,Lê Đức Minh,ojt.synthetic.se201168@gmail.com,K20,Công nghệ thông tin,Hệ thống thông tin,BIT_IS_K20B,3,30
SE200502,Hoàng Hoàng Duy,ojt.synthetic.se201169@gmail.com,K20,Công nghệ thông tin,Kỹ thuật phần mềm,BIT_SE_K20C,3,30
SE200503,Trần Khánh Linh,ojt.synthetic.se201170@gmail.com,K20,Công nghệ thông tin,Trí tuệ nhân tạo,BIT_AI_K20D-21A,2,6
SE200504,Nguyễn Trung Hiếu,ojt.synthetic.se201171@gmail.com,K20,Công nghệ thông tin,An toàn thông tin,BIT_IA_K19D-20A,4,42
SE200505,Vũ Bảo Ngọc,ojt.synthetic.se201172@gmail.com,K20,Công nghệ thông tin,Trí tuệ nhân tạo,BIT_AI_K20B,3,27
SE200506,Võ Hải Nam,ojt.synthetic.se201173@gmail.com,K20,Công nghệ thông tin,Kỹ thuật phần mềm,BIT_SE_K20C,3,30
SE200507,Trần Minh Quân,ojt.synthetic.se201174@gmail.com,K20,Công nghệ thông tin,Hệ thống thông tin,BIT_IS_K20D-21A,2,15
SE200508,Vũ Hoàng Duy,ojt.synthetic.se201175@gmail.com,K20,Công nghệ thông tin,An toàn thông tin,BIT_IA_K19D-20A,4,45
SE200509,Hoàng Bảo Ngọc,ojt.synthetic.se201176@gmail.com,K20,Công nghệ thông tin,Trí tuệ nhân tạo,BIT_AI_K20B,3,30
SE200510,Trần Minh Anh,ojt.synthetic.se201177@gmail.com,K20,Công nghệ thông tin,Hệ thống thông tin,BIT_IS_K20C,3,27
SE200511,Phạm Phương Thảo,ojt.synthetic.se201178@gmail.com,K20,Công nghệ thông tin,Kỹ thuật phần mềm,BIT_SE_K20D-21A,2,9
SE200512,Vũ Minh Anh,ojt.synthetic.se201179@gmail.com,K20,Công nghệ thông tin,Hệ thống thông tin,BIT_IS_K19D-20A,4,45
SE200513,Lê Ngọc Mai,ojt.synthetic.se201180@gmail.com,K20,Công nghệ thông tin,An toàn thông tin,BIT_IA_K20B,3,30
SE200514,Bùi Gia Hân,ojt.synthetic.se201181@gmail.com,K20,Công nghệ thông tin,Trí tuệ nhân tạo,BIT_AI_K20C,3,30
SE200515,Đỗ Minh Anh,ojt.synthetic.se201182@gmail.com,K20,Công nghệ thông tin,Hệ thống thông tin,BIT_IS_K20D-21A,2,12
SE200516,Vũ Bảo Ngọc,ojt.synthetic.se201183@gmail.com,K20,Công nghệ thông tin,Hệ thống thông tin,BIT_IS_K19D-20A,4,45
SE200517,Đỗ Ngọc Mai,ojt.synthetic.se201184@gmail.com,K20,Công nghệ thông tin,Kỹ thuật phần mềm,BIT_SE_K20B,3,27
SE200518,Võ Minh Anh,ojt.synthetic.se201185@gmail.com,K20,Công nghệ thông tin,Hệ thống thông tin,BIT_IS_K20C,3,21
SE200519,Hoàng Bảo Ngọc,ojt.synthetic.se201186@gmail.com,K20,Công nghệ thông tin,Hệ thống thông tin,BIT_IS_K20D-21A,2,15
SE200520,Hoàng Minh Anh,ojt.synthetic.se201187@gmail.com,K20,Công nghệ thông tin,Kỹ thuật phần mềm,BIT_SE_K19D-20A,4,42
SE200521,Trần Tuấn Kiệt,ojt.synthetic.se201188@gmail.com,K20,Công nghệ thông tin,Kỹ thuật phần mềm,BIT_SE_K20B,3,27
SE200522,Nguyễn Thanh Tâm,ojt.synthetic.se201189@gmail.com,K20,Công nghệ thông tin,Trí tuệ nhân tạo,BIT_AI_K20C,3,30
SE200523,Võ Minh Anh,ojt.synthetic.se201190@gmail.com,K20,Công nghệ thông tin,Kỹ thuật phần mềm,BIT_SE_K20D-21A,2,15
SE200524,Huỳnh Hải Nam,ojt.synthetic.se201191@gmail.com,K20,Công nghệ thông tin,Trí tuệ nhân tạo,BIT_AI_K19D-20A,4,42
SE200525,Trần Trung Hiếu,ojt.synthetic.se201192@gmail.com,K20,Công nghệ thông tin,Hệ thống thông tin,BIT_IS_K20B,3,30
SE200526,Nguyễn Thanh Tâm,ojt.synthetic.se201193@gmail.com,K20,Công nghệ thông tin,Trí tuệ nhân tạo,BIT_AI_K20C,3,27
SE200527,Đỗ Anh Tuấn,ojt.synthetic.se201194@gmail.com,K20,Công nghệ thông tin,An toàn thông tin,BIT_IA_K20D-21A,2,12
SE200528,Phạm Gia Hân,ojt.synthetic.se201195@gmail.com,K20,Công nghệ thông tin,Trí tuệ nhân tạo,BIT_AI_K19D-20A,4,45
SE200529,Võ Thanh Tâm,ojt.synthetic.se201196@gmail.com,K20,Công nghệ thông tin,Hệ thống thông tin,BIT_IS_K20B,3,30
SE200530,Võ Khánh Linh,ojt.synthetic.se201197@gmail.com,K20,Công nghệ thông tin,Trí tuệ nhân tạo,BIT_AI_K20C,3,30
SE200531,Đỗ Ngọc Mai,ojt.synthetic.se201198@gmail.com,K20,Công nghệ thông tin,Trí tuệ nhân tạo,BIT_AI_K20D-21A,2,15
SE200532,Vũ Phương Thảo,ojt.synthetic.se201199@gmail.com,K20,Công nghệ thông tin,Trí tuệ nhân tạo,BIT_AI_K19D-20A,4,42
SE200533,Phan Tuấn Kiệt,ojt.synthetic.se201200@gmail.com,K20,Công nghệ thông tin,Kỹ thuật phần mềm,BIT_SE_K20B,3,24
SE200534,Phan Ngọc Mai,ojt.synthetic.se201201@gmail.com,K20,Công nghệ thông tin,An toàn thông tin,BIT_IA_K20C,3,30
SE200535,Võ Hải Nam,ojt.synthetic.se201202@gmail.com,K20,Công nghệ thông tin,Kỹ thuật phần mềm,BIT_SE_K20D-21A,2,15
SE200536,Lê Bảo Ngọc,ojt.synthetic.se201203@gmail.com,K20,Công nghệ thông tin,Trí tuệ nhân tạo,BIT_AI_K19D-20A,4,45
SE200537,Bùi Khánh Linh,ojt.synthetic.se201204@gmail.com,K20,Công nghệ thông tin,Trí tuệ nhân tạo,BIT_AI_K20B,3,30
SE200538,Trần Đức Minh,ojt.synthetic.se201205@gmail.com,K20,Công nghệ thông tin,Hệ thống thông tin,BIT_IS_K20C,3,27
SE200539,Vũ Phương Thảo,ojt.synthetic.se201206@gmail.com,K20,Công nghệ thông tin,Trí tuệ nhân tạo,BIT_AI_K20D-21A,2,15
SE200540,Trần Trung Hiếu,ojt.synthetic.se201207@gmail.com,K20,Công nghệ thông tin,Kỹ thuật phần mềm,BIT_SE_K19D-20A,4,45
SE200541,Đặng Minh Anh,ojt.synthetic.se201208@gmail.com,K20,Công nghệ thông tin,An toàn thông tin,BIT_IA_K20B,3,30
SE200542,Đỗ Hải Nam,ojt.synthetic.se201209@gmail.com,K20,Công nghệ thông tin,An toàn thông tin,BIT_IA_K20C,3,30
SE200543,Vũ Hải Nam,ojt.synthetic.se201210@gmail.com,K20,Công nghệ thông tin,Kỹ thuật phần mềm,BIT_SE_K20D-21A,2,12
SE200544,Trần Bảo Ngọc,ojt.synthetic.se201211@gmail.com,K20,Công nghệ thông tin,Hệ thống thông tin,BIT_IS_K19D-20A,4,45
SE200545,Đặng Đức Minh,ojt.synthetic.se201212@gmail.com,K20,Công nghệ thông tin,An toàn thông tin,BIT_IA_K20B,3,30
SE200546,Huỳnh Minh Quân,ojt.synthetic.se201213@gmail.com,K20,Công nghệ thông tin,An toàn thông tin,BIT_IA_K20C,3,30
SE200547,Đặng Bảo Ngọc,ojt.synthetic.se201214@gmail.com,K20,Công nghệ thông tin,Trí tuệ nhân tạo,BIT_AI_K20D-21A,2,12
SE200548,Đỗ Quang Huy,ojt.synthetic.se201215@gmail.com,K20,Công nghệ thông tin,Hệ thống thông tin,BIT_IS_K19D-20A,4,45
SE200549,Vũ Quang Huy,ojt.synthetic.se201216@gmail.com,K20,Công nghệ thông tin,Hệ thống thông tin,BIT_IS_K20B,3,30
SE200550,Phan Minh Anh,ojt.synthetic.se201217@gmail.com,K20,Công nghệ thông tin,Hệ thống thông tin,BIT_IS_K20C,3,21
SE200551,Huỳnh Đức Minh,ojt.synthetic.se201218@gmail.com,K20,Công nghệ thông tin,Trí tuệ nhân tạo,BIT_AI_K20D-21A,2,15
SE200552,Phạm Quang Huy,ojt.synthetic.se201219@gmail.com,K20,Công nghệ thông tin,Kỹ thuật phần mềm,BIT_SE_K19D-20A,4,39
SE200553,Bùi Thanh Tâm,ojt.synthetic.se201220@gmail.com,K20,Công nghệ thông tin,An toàn thông tin,BIT_IA_K20B,3,27
SE200554,Đặng Bảo Ngọc,ojt.synthetic.se201221@gmail.com,K20,Công nghệ thông tin,Trí tuệ nhân tạo,BIT_AI_K20C,3,30
SE200555,Phạm Phương Thảo,ojt.synthetic.se201222@gmail.com,K20,Công nghệ thông tin,An toàn thông tin,BIT_IA_K20D-21A,2,12
SE200556,Lê Khánh Linh,ojt.synthetic.se201223@gmail.com,K20,Công nghệ thông tin,Kỹ thuật phần mềm,BIT_SE_K19D-20A,4,45
SE200557,Huỳnh Gia Hân,ojt.synthetic.se201224@gmail.com,K20,Công nghệ thông tin,Hệ thống thông tin,BIT_IS_K20B,3,30
SE200558,Nguyễn Khánh Linh,ojt.synthetic.se201225@gmail.com,K20,Công nghệ thông tin,Trí tuệ nhân tạo,BIT_AI_K20C,3,30
SE200559,Đỗ Phương Thảo,ojt.synthetic.se201226@gmail.com,K20,Công nghệ thông tin,Trí tuệ nhân tạo,BIT_AI_K20D-21A,2,15
SE200560,Võ Đức Minh,ojt.synthetic.se201227@gmail.com,K20,Công nghệ thông tin,Hệ thống thông tin,BIT_IS_K19D-20A,4,45
SE200561,Trần Quốc Bảo,ojt.synthetic.se201228@gmail.com,K20,Công nghệ thông tin,An toàn thông tin,BIT_IA_K20B,3,27
SE200562,Phan Minh Quân,ojt.synthetic.se201229@gmail.com,K20,Công nghệ thông tin,Hệ thống thông tin,BIT_IS_K20C,3,30
SE200563,Đỗ Hải Nam,ojt.synthetic.se201230@gmail.com,K20,Công nghệ thông tin,An toàn thông tin,BIT_IA_K20D-21A,2,9
SE200564,Đỗ Bảo Ngọc,ojt.synthetic.se201231@gmail.com,K20,Công nghệ thông tin,Trí tuệ nhân tạo,BIT_AI_K19D-20A,4,42
SE200565,Đặng Tuấn Kiệt,ojt.synthetic.se201232@gmail.com,K20,Công nghệ thông tin,Hệ thống thông tin,BIT_IS_K20B,3,30
SE200566,Đỗ Thanh Tâm,ojt.synthetic.se201233@gmail.com,K20,Công nghệ thông tin,Trí tuệ nhân tạo,BIT_AI_K20C,3,27
SE200567,Lê Đức Minh,ojt.synthetic.se201234@gmail.com,K20,Công nghệ thông tin,Hệ thống thông tin,BIT_IS_K20D-21A,2,15
SE200568,Phan Minh Anh,ojt.synthetic.se201235@gmail.com,K20,Công nghệ thông tin,An toàn thông tin,BIT_IA_K19D-20A,4,42
SE200569,Đặng Hải Nam,ojt.synthetic.se201236@gmail.com,K20,Công nghệ thông tin,An toàn thông tin,BIT_IA_K20B,3,27
SE200570,Đỗ Khánh Linh,ojt.synthetic.se201237@gmail.com,K20,Công nghệ thông tin,An toàn thông tin,BIT_IA_K20C,3,27
SE200571,Vũ Gia Hân,ojt.synthetic.se201238@gmail.com,K20,Công nghệ thông tin,Hệ thống thông tin,BIT_IS_K20D-21A,2,15
SE200572,Phạm Thanh Tâm,ojt.synthetic.se201239@gmail.com,K20,Công nghệ thông tin,Trí tuệ nhân tạo,BIT_AI_K19D-20A,4,39
SE200573,Võ Anh Tuấn,ojt.synthetic.se201240@gmail.com,K20,Công nghệ thông tin,Hệ thống thông tin,BIT_IS_K20B,3,21
SE200574,Võ Trung Hiếu,ojt.synthetic.se201241@gmail.com,K20,Công nghệ thông tin,Kỹ thuật phần mềm,BIT_SE_K20C,3,21
SE200575,Hoàng Hải Nam,ojt.synthetic.se201242@gmail.com,K20,Công nghệ thông tin,An toàn thông tin,BIT_IA_K20D-21A,2,12
SE200576,Lê Gia Hân,ojt.synthetic.se201243@gmail.com,K20,Công nghệ thông tin,An toàn thông tin,BIT_IA_K19D-20A,4,42
SE200577,Đặng Tuấn Kiệt,ojt.synthetic.se201244@gmail.com,K20,Công nghệ thông tin,Hệ thống thông tin,BIT_IS_K20B,3,30
SE200578,Trần Bảo Ngọc,ojt.synthetic.se201245@gmail.com,K20,Công nghệ thông tin,An toàn thông tin,BIT_IA_K20C,3,24
SE200579,Trần Minh Quân,ojt.synthetic.se201246@gmail.com,K20,Công nghệ thông tin,Kỹ thuật phần mềm,BIT_SE_K20D-21A,2,12
SE200580,Phan Phương Thảo,ojt.synthetic.se201247@gmail.com,K20,Công nghệ thông tin,Hệ thống thông tin,BIT_IS_K19D-20A,4,42
SE200581,Nguyễn Minh Anh,ojt.synthetic.se201248@gmail.com,K20,Công nghệ thông tin,Kỹ thuật phần mềm,BIT_SE_K20B,3,30
SE200582,Phan Khánh Linh,ojt.synthetic.se201249@gmail.com,K20,Công nghệ thông tin,Hệ thống thông tin,BIT_IS_K20C,3,30
SE200583,Vũ Hải Nam,ojt.synthetic.se201250@gmail.com,K20,Công nghệ thông tin,Trí tuệ nhân tạo,BIT_AI_K20D-21A,2,12
SE200584,Phan Khánh Linh,ojt.synthetic.se201251@gmail.com,K20,Công nghệ thông tin,Trí tuệ nhân tạo,BIT_AI_K19D-20A,4,45
SE200585,Bùi Hải Nam,ojt.synthetic.se201252@gmail.com,K20,Công nghệ thông tin,Kỹ thuật phần mềm,BIT_SE_K20B,3,30
SE200586,Vũ Hoàng Duy,ojt.synthetic.se201253@gmail.com,K20,Công nghệ thông tin,Kỹ thuật phần mềm,BIT_SE_K20C,3,30
SE200587,Lê Bảo Ngọc,ojt.synthetic.se201254@gmail.com,K20,Công nghệ thông tin,Kỹ thuật phần mềm,BIT_SE_K20D-21A,2,15
SE200588,Võ Hoàng Duy,ojt.synthetic.se201255@gmail.com,K20,Công nghệ thông tin,Kỹ thuật phần mềm,BIT_SE_K19D-20A,4,45
SE200589,Bùi Bảo Ngọc,ojt.synthetic.se201256@gmail.com,K20,Công nghệ thông tin,An toàn thông tin,BIT_IA_K20B,3,30
SE200590,Phạm Gia Hân,ojt.synthetic.se201257@gmail.com,K20,Công nghệ thông tin,Trí tuệ nhân tạo,BIT_AI_K20C,3,27
SE200591,Hoàng Quốc Bảo,ojt.synthetic.se201258@gmail.com,K20,Công nghệ thông tin,An toàn thông tin,BIT_IA_K20D-21A,2,6
SE200592,Nguyễn Thanh Tâm,ojt.synthetic.se201259@gmail.com,K20,Công nghệ thông tin,Kỹ thuật phần mềm,BIT_SE_K19D-20A,4,42
SE200593,Đặng Phương Thảo,ojt.synthetic.se201260@gmail.com,K20,Công nghệ thông tin,Hệ thống thông tin,BIT_IS_K20B,3,30
SE200594,Phạm Minh Quân,ojt.synthetic.se201261@gmail.com,K20,Công nghệ thông tin,Hệ thống thông tin,BIT_IS_K20C,3,30
SE200595,Nguyễn Gia Hân,ojt.synthetic.se201262@gmail.com,K20,Công nghệ thông tin,Trí tuệ nhân tạo,BIT_AI_K20D-21A,2,12
SE200596,Lê Trung Hiếu,ojt.synthetic.se201263@gmail.com,K20,Công nghệ thông tin,Trí tuệ nhân tạo,BIT_AI_K19D-20A,4,42
SE200597,Bùi Hải Nam,ojt.synthetic.se201264@gmail.com,K20,Công nghệ thông tin,An toàn thông tin,BIT_IA_K20B,3,21
SE200598,Phan Đức Minh,ojt.synthetic.se201265@gmail.com,K20,Công nghệ thông tin,Hệ thống thông tin,BIT_IS_K20C,3,30
SE200599,Đỗ Khánh Linh,ojt.synthetic.se201266@gmail.com,K20,Công nghệ thông tin,Trí tuệ nhân tạo,BIT_AI_K20D-21A,2,15
SE200600,Võ Thanh Tâm,ojt.synthetic.se201267@gmail.com,K20,Công nghệ thông tin,Hệ thống thông tin,BIT_IS_K19D-20A,4,45
SE200601,Vũ Trung Hiếu,ojt.synthetic.se201268@gmail.com,K20,Công nghệ thông tin,Trí tuệ nhân tạo,BIT_AI_K20B,3,30
SE200602,Lê Hoàng Duy,ojt.synthetic.se201269@gmail.com,K20,Công nghệ thông tin,An toàn thông tin,BIT_IA_K20C,3,30
SE200603,Đỗ Phương Thảo,ojt.synthetic.se201270@gmail.com,K20,Công nghệ thông tin,Trí tuệ nhân tạo,BIT_AI_K20D-21A,2,9
SE200604,Đỗ Ngọc Mai,ojt.synthetic.se201271@gmail.com,K20,Công nghệ thông tin,Kỹ thuật phần mềm,BIT_SE_K19D-20A,4,45
SE200605,Hoàng Ngọc Mai,ojt.synthetic.se201272@gmail.com,K20,Công nghệ thông tin,An toàn thông tin,BIT_IA_K20B,3,30
SE200606,Huỳnh Thanh Tâm,ojt.synthetic.se201273@gmail.com,K20,Công nghệ thông tin,Kỹ thuật phần mềm,BIT_SE_K20C,3,30
SE200607,Đặng Thanh Tâm,ojt.synthetic.se201274@gmail.com,K20,Công nghệ thông tin,Hệ thống thông tin,BIT_IS_K20D-21A,2,12
SE200608,Vũ Hải Nam,ojt.synthetic.se201275@gmail.com,K20,Công nghệ thông tin,Hệ thống thông tin,BIT_IS_K19D-20A,4,39
SE200609,Vũ Quang Huy,ojt.synthetic.se201276@gmail.com,K20,Công nghệ thông tin,Kỹ thuật phần mềm,BIT_SE_K20B,3,30
SE200610,Võ Hoàng Duy,ojt.synthetic.se201277@gmail.com,K20,Công nghệ thông tin,An toàn thông tin,BIT_IA_K20C,3,30
SE200611,Phạm Quốc Bảo,ojt.synthetic.se201278@gmail.com,K20,Công nghệ thông tin,Hệ thống thông tin,BIT_IS_K20D-21A,2,9
SE200612,Hoàng Thanh Tâm,ojt.synthetic.se201279@gmail.com,K20,Công nghệ thông tin,Trí tuệ nhân tạo,BIT_AI_K19D-20A,4,42
SE200613,Phan Quang Huy,ojt.synthetic.se201280@gmail.com,K20,Công nghệ thông tin,An toàn thông tin,BIT_IA_K20B,3,30
SE200614,Hoàng Trung Hiếu,ojt.synthetic.se201281@gmail.com,K20,Công nghệ thông tin,Trí tuệ nhân tạo,BIT_AI_K20C,3,30
SE200615,Phạm Ngọc Mai,ojt.synthetic.se201282@gmail.com,K20,Công nghệ thông tin,Hệ thống thông tin,BIT_IS_K20D-21A,2,15
SE200616,Trần Quốc Bảo,ojt.synthetic.se201283@gmail.com,K20,Công nghệ thông tin,Hệ thống thông tin,BIT_IS_K19D-20A,4,45
SE200617,Phạm Hải Nam,ojt.synthetic.se201284@gmail.com,K20,Công nghệ thông tin,Kỹ thuật phần mềm,BIT_SE_K20B,3,30
SE200618,Đỗ Ngọc Mai,ojt.synthetic.se201285@gmail.com,K20,Công nghệ thông tin,Hệ thống thông tin,BIT_IS_K20C,3,30
SE200619,Phan Minh Anh,ojt.synthetic.se201286@gmail.com,K20,Công nghệ thông tin,Trí tuệ nhân tạo,BIT_AI_K20D-21A,2,15
SE200620,Huỳnh Minh Quân,ojt.synthetic.se201287@gmail.com,K20,Công nghệ thông tin,An toàn thông tin,BIT_IA_K19D-20A,4,45
SE200621,Phan Gia Hân,ojt.synthetic.se201288@gmail.com,K20,Công nghệ thông tin,Kỹ thuật phần mềm,BIT_SE_K20B,3,30
SE200622,Hoàng Minh Quân,ojt.synthetic.se201289@gmail.com,K20,Công nghệ thông tin,An toàn thông tin,BIT_IA_K20C,3,30
SE200623,Lê Minh Anh,ojt.synthetic.se201290@gmail.com,K20,Công nghệ thông tin,Trí tuệ nhân tạo,BIT_AI_K20D-21A,2,9
SE200624,Vũ Quang Huy,ojt.synthetic.se201291@gmail.com,K20,Công nghệ thông tin,Hệ thống thông tin,BIT_IS_K19D-20A,4,42
SE200625,Bùi Khánh Linh,ojt.synthetic.se201292@gmail.com,K20,Công nghệ thông tin,Kỹ thuật phần mềm,BIT_SE_K20B,3,27
SE200626,Đặng Khánh Linh,ojt.synthetic.se201293@gmail.com,K20,Công nghệ thông tin,Kỹ thuật phần mềm,BIT_SE_K20C,3,30
SE200627,Trần Hải Nam,ojt.synthetic.se201294@gmail.com,K20,Công nghệ thông tin,Hệ thống thông tin,BIT_IS_K20D-21A,2,6
SE200628,Lê Đức Minh,ojt.synthetic.se201295@gmail.com,K20,Công nghệ thông tin,Trí tuệ nhân tạo,BIT_AI_K19D-20A,4,42
SE200629,Võ Trung Hiếu,ojt.synthetic.se201296@gmail.com,K20,Công nghệ thông tin,Trí tuệ nhân tạo,BIT_AI_K20B,3,30
SE200630,Trần Phương Thảo,ojt.synthetic.se201297@gmail.com,K20,Công nghệ thông tin,Trí tuệ nhân tạo,BIT_AI_K20C,3,24
SE200631,Huỳnh Minh Anh,ojt.synthetic.se201298@gmail.com,K20,Công nghệ thông tin,Trí tuệ nhân tạo,BIT_AI_K20D-21A,2,15
SE200632,Đặng Ngọc Mai,ojt.synthetic.se201299@gmail.com,K20,Công nghệ thông tin,Trí tuệ nhân tạo,BIT_AI_K19D-20A,4,45
SE200633,Đặng Quang Huy,ojt.synthetic.se201300@gmail.com,K20,Công nghệ thông tin,An toàn thông tin,BIT_IA_K20B,3,27
SE200634,Đặng Ngọc Mai,ojt.synthetic.se201301@gmail.com,K20,Công nghệ thông tin,Kỹ thuật phần mềm,BIT_SE_K20C,3,27
SE200635,Lê Anh Tuấn,ojt.synthetic.se201302@gmail.com,K20,Công nghệ thông tin,Trí tuệ nhân tạo,BIT_AI_K20D-21A,2,15
SE200636,Bùi Hoàng Duy,ojt.synthetic.se201303@gmail.com,K20,Công nghệ thông tin,Kỹ thuật phần mềm,BIT_SE_K19D-20A,4,36
SE200637,Vũ Quang Huy,ojt.synthetic.se201304@gmail.com,K20,Công nghệ thông tin,Kỹ thuật phần mềm,BIT_SE_K20B,3,27
SE200638,Lê Khánh Linh,ojt.synthetic.se201305@gmail.com,K20,Công nghệ thông tin,An toàn thông tin,BIT_IA_K20C,3,27
SE200639,Phan Khánh Linh,ojt.synthetic.se201306@gmail.com,K20,Công nghệ thông tin,Kỹ thuật phần mềm,BIT_SE_K20D-21A,2,15
SE200640,Nguyễn Anh Tuấn,ojt.synthetic.se201307@gmail.com,K20,Công nghệ thông tin,Hệ thống thông tin,BIT_IS_K19D-20A,4,42
SE200641,Võ Quốc Bảo,ojt.synthetic.se201308@gmail.com,K20,Công nghệ thông tin,Trí tuệ nhân tạo,BIT_AI_K20B,3,30
SE200642,Vũ Hoàng Duy,ojt.synthetic.se201309@gmail.com,K20,Công nghệ thông tin,An toàn thông tin,BIT_IA_K20C,3,27
SE200643,Phan Quốc Bảo,ojt.synthetic.se201310@gmail.com,K20,Công nghệ thông tin,Kỹ thuật phần mềm,BIT_SE_K20D-21A,2,6
SE200644,Hoàng Tuấn Kiệt,ojt.synthetic.se201311@gmail.com,K20,Công nghệ thông tin,Hệ thống thông tin,BIT_IS_K19D-20A,4,45
SE200645,Phạm Đức Minh,ojt.synthetic.se201312@gmail.com,K20,Công nghệ thông tin,Trí tuệ nhân tạo,BIT_AI_K20B,3,24
SE200646,Võ Tuấn Kiệt,ojt.synthetic.se201313@gmail.com,K20,Công nghệ thông tin,An toàn thông tin,BIT_IA_K20C,3,30
SE200647,Nguyễn Quang Huy,ojt.synthetic.se201314@gmail.com,K20,Công nghệ thông tin,Hệ thống thông tin,BIT_IS_K20D-21A,2,12
SE200648,Phan Bảo Ngọc,ojt.synthetic.se201315@gmail.com,K20,Công nghệ thông tin,An toàn thông tin,BIT_IA_K19D-20A,4,45
SE200649,Đỗ Gia Hân,ojt.synthetic.se201316@gmail.com,K20,Công nghệ thông tin,Trí tuệ nhân tạo,BIT_AI_K20B,3,30
SE200650,Trần Gia Hân,ojt.synthetic.se201317@gmail.com,K20,Công nghệ thông tin,An toàn thông tin,BIT_IA_K20C,3,30
SE200651,Lê Phương Thảo,ojt.synthetic.se201318@gmail.com,K20,Công nghệ thông tin,An toàn thông tin,BIT_IA_K20D-21A,2,6
SE200652,Đỗ Quốc Bảo,ojt.synthetic.se201319@gmail.com,K20,Công nghệ thông tin,An toàn thông tin,BIT_IA_K19D-20A,4,36
SE200653,Đặng Minh Quân,ojt.synthetic.se201320@gmail.com,K20,Công nghệ thông tin,Kỹ thuật phần mềm,BIT_SE_K20B,3,30
SE200654,Đặng Trung Hiếu,ojt.synthetic.se201321@gmail.com,K20,Công nghệ thông tin,An toàn thông tin,BIT_IA_K20C,3,30
SE200655,Nguyễn Gia Hân,ojt.synthetic.se201322@gmail.com,K20,Công nghệ thông tin,Trí tuệ nhân tạo,BIT_AI_K20D-21A,2,15
SE200656,Trần Tuấn Kiệt,ojt.synthetic.se201323@gmail.com,K20,Công nghệ thông tin,Trí tuệ nhân tạo,BIT_AI_K19D-20A,4,42
SE200657,Phan Ngọc Mai,ojt.synthetic.se201324@gmail.com,K20,Công nghệ thông tin,Trí tuệ nhân tạo,BIT_AI_K20B,3,30
SE200658,Trần Minh Anh,ojt.synthetic.se201325@gmail.com,K20,Công nghệ thông tin,Kỹ thuật phần mềm,BIT_SE_K20C,3,27
SE200659,Trần Quốc Bảo,ojt.synthetic.se201326@gmail.com,K20,Công nghệ thông tin,Hệ thống thông tin,BIT_IS_K20D-21A,2,9
SE200660,Phạm Anh Tuấn,ojt.synthetic.se201327@gmail.com,K20,Công nghệ thông tin,Trí tuệ nhân tạo,BIT_AI_K19D-20A,4,45
SE200661,Trần Hải Nam,ojt.synthetic.se201328@gmail.com,K20,Công nghệ thông tin,Hệ thống thông tin,BIT_IS_K20B,3,30
SE200662,Đỗ Quốc Bảo,ojt.synthetic.se201329@gmail.com,K20,Công nghệ thông tin,Kỹ thuật phần mềm,BIT_SE_K20C,3,27
SE200663,Hoàng Khánh Linh,ojt.synthetic.se201330@gmail.com,K20,Công nghệ thông tin,Kỹ thuật phần mềm,BIT_SE_K20D-21A,2,12
SE200664,Võ Quang Huy,ojt.synthetic.se201331@gmail.com,K20,Công nghệ thông tin,Kỹ thuật phần mềm,BIT_SE_K19D-20A,4,45
SE200665,Trần Gia Hân,ojt.synthetic.se201332@gmail.com,K20,Công nghệ thông tin,An toàn thông tin,BIT_IA_K20B,3,30
SE200666,Nguyễn Hải Nam,ojt.synthetic.se201333@gmail.com,K20,Công nghệ thông tin,Trí tuệ nhân tạo,BIT_AI_K20C,3,27
SE210000,Nguyễn Phương Thảo,ojt.synthetic.se211334@gmail.com,K21,Công nghệ thông tin,Kỹ thuật phần mềm,BIT_SE_K20D-21A,2,15
SE210001,Võ Minh Quân,ojt.synthetic.se211335@gmail.com,K21,Công nghệ thông tin,Trí tuệ nhân tạo,BIT_AI_K21B,2,15
SE210002,Trần Hoàng Duy,ojt.synthetic.se211336@gmail.com,K21,Công nghệ thông tin,Trí tuệ nhân tạo,BIT_AI_K21C,1,0
SE210003,Phạm Phương Thảo,ojt.synthetic.se211337@gmail.com,K21,Công nghệ thông tin,Hệ thống thông tin,BIT_IS_K21D-22A,1,0
SE210004,Phạm Hải Nam,ojt.synthetic.se211338@gmail.com,K21,Công nghệ thông tin,An toàn thông tin,BIT_IA_K20D-21A,2,12
SE210005,Vũ Anh Tuấn,ojt.synthetic.se211339@gmail.com,K21,Công nghệ thông tin,Kỹ thuật phần mềm,BIT_SE_K21B,2,15
SE210006,Lê Hoàng Duy,ojt.synthetic.se211340@gmail.com,K21,Công nghệ thông tin,Hệ thống thông tin,BIT_IS_K21C,1,0
SE210007,Võ Phương Thảo,ojt.synthetic.se211341@gmail.com,K21,Công nghệ thông tin,An toàn thông tin,BIT_IA_K21D-22A,1,0
SE210008,Võ Phương Thảo,ojt.synthetic.se211342@gmail.com,K21,Công nghệ thông tin,An toàn thông tin,BIT_IA_K20D-21A,2,15
SE210009,Nguyễn Tuấn Kiệt,ojt.synthetic.se211343@gmail.com,K21,Công nghệ thông tin,An toàn thông tin,BIT_IA_K21B,2,12
SE210010,Phạm Quốc Bảo,ojt.synthetic.se211344@gmail.com,K21,Công nghệ thông tin,An toàn thông tin,BIT_IA_K21C,1,0
SE210011,Phạm Trung Hiếu,ojt.synthetic.se211345@gmail.com,K21,Công nghệ thông tin,An toàn thông tin,BIT_IA_K21D-22A,1,0
SE210012,Vũ Khánh Linh,ojt.synthetic.se211346@gmail.com,K21,Công nghệ thông tin,Trí tuệ nhân tạo,BIT_AI_K20D-21A,2,12
SE210013,Phan Phương Thảo,ojt.synthetic.se211347@gmail.com,K21,Công nghệ thông tin,Hệ thống thông tin,BIT_IS_K21B,2,15
SE210014,Huỳnh Quốc Bảo,ojt.synthetic.se211348@gmail.com,K21,Công nghệ thông tin,An toàn thông tin,BIT_IA_K21C,1,0
SE210015,Phạm Hải Nam,ojt.synthetic.se211349@gmail.com,K21,Công nghệ thông tin,Kỹ thuật phần mềm,BIT_SE_K21D-22A,1,0
SE210016,Huỳnh Hải Nam,ojt.synthetic.se211350@gmail.com,K21,Công nghệ thông tin,Kỹ thuật phần mềm,BIT_SE_K20D-21A,2,15
SE210017,Đặng Quang Huy,ojt.synthetic.se211351@gmail.com,K21,Công nghệ thông tin,Trí tuệ nhân tạo,BIT_AI_K21B,2,9
SE210018,Lê Khánh Linh,ojt.synthetic.se211352@gmail.com,K21,Công nghệ thông tin,Kỹ thuật phần mềm,BIT_SE_K21C,1,0
SE210019,Võ Minh Anh,ojt.synthetic.se211353@gmail.com,K21,Công nghệ thông tin,Trí tuệ nhân tạo,BIT_AI_K21D-22A,1,0
SE210020,Phạm Quốc Bảo,ojt.synthetic.se211354@gmail.com,K21,Công nghệ thông tin,Trí tuệ nhân tạo,BIT_AI_K20D-21A,2,15
SE210021,Đỗ Minh Anh,ojt.synthetic.se211355@gmail.com,K21,Công nghệ thông tin,Trí tuệ nhân tạo,BIT_AI_K21B,2,12
SE210022,Hoàng Minh Anh,ojt.synthetic.se211356@gmail.com,K21,Công nghệ thông tin,Kỹ thuật phần mềm,BIT_SE_K21C,1,0
SE210023,Đỗ Minh Anh,ojt.synthetic.se211357@gmail.com,K21,Công nghệ thông tin,Kỹ thuật phần mềm,BIT_SE_K21D-22A,1,0
SE210024,Đỗ Thanh Tâm,ojt.synthetic.se211358@gmail.com,K21,Công nghệ thông tin,Hệ thống thông tin,BIT_IS_K20D-21A,2,12
SE210025,Trần Trung Hiếu,ojt.synthetic.se211359@gmail.com,K21,Công nghệ thông tin,Kỹ thuật phần mềm,BIT_SE_K21B,2,15
SE210026,Trần Đức Minh,ojt.synthetic.se211360@gmail.com,K21,Công nghệ thông tin,Kỹ thuật phần mềm,BIT_SE_K21C,1,0
SE210027,Vũ Minh Quân,ojt.synthetic.se211361@gmail.com,K21,Công nghệ thông tin,An toàn thông tin,BIT_IA_K21D-22A,1,0
SE210028,Phạm Bảo Ngọc,ojt.synthetic.se211362@gmail.com,K21,Công nghệ thông tin,Hệ thống thông tin,BIT_IS_K20D-21A,2,15
SE210029,Phạm Minh Anh,ojt.synthetic.se211363@gmail.com,K21,Công nghệ thông tin,Hệ thống thông tin,BIT_IS_K21B,2,12
SE210030,Bùi Tuấn Kiệt,ojt.synthetic.se211364@gmail.com,K21,Công nghệ thông tin,Kỹ thuật phần mềm,BIT_SE_K21C,1,0
SE210031,Trần Gia Hân,ojt.synthetic.se211365@gmail.com,K21,Công nghệ thông tin,Hệ thống thông tin,BIT_IS_K21D-22A,1,0
SE210032,Bùi Hải Nam,ojt.synthetic.se211366@gmail.com,K21,Công nghệ thông tin,An toàn thông tin,BIT_IA_K20D-21A,2,12
SE210033,Đặng Ngọc Mai,ojt.synthetic.se211367@gmail.com,K21,Công nghệ thông tin,Kỹ thuật phần mềm,BIT_SE_K21B,2,15
SE210034,Trần Hải Nam,ojt.synthetic.se211368@gmail.com,K21,Công nghệ thông tin,An toàn thông tin,BIT_IA_K21C,1,0
SE210035,Lê Phương Thảo,ojt.synthetic.se211369@gmail.com,K21,Công nghệ thông tin,An toàn thông tin,BIT_IA_K21D-22A,1,0
SE210036,Nguyễn Quốc Bảo,ojt.synthetic.se211370@gmail.com,K21,Công nghệ thông tin,Trí tuệ nhân tạo,BIT_AI_K20D-21A,2,12
SE210037,Phạm Minh Quân,ojt.synthetic.se211371@gmail.com,K21,Công nghệ thông tin,Kỹ thuật phần mềm,BIT_SE_K21B,2,15
SE210038,Huỳnh Thanh Tâm,ojt.synthetic.se211372@gmail.com,K21,Công nghệ thông tin,Trí tuệ nhân tạo,BIT_AI_K21C,1,0
SE210039,Vũ Thanh Tâm,ojt.synthetic.se211373@gmail.com,K21,Công nghệ thông tin,Kỹ thuật phần mềm,BIT_SE_K21D-22A,1,0
SE210040,Huỳnh Quốc Bảo,ojt.synthetic.se211374@gmail.com,K21,Công nghệ thông tin,An toàn thông tin,BIT_IA_K20D-21A,2,15
SE210041,Phạm Quốc Bảo,ojt.synthetic.se211375@gmail.com,K21,Công nghệ thông tin,An toàn thông tin,BIT_IA_K21B,2,15
SE210042,Nguyễn Quang Huy,ojt.synthetic.se211376@gmail.com,K21,Công nghệ thông tin,Trí tuệ nhân tạo,BIT_AI_K21C,1,0
SE210043,Vũ Trung Hiếu,ojt.synthetic.se211377@gmail.com,K21,Công nghệ thông tin,An toàn thông tin,BIT_IA_K21D-22A,1,0
SE210044,Vũ Trung Hiếu,ojt.synthetic.se211378@gmail.com,K21,Công nghệ thông tin,Trí tuệ nhân tạo,BIT_AI_K20D-21A,2,9
SE210045,Đặng Hải Nam,ojt.synthetic.se211379@gmail.com,K21,Công nghệ thông tin,Hệ thống thông tin,BIT_IS_K21B,2,9
SE210046,Nguyễn Quốc Bảo,ojt.synthetic.se211380@gmail.com,K21,Công nghệ thông tin,Hệ thống thông tin,BIT_IS_K21C,1,0
SE210047,Nguyễn Gia Hân,ojt.synthetic.se211381@gmail.com,K21,Công nghệ thông tin,Hệ thống thông tin,BIT_IS_K21D-22A,1,0
SE210048,Đặng Minh Quân,ojt.synthetic.se211382@gmail.com,K21,Công nghệ thông tin,Hệ thống thông tin,BIT_IS_K20D-21A,2,15
SE210049,Vũ Thanh Tâm,ojt.synthetic.se211383@gmail.com,K21,Công nghệ thông tin,Kỹ thuật phần mềm,BIT_SE_K21B,2,15
SE210050,Lê Gia Hân,ojt.synthetic.se211384@gmail.com,K21,Công nghệ thông tin,Hệ thống thông tin,BIT_IS_K21C,1,0
SE210051,Phan Khánh Linh,ojt.synthetic.se211385@gmail.com,K21,Công nghệ thông tin,Hệ thống thông tin,BIT_IS_K21D-22A,1,0
SE210052,Phan Quang Huy,ojt.synthetic.se211386@gmail.com,K21,Công nghệ thông tin,An toàn thông tin,BIT_IA_K20D-21A,2,15
SE210053,Hoàng Hoàng Duy,ojt.synthetic.se211387@gmail.com,K21,Công nghệ thông tin,Hệ thống thông tin,BIT_IS_K21B,2,12
SE210054,Đặng Đức Minh,ojt.synthetic.se211388@gmail.com,K21,Công nghệ thông tin,Kỹ thuật phần mềm,BIT_SE_K21C,1,0
SE210055,Phạm Thanh Tâm,ojt.synthetic.se211389@gmail.com,K21,Công nghệ thông tin,Trí tuệ nhân tạo,BIT_AI_K21D-22A,1,0
SE210056,Lê Thanh Tâm,ojt.synthetic.se211390@gmail.com,K21,Công nghệ thông tin,Trí tuệ nhân tạo,BIT_AI_K20D-21A,2,12
SE210057,Hoàng Bảo Ngọc,ojt.synthetic.se211391@gmail.com,K21,Công nghệ thông tin,Kỹ thuật phần mềm,BIT_SE_K21B,2,12
SE210058,Đặng Hải Nam,ojt.synthetic.se211392@gmail.com,K21,Công nghệ thông tin,An toàn thông tin,BIT_IA_K21C,1,0
SE210059,Đỗ Bảo Ngọc,ojt.synthetic.se211393@gmail.com,K21,Công nghệ thông tin,Kỹ thuật phần mềm,BIT_SE_K21D-22A,1,0
SE210060,Võ Đức Minh,ojt.synthetic.se211394@gmail.com,K21,Công nghệ thông tin,An toàn thông tin,BIT_IA_K20D-21A,2,15
SE210061,Bùi Hải Nam,ojt.synthetic.se211395@gmail.com,K21,Công nghệ thông tin,An toàn thông tin,BIT_IA_K21B,2,6
SE210062,Nguyễn Hoàng Duy,ojt.synthetic.se211396@gmail.com,K21,Công nghệ thông tin,Hệ thống thông tin,BIT_IS_K21C,1,0
SE210063,Vũ Trung Hiếu,ojt.synthetic.se211397@gmail.com,K21,Công nghệ thông tin,Trí tuệ nhân tạo,BIT_AI_K21D-22A,1,0
SE210064,Đặng Anh Tuấn,ojt.synthetic.se211398@gmail.com,K21,Công nghệ thông tin,Hệ thống thông tin,BIT_IS_K20D-21A,2,15
SE210065,Võ Gia Hân,ojt.synthetic.se211399@gmail.com,K21,Công nghệ thông tin,An toàn thông tin,BIT_IA_K21B,2,15
SE210066,Lê Hải Nam,ojt.synthetic.se211400@gmail.com,K21,Công nghệ thông tin,An toàn thông tin,BIT_IA_K21C,1,0
SE210067,Nguyễn Đức Minh,ojt.synthetic.se211401@gmail.com,K21,Công nghệ thông tin,Trí tuệ nhân tạo,BIT_AI_K21D-22A,1,0
SE210068,Hoàng Quang Huy,ojt.synthetic.se211402@gmail.com,K21,Công nghệ thông tin,Hệ thống thông tin,BIT_IS_K20D-21A,2,12
SE210069,Lê Anh Tuấn,ojt.synthetic.se211403@gmail.com,K21,Công nghệ thông tin,Trí tuệ nhân tạo,BIT_AI_K21B,2,15
SE210070,Bùi Bảo Ngọc,ojt.synthetic.se211404@gmail.com,K21,Công nghệ thông tin,Hệ thống thông tin,BIT_IS_K21C,1,0
SE210071,Đặng Thanh Tâm,ojt.synthetic.se211405@gmail.com,K21,Công nghệ thông tin,Trí tuệ nhân tạo,BIT_AI_K21D-22A,1,0
SE210072,Đặng Tuấn Kiệt,ojt.synthetic.se211406@gmail.com,K21,Công nghệ thông tin,An toàn thông tin,BIT_IA_K20D-21A,2,15
SE210073,Võ Trung Hiếu,ojt.synthetic.se211407@gmail.com,K21,Công nghệ thông tin,Trí tuệ nhân tạo,BIT_AI_K21B,2,15
SE210074,Hoàng Bảo Ngọc,ojt.synthetic.se211408@gmail.com,K21,Công nghệ thông tin,Kỹ thuật phần mềm,BIT_SE_K21C,1,0
SE210075,Phan Bảo Ngọc,ojt.synthetic.se211409@gmail.com,K21,Công nghệ thông tin,Kỹ thuật phần mềm,BIT_SE_K21D-22A,1,0
SE210076,Võ Quốc Bảo,ojt.synthetic.se211410@gmail.com,K21,Công nghệ thông tin,Trí tuệ nhân tạo,BIT_AI_K20D-21A,2,15
SE210077,Nguyễn Phương Thảo,ojt.synthetic.se211411@gmail.com,K21,Công nghệ thông tin,Kỹ thuật phần mềm,BIT_SE_K21B,2,6
SE210078,Vũ Thanh Tâm,ojt.synthetic.se211412@gmail.com,K21,Công nghệ thông tin,Kỹ thuật phần mềm,BIT_SE_K21C,1,0
SE210079,Lê Đức Minh,ojt.synthetic.se211413@gmail.com,K21,Công nghệ thông tin,Kỹ thuật phần mềm,BIT_SE_K21D-22A,1,0
SE210080,Hoàng Quang Huy,ojt.synthetic.se211414@gmail.com,K21,Công nghệ thông tin,Hệ thống thông tin,BIT_IS_K20D-21A,2,15
SE210081,Nguyễn Phương Thảo,ojt.synthetic.se211415@gmail.com,K21,Công nghệ thông tin,Hệ thống thông tin,BIT_IS_K21B,2,15
SE210082,Hoàng Minh Anh,ojt.synthetic.se211416@gmail.com,K21,Công nghệ thông tin,Kỹ thuật phần mềm,BIT_SE_K21C,1,0
SE210083,Trần Tuấn Kiệt,ojt.synthetic.se211417@gmail.com,K21,Công nghệ thông tin,Kỹ thuật phần mềm,BIT_SE_K21D-22A,1,0
SE210084,Bùi Hải Nam,ojt.synthetic.se211418@gmail.com,K21,Công nghệ thông tin,Kỹ thuật phần mềm,BIT_SE_K20D-21A,2,12
SE210085,Hoàng Thanh Tâm,ojt.synthetic.se211419@gmail.com,K21,Công nghệ thông tin,Hệ thống thông tin,BIT_IS_K21B,2,9
SE210086,Vũ Quang Huy,ojt.synthetic.se211420@gmail.com,K21,Công nghệ thông tin,Trí tuệ nhân tạo,BIT_AI_K21C,1,0
SE210087,Đặng Hải Nam,ojt.synthetic.se211421@gmail.com,K21,Công nghệ thông tin,Kỹ thuật phần mềm,BIT_SE_K21D-22A,1,0
SE210088,Võ Quang Huy,ojt.synthetic.se211422@gmail.com,K21,Công nghệ thông tin,An toàn thông tin,BIT_IA_K20D-21A,2,15
SE210089,Lê Hoàng Duy,ojt.synthetic.se211423@gmail.com,K21,Công nghệ thông tin,Kỹ thuật phần mềm,BIT_SE_K21B,2,15
SE210090,Đặng Bảo Ngọc,ojt.synthetic.se211424@gmail.com,K21,Công nghệ thông tin,Trí tuệ nhân tạo,BIT_AI_K21C,1,0
SE210091,Hoàng Khánh Linh,ojt.synthetic.se211425@gmail.com,K21,Công nghệ thông tin,Hệ thống thông tin,BIT_IS_K21D-22A,1,0
SE210092,Trần Đức Minh,ojt.synthetic.se211426@gmail.com,K21,Công nghệ thông tin,Trí tuệ nhân tạo,BIT_AI_K20D-21A,2,12
SE210093,Vũ Hoàng Duy,ojt.synthetic.se211427@gmail.com,K21,Công nghệ thông tin,Hệ thống thông tin,BIT_IS_K21B,2,15
SE210094,Đặng Bảo Ngọc,ojt.synthetic.se211428@gmail.com,K21,Công nghệ thông tin,Hệ thống thông tin,BIT_IS_K21C,1,0
SE210095,Đỗ Hoàng Duy,ojt.synthetic.se211429@gmail.com,K21,Công nghệ thông tin,Kỹ thuật phần mềm,BIT_SE_K21D-22A,1,0
SE210096,Bùi Gia Hân,ojt.synthetic.se211430@gmail.com,K21,Công nghệ thông tin,Kỹ thuật phần mềm,BIT_SE_K20D-21A,2,15
SE210097,Nguyễn Bảo Ngọc,ojt.synthetic.se211431@gmail.com,K21,Công nghệ thông tin,An toàn thông tin,BIT_IA_K21B,2,12
SE210098,Phạm Minh Quân,ojt.synthetic.se211432@gmail.com,K21,Công nghệ thông tin,An toàn thông tin,BIT_IA_K21C,1,0
SE210099,Đặng Trung Hiếu,ojt.synthetic.se211433@gmail.com,K21,Công nghệ thông tin,Hệ thống thông tin,BIT_IS_K21D-22A,1,0
SE210100,Đỗ Hoàng Duy,ojt.synthetic.se211434@gmail.com,K21,Công nghệ thông tin,Hệ thống thông tin,BIT_IS_K20D-21A,2,15
SE210101,Nguyễn Khánh Linh,ojt.synthetic.se211435@gmail.com,K21,Công nghệ thông tin,Trí tuệ nhân tạo,BIT_AI_K21B,2,15
SE210102,Đặng Bảo Ngọc,ojt.synthetic.se211436@gmail.com,K21,Công nghệ thông tin,Kỹ thuật phần mềm,BIT_SE_K21C,1,0
SE210103,Đặng Trung Hiếu,ojt.synthetic.se211437@gmail.com,K21,Công nghệ thông tin,An toàn thông tin,BIT_IA_K21D-22A,1,0
SE210104,Trần Minh Anh,ojt.synthetic.se211438@gmail.com,K21,Công nghệ thông tin,Trí tuệ nhân tạo,BIT_AI_K20D-21A,2,15
SE210105,Võ Tuấn Kiệt,ojt.synthetic.se211439@gmail.com,K21,Công nghệ thông tin,An toàn thông tin,BIT_IA_K21B,2,12
SE210106,Phan Phương Thảo,ojt.synthetic.se211440@gmail.com,K21,Công nghệ thông tin,Trí tuệ nhân tạo,BIT_AI_K21C,1,0
SE210107,Huỳnh Khánh Linh,ojt.synthetic.se211441@gmail.com,K21,Công nghệ thông tin,Hệ thống thông tin,BIT_IS_K21D-22A,1,0
SE210108,Nguyễn Anh Tuấn,ojt.synthetic.se211442@gmail.com,K21,Công nghệ thông tin,Kỹ thuật phần mềm,BIT_SE_K20D-21A,2,12
SE210109,Đỗ Minh Anh,ojt.synthetic.se211443@gmail.com,K21,Công nghệ thông tin,An toàn thông tin,BIT_IA_K21B,2,9
SE210110,Nguyễn Khánh Linh,ojt.synthetic.se211444@gmail.com,K21,Công nghệ thông tin,Trí tuệ nhân tạo,BIT_AI_K21C,1,0
SE210111,Bùi Thanh Tâm,ojt.synthetic.se211445@gmail.com,K21,Công nghệ thông tin,Kỹ thuật phần mềm,BIT_SE_K21D-22A,1,0
SE210112,Võ Phương Thảo,ojt.synthetic.se211446@gmail.com,K21,Công nghệ thông tin,Trí tuệ nhân tạo,BIT_AI_K20D-21A,2,15
SE210113,Võ Hoàng Duy,ojt.synthetic.se211447@gmail.com,K21,Công nghệ thông tin,Hệ thống thông tin,BIT_IS_K21B,2,9
SE210114,Lê Quốc Bảo,ojt.synthetic.se211448@gmail.com,K21,Công nghệ thông tin,Hệ thống thông tin,BIT_IS_K21C,1,0
SE210115,Đặng Tuấn Kiệt,ojt.synthetic.se211449@gmail.com,K21,Công nghệ thông tin,Hệ thống thông tin,BIT_IS_K21D-22A,1,0
SE210116,Bùi Minh Quân,ojt.synthetic.se211450@gmail.com,K21,Công nghệ thông tin,Hệ thống thông tin,BIT_IS_K20D-21A,2,15
SE210117,Hoàng Gia Hân,ojt.synthetic.se211451@gmail.com,K21,Công nghệ thông tin,Hệ thống thông tin,BIT_IS_K21B,2,15
SE210118,Lê Bảo Ngọc,ojt.synthetic.se211452@gmail.com,K21,Công nghệ thông tin,Kỹ thuật phần mềm,BIT_SE_K21C,1,0
SE210119,Bùi Minh Anh,ojt.synthetic.se211453@gmail.com,K21,Công nghệ thông tin,An toàn thông tin,BIT_IA_K21D-22A,1,0
SE210120,Huỳnh Phương Thảo,ojt.synthetic.se211454@gmail.com,K21,Công nghệ thông tin,Kỹ thuật phần mềm,BIT_SE_K20D-21A,2,12
SE210121,Hoàng Anh Tuấn,ojt.synthetic.se211455@gmail.com,K21,Công nghệ thông tin,Trí tuệ nhân tạo,BIT_AI_K21B,2,15
SE210122,Trần Gia Hân,ojt.synthetic.se211456@gmail.com,K21,Công nghệ thông tin,Kỹ thuật phần mềm,BIT_SE_K21C,1,0
SE210123,Võ Minh Anh,ojt.synthetic.se211457@gmail.com,K21,Công nghệ thông tin,Kỹ thuật phần mềm,BIT_SE_K21D-22A,1,0
SE210124,Võ Quang Huy,ojt.synthetic.se211458@gmail.com,K21,Công nghệ thông tin,Trí tuệ nhân tạo,BIT_AI_K20D-21A,2,15
SE210125,Nguyễn Hoàng Duy,ojt.synthetic.se211459@gmail.com,K21,Công nghệ thông tin,Kỹ thuật phần mềm,BIT_SE_K21B,2,9
SE210126,Nguyễn Gia Hân,ojt.synthetic.se211460@gmail.com,K21,Công nghệ thông tin,An toàn thông tin,BIT_IA_K21C,1,0
SE210127,Huỳnh Quốc Bảo,ojt.synthetic.se211461@gmail.com,K21,Công nghệ thông tin,Trí tuệ nhân tạo,BIT_AI_K21D-22A,1,0
SE210128,Trần Thanh Tâm,ojt.synthetic.se211462@gmail.com,K21,Công nghệ thông tin,An toàn thông tin,BIT_IA_K20D-21A,2,15
SE210129,Vũ Anh Tuấn,ojt.synthetic.se211463@gmail.com,K21,Công nghệ thông tin,Trí tuệ nhân tạo,BIT_AI_K21B,2,15
SE210130,Lê Quang Huy,ojt.synthetic.se211464@gmail.com,K21,Công nghệ thông tin,Hệ thống thông tin,BIT_IS_K21C,1,0
SE210131,Vũ Gia Hân,ojt.synthetic.se211465@gmail.com,K21,Công nghệ thông tin,Hệ thống thông tin,BIT_IS_K21D-22A,1,0
SE210132,Trần Ngọc Mai,ojt.synthetic.se211466@gmail.com,K21,Công nghệ thông tin,Kỹ thuật phần mềm,BIT_SE_K20D-21A,2,15
SE210133,Nguyễn Thanh Tâm,ojt.synthetic.se211467@gmail.com,K21,Công nghệ thông tin,An toàn thông tin,BIT_IA_K21B,2,15
SE210134,Lê Gia Hân,ojt.synthetic.se211468@gmail.com,K21,Công nghệ thông tin,Hệ thống thông tin,BIT_IS_K21C,1,0
SE210135,Hoàng Thanh Tâm,ojt.synthetic.se211469@gmail.com,K21,Công nghệ thông tin,An toàn thông tin,BIT_IA_K21D-22A,1,0
SE210136,Bùi Hoàng Duy,ojt.synthetic.se211470@gmail.com,K21,Công nghệ thông tin,An toàn thông tin,BIT_IA_K20D-21A,2,15
SE210137,Phan Quang Huy,ojt.synthetic.se211471@gmail.com,K21,Công nghệ thông tin,Trí tuệ nhân tạo,BIT_AI_K21B,2,15
SE210138,Đặng Tuấn Kiệt,ojt.synthetic.se211472@gmail.com,K21,Công nghệ thông tin,Kỹ thuật phần mềm,BIT_SE_K21C,1,0
SE210139,Nguyễn Gia Hân,ojt.synthetic.se211473@gmail.com,K21,Công nghệ thông tin,An toàn thông tin,BIT_IA_K21D-22A,1,0
SE210140,Đặng Bảo Ngọc,ojt.synthetic.se211474@gmail.com,K21,Công nghệ thông tin,Trí tuệ nhân tạo,BIT_AI_K20D-21A,2,15
SE210141,Phạm Hải Nam,ojt.synthetic.se211475@gmail.com,K21,Công nghệ thông tin,Hệ thống thông tin,BIT_IS_K21B,2,12
SE210142,Hoàng Hoàng Duy,ojt.synthetic.se211476@gmail.com,K21,Công nghệ thông tin,Hệ thống thông tin,BIT_IS_K21C,1,0
SE210143,Phạm Tuấn Kiệt,ojt.synthetic.se211477@gmail.com,K21,Công nghệ thông tin,An toàn thông tin,BIT_IA_K21D-22A,1,0
SE210144,Bùi Tuấn Kiệt,ojt.synthetic.se211478@gmail.com,K21,Công nghệ thông tin,An toàn thông tin,BIT_IA_K20D-21A,2,15
SE210145,Nguyễn Trung Hiếu,ojt.synthetic.se211479@gmail.com,K21,Công nghệ thông tin,Kỹ thuật phần mềm,BIT_SE_K21B,2,12
SE210146,Bùi Anh Tuấn,ojt.synthetic.se211480@gmail.com,K21,Công nghệ thông tin,Trí tuệ nhân tạo,BIT_AI_K21C,1,0
SE210147,Võ Thanh Tâm,ojt.synthetic.se211481@gmail.com,K21,Công nghệ thông tin,Trí tuệ nhân tạo,BIT_AI_K21D-22A,1,0
SE210148,Võ Thanh Tâm,ojt.synthetic.se211482@gmail.com,K21,Công nghệ thông tin,Trí tuệ nhân tạo,BIT_AI_K20D-21A,2,15
SE210149,Đỗ Phương Thảo,ojt.synthetic.se211483@gmail.com,K21,Công nghệ thông tin,An toàn thông tin,BIT_IA_K21B,2,12
SE210150,Vũ Minh Anh,ojt.synthetic.se211484@gmail.com,K21,Công nghệ thông tin,Trí tuệ nhân tạo,BIT_AI_K21C,1,0
SE210151,Phạm Hoàng Duy,ojt.synthetic.se211485@gmail.com,K21,Công nghệ thông tin,Kỹ thuật phần mềm,BIT_SE_K21D-22A,1,0
SE210152,Lê Ngọc Mai,ojt.synthetic.se211486@gmail.com,K21,Công nghệ thông tin,Trí tuệ nhân tạo,BIT_AI_K20D-21A,2,15
SE210153,Hoàng Minh Anh,ojt.synthetic.se211487@gmail.com,K21,Công nghệ thông tin,Trí tuệ nhân tạo,BIT_AI_K21B,2,15
SE210154,Võ Thanh Tâm,ojt.synthetic.se211488@gmail.com,K21,Công nghệ thông tin,An toàn thông tin,BIT_IA_K21C,1,0
SE210155,Nguyễn Thanh Tâm,ojt.synthetic.se211489@gmail.com,K21,Công nghệ thông tin,An toàn thông tin,BIT_IA_K21D-22A,1,0
SE210156,Lê Phương Thảo,ojt.synthetic.se211490@gmail.com,K21,Công nghệ thông tin,Trí tuệ nhân tạo,BIT_AI_K20D-21A,2,9
SE210157,Bùi Hoàng Duy,ojt.synthetic.se211491@gmail.com,K21,Công nghệ thông tin,Kỹ thuật phần mềm,BIT_SE_K21B,2,15
SE210158,Trần Quốc Bảo,ojt.synthetic.se211492@gmail.com,K21,Công nghệ thông tin,Hệ thống thông tin,BIT_IS_K21C,1,0
SE210159,Đỗ Bảo Ngọc,ojt.synthetic.se211493@gmail.com,K21,Công nghệ thông tin,Trí tuệ nhân tạo,BIT_AI_K21D-22A,1,0
SE210160,Lê Đức Minh,ojt.synthetic.se211494@gmail.com,K21,Công nghệ thông tin,Kỹ thuật phần mềm,BIT_SE_K20D-21A,2,15
SE210161,Hoàng Thanh Tâm,ojt.synthetic.se211495@gmail.com,K21,Công nghệ thông tin,Hệ thống thông tin,BIT_IS_K21B,2,15
SE210162,Vũ Minh Quân,ojt.synthetic.se211496@gmail.com,K21,Công nghệ thông tin,Kỹ thuật phần mềm,BIT_SE_K21C,1,0
SE210163,Huỳnh Phương Thảo,ojt.synthetic.se211497@gmail.com,K21,Công nghệ thông tin,Trí tuệ nhân tạo,BIT_AI_K21D-22A,1,0
SE210164,Trần Bảo Ngọc,ojt.synthetic.se211498@gmail.com,K21,Công nghệ thông tin,Kỹ thuật phần mềm,BIT_SE_K20D-21A,2,6
SE210165,Huỳnh Tuấn Kiệt,ojt.synthetic.se211499@gmail.com,K21,Công nghệ thông tin,Trí tuệ nhân tạo,BIT_AI_K21B,2,15
SE210166,Hoàng Thanh Tâm,ojt.synthetic.se211500@gmail.com,K21,Công nghệ thông tin,Kỹ thuật phần mềm,BIT_SE_K21C,1,0
SE210167,Trần Phương Thảo,ojt.synthetic.se211501@gmail.com,K21,Công nghệ thông tin,Trí tuệ nhân tạo,BIT_AI_K21D-22A,1,0
SE210168,Phan Anh Tuấn,ojt.synthetic.se211502@gmail.com,K21,Công nghệ thông tin,Trí tuệ nhân tạo,BIT_AI_K20D-21A,2,6
SE210169,Lê Hoàng Duy,ojt.synthetic.se211503@gmail.com,K21,Công nghệ thông tin,Trí tuệ nhân tạo,BIT_AI_K21B,2,15
SE210170,Phạm Trung Hiếu,ojt.synthetic.se211504@gmail.com,K21,Công nghệ thông tin,Kỹ thuật phần mềm,BIT_SE_K21C,1,0
SE210171,Đỗ Hoàng Duy,ojt.synthetic.se211505@gmail.com,K21,Công nghệ thông tin,Trí tuệ nhân tạo,BIT_AI_K21D-22A,1,0
SE210172,Lê Khánh Linh,ojt.synthetic.se211506@gmail.com,K21,Công nghệ thông tin,Trí tuệ nhân tạo,BIT_AI_K20D-21A,2,12
SE210173,Lê Hải Nam,ojt.synthetic.se211507@gmail.com,K21,Công nghệ thông tin,Trí tuệ nhân tạo,BIT_AI_K21B,2,12
SE210174,Nguyễn Phương Thảo,ojt.synthetic.se211508@gmail.com,K21,Công nghệ thông tin,Trí tuệ nhân tạo,BIT_AI_K21C,1,0
SE210175,Hoàng Phương Thảo,ojt.synthetic.se211509@gmail.com,K21,Công nghệ thông tin,An toàn thông tin,BIT_IA_K21D-22A,1,0
SE210176,Võ Thanh Tâm,ojt.synthetic.se211510@gmail.com,K21,Công nghệ thông tin,An toàn thông tin,BIT_IA_K20D-21A,2,15
SE210177,Đặng Bảo Ngọc,ojt.synthetic.se211511@gmail.com,K21,Công nghệ thông tin,Trí tuệ nhân tạo,BIT_AI_K21B,2,12
SE210178,Võ Hoàng Duy,ojt.synthetic.se211512@gmail.com,K21,Công nghệ thông tin,Trí tuệ nhân tạo,BIT_AI_K21C,1,0
SE210179,Phạm Quang Huy,ojt.synthetic.se211513@gmail.com,K21,Công nghệ thông tin,Kỹ thuật phần mềm,BIT_SE_K21D-22A,1,0
SE210180,Nguyễn Đức Minh,ojt.synthetic.se211514@gmail.com,K21,Công nghệ thông tin,An toàn thông tin,BIT_IA_K20D-21A,2,15
SE210181,Võ Hoàng Duy,ojt.synthetic.se211515@gmail.com,K21,Công nghệ thông tin,Trí tuệ nhân tạo,BIT_AI_K21B,2,15
SE210182,Đỗ Quốc Bảo,ojt.synthetic.se211516@gmail.com,K21,Công nghệ thông tin,Hệ thống thông tin,BIT_IS_K21C,1,0
SE210183,Trần Trung Hiếu,ojt.synthetic.se211517@gmail.com,K21,Công nghệ thông tin,Trí tuệ nhân tạo,BIT_AI_K21D-22A,1,0
SE210184,Nguyễn Hoàng Duy,ojt.synthetic.se211518@gmail.com,K21,Công nghệ thông tin,An toàn thông tin,BIT_IA_K20D-21A,2,9
SE210185,Nguyễn Minh Anh,ojt.synthetic.se211519@gmail.com,K21,Công nghệ thông tin,Trí tuệ nhân tạo,BIT_AI_K21B,2,15
SE210186,Nguyễn Hoàng Duy,ojt.synthetic.se211520@gmail.com,K21,Công nghệ thông tin,An toàn thông tin,BIT_IA_K21C,1,0
SE210187,Phạm Hải Nam,ojt.synthetic.se211521@gmail.com,K21,Công nghệ thông tin,Trí tuệ nhân tạo,BIT_AI_K21D-22A,1,0
SE210188,Đỗ Hải Nam,ojt.synthetic.se211522@gmail.com,K21,Công nghệ thông tin,Trí tuệ nhân tạo,BIT_AI_K20D-21A,2,15
SE210189,Phan Trung Hiếu,ojt.synthetic.se211523@gmail.com,K21,Công nghệ thông tin,An toàn thông tin,BIT_IA_K21B,2,15
SE210190,Nguyễn Ngọc Mai,ojt.synthetic.se211524@gmail.com,K21,Công nghệ thông tin,Trí tuệ nhân tạo,BIT_AI_K21C,1,0
SE210191,Trần Gia Hân,ojt.synthetic.se211525@gmail.com,K21,Công nghệ thông tin,Kỹ thuật phần mềm,BIT_SE_K21D-22A,1,0
SE210192,Phan Khánh Linh,ojt.synthetic.se211526@gmail.com,K21,Công nghệ thông tin,Trí tuệ nhân tạo,BIT_AI_K20D-21A,2,15
SE210193,Huỳnh Đức Minh,ojt.synthetic.se211527@gmail.com,K21,Công nghệ thông tin,Trí tuệ nhân tạo,BIT_AI_K21B,2,12
SE210194,Lê Thanh Tâm,ojt.synthetic.se211528@gmail.com,K21,Công nghệ thông tin,Kỹ thuật phần mềm,BIT_SE_K21C,1,0
SE210195,Huỳnh Phương Thảo,ojt.synthetic.se211529@gmail.com,K21,Công nghệ thông tin,Trí tuệ nhân tạo,BIT_AI_K21D-22A,1,0
SE210196,Võ Anh Tuấn,ojt.synthetic.se211530@gmail.com,K21,Công nghệ thông tin,Kỹ thuật phần mềm,BIT_SE_K20D-21A,2,9
SE210197,Vũ Trung Hiếu,ojt.synthetic.se211531@gmail.com,K21,Công nghệ thông tin,Hệ thống thông tin,BIT_IS_K21B,2,12
SE210198,Đỗ Phương Thảo,ojt.synthetic.se211532@gmail.com,K21,Công nghệ thông tin,Hệ thống thông tin,BIT_IS_K21C,1,0
SE210199,Bùi Anh Tuấn,ojt.synthetic.se211533@gmail.com,K21,Công nghệ thông tin,An toàn thông tin,BIT_IA_K21D-22A,1,0
SE210200,Đặng Đức Minh,ojt.synthetic.se211534@gmail.com,K21,Công nghệ thông tin,Kỹ thuật phần mềm,BIT_SE_K20D-21A,2,15
SE210201,Hoàng Quốc Bảo,ojt.synthetic.se211535@gmail.com,K21,Công nghệ thông tin,Kỹ thuật phần mềm,BIT_SE_K21B,2,12
SE210202,Trần Ngọc Mai,ojt.synthetic.se211536@gmail.com,K21,Công nghệ thông tin,Trí tuệ nhân tạo,BIT_AI_K21C,1,0
SE210203,Nguyễn Đức Minh,ojt.synthetic.se211537@gmail.com,K21,Công nghệ thông tin,An toàn thông tin,BIT_IA_K21D-22A,1,0
SE210204,Huỳnh Minh Quân,ojt.synthetic.se211538@gmail.com,K21,Công nghệ thông tin,Kỹ thuật phần mềm,BIT_SE_K20D-21A,2,6
SE210205,Phạm Minh Anh,ojt.synthetic.se211539@gmail.com,K21,Công nghệ thông tin,Trí tuệ nhân tạo,BIT_AI_K21B,2,15
SE210206,Trần Bảo Ngọc,ojt.synthetic.se211540@gmail.com,K21,Công nghệ thông tin,Hệ thống thông tin,BIT_IS_K21C,1,0
SE210207,Phạm Quang Huy,ojt.synthetic.se211541@gmail.com,K21,Công nghệ thông tin,An toàn thông tin,BIT_IA_K21D-22A,1,0
SE210208,Bùi Đức Minh,ojt.synthetic.se211542@gmail.com,K21,Công nghệ thông tin,An toàn thông tin,BIT_IA_K20D-21A,2,12
SE210209,Bùi Hoàng Duy,ojt.synthetic.se211543@gmail.com,K21,Công nghệ thông tin,Hệ thống thông tin,BIT_IS_K21B,2,15
SE210210,Lê Thanh Tâm,ojt.synthetic.se211544@gmail.com,K21,Công nghệ thông tin,Hệ thống thông tin,BIT_IS_K21C,1,0
SE210211,Bùi Thanh Tâm,ojt.synthetic.se211545@gmail.com,K21,Công nghệ thông tin,An toàn thông tin,BIT_IA_K21D-22A,1,0
SE210212,Đặng Quang Huy,ojt.synthetic.se211546@gmail.com,K21,Công nghệ thông tin,Kỹ thuật phần mềm,BIT_SE_K20D-21A,2,15
SE210213,Nguyễn Khánh Linh,ojt.synthetic.se211547@gmail.com,K21,Công nghệ thông tin,An toàn thông tin,BIT_IA_K21B,2,15
SE210214,Huỳnh Minh Quân,ojt.synthetic.se211548@gmail.com,K21,Công nghệ thông tin,Trí tuệ nhân tạo,BIT_AI_K21C,1,0
SE210215,Huỳnh Hoàng Duy,ojt.synthetic.se211549@gmail.com,K21,Công nghệ thông tin,Kỹ thuật phần mềm,BIT_SE_K21D-22A,1,0
SE210216,Bùi Thanh Tâm,ojt.synthetic.se211550@gmail.com,K21,Công nghệ thông tin,Kỹ thuật phần mềm,BIT_SE_K20D-21A,2,15
SE210217,Trần Phương Thảo,ojt.synthetic.se211551@gmail.com,K21,Công nghệ thông tin,Trí tuệ nhân tạo,BIT_AI_K21B,2,12
SE210218,Nguyễn Hải Nam,ojt.synthetic.se211552@gmail.com,K21,Công nghệ thông tin,An toàn thông tin,BIT_IA_K21C,1,0
SE210219,Phạm Hải Nam,ojt.synthetic.se211553@gmail.com,K21,Công nghệ thông tin,An toàn thông tin,BIT_IA_K21D-22A,1,0
SE210220,Đặng Trung Hiếu,ojt.synthetic.se211554@gmail.com,K21,Công nghệ thông tin,Kỹ thuật phần mềm,BIT_SE_K20D-21A,2,15
SE210221,Phan Ngọc Mai,ojt.synthetic.se211555@gmail.com,K21,Công nghệ thông tin,Kỹ thuật phần mềm,BIT_SE_K21B,2,15
SE210222,Đỗ Minh Quân,ojt.synthetic.se211556@gmail.com,K21,Công nghệ thông tin,Hệ thống thông tin,BIT_IS_K21C,1,0
SE210223,Bùi Hải Nam,ojt.synthetic.se211557@gmail.com,K21,Công nghệ thông tin,Trí tuệ nhân tạo,BIT_AI_K21D-22A,1,0
SE210224,Phạm Hoàng Duy,ojt.synthetic.se211558@gmail.com,K21,Công nghệ thông tin,Hệ thống thông tin,BIT_IS_K20D-21A,2,12
SE210225,Đặng Quang Huy,ojt.synthetic.se211559@gmail.com,K21,Công nghệ thông tin,Kỹ thuật phần mềm,BIT_SE_K21B,2,15
SE210226,Phạm Đức Minh,ojt.synthetic.se211560@gmail.com,K21,Công nghệ thông tin,An toàn thông tin,BIT_IA_K21C,1,0
SE210227,Bùi Tuấn Kiệt,ojt.synthetic.se211561@gmail.com,K21,Công nghệ thông tin,An toàn thông tin,BIT_IA_K21D-22A,1,0
SE210228,Vũ Quốc Bảo,ojt.synthetic.se211562@gmail.com,K21,Công nghệ thông tin,Hệ thống thông tin,BIT_IS_K20D-21A,2,12
SE210229,Huỳnh Phương Thảo,ojt.synthetic.se211563@gmail.com,K21,Công nghệ thông tin,Trí tuệ nhân tạo,BIT_AI_K21B,2,12
SE210230,Hoàng Bảo Ngọc,ojt.synthetic.se211564@gmail.com,K21,Công nghệ thông tin,An toàn thông tin,BIT_IA_K21C,1,0
SE210231,Bùi Gia Hân,ojt.synthetic.se211565@gmail.com,K21,Công nghệ thông tin,Kỹ thuật phần mềm,BIT_SE_K21D-22A,1,0
SE210232,Nguyễn Tuấn Kiệt,ojt.synthetic.se211566@gmail.com,K21,Công nghệ thông tin,Kỹ thuật phần mềm,BIT_SE_K20D-21A,2,9
SE210233,Phan Bảo Ngọc,ojt.synthetic.se211567@gmail.com,K21,Công nghệ thông tin,Hệ thống thông tin,BIT_IS_K21B,2,15
SE210234,Đặng Minh Anh,ojt.synthetic.se211568@gmail.com,K21,Công nghệ thông tin,Kỹ thuật phần mềm,BIT_SE_K21C,1,0
SE210235,Vũ Quang Huy,ojt.synthetic.se211569@gmail.com,K21,Công nghệ thông tin,Hệ thống thông tin,BIT_IS_K21D-22A,1,0
SE210236,Nguyễn Trung Hiếu,ojt.synthetic.se211570@gmail.com,K21,Công nghệ thông tin,Kỹ thuật phần mềm,BIT_SE_K20D-21A,2,12
SE210237,Hoàng Minh Anh,ojt.synthetic.se211571@gmail.com,K21,Công nghệ thông tin,An toàn thông tin,BIT_IA_K21B,2,15
SE210238,Huỳnh Ngọc Mai,ojt.synthetic.se211572@gmail.com,K21,Công nghệ thông tin,Trí tuệ nhân tạo,BIT_AI_K21C,1,0
SE210239,Phạm Ngọc Mai,ojt.synthetic.se211573@gmail.com,K21,Công nghệ thông tin,Hệ thống thông tin,BIT_IS_K21D-22A,1,0
SE210240,Bùi Bảo Ngọc,ojt.synthetic.se211574@gmail.com,K21,Công nghệ thông tin,Hệ thống thông tin,BIT_IS_K20D-21A,2,15
SE210241,Võ Hải Nam,ojt.synthetic.se211575@gmail.com,K21,Công nghệ thông tin,Hệ thống thông tin,BIT_IS_K21B,2,15
SE210242,Đặng Khánh Linh,ojt.synthetic.se211576@gmail.com,K21,Công nghệ thông tin,Trí tuệ nhân tạo,BIT_AI_K21C,1,0
SE210243,Trần Anh Tuấn,ojt.synthetic.se211577@gmail.com,K21,Công nghệ thông tin,Kỹ thuật phần mềm,BIT_SE_K21D-22A,1,0
SE210244,Phan Phương Thảo,ojt.synthetic.se211578@gmail.com,K21,Công nghệ thông tin,Trí tuệ nhân tạo,BIT_AI_K20D-21A,2,15
SE210245,Vũ Quốc Bảo,ojt.synthetic.se211579@gmail.com,K21,Công nghệ thông tin,Kỹ thuật phần mềm,BIT_SE_K21B,2,15
SE210246,Phạm Tuấn Kiệt,ojt.synthetic.se211580@gmail.com,K21,Công nghệ thông tin,Trí tuệ nhân tạo,BIT_AI_K21C,1,0
SE210247,Lê Hải Nam,ojt.synthetic.se211581@gmail.com,K21,Công nghệ thông tin,Hệ thống thông tin,BIT_IS_K21D-22A,1,0
SE210248,Phan Minh Anh,ojt.synthetic.se211582@gmail.com,K21,Công nghệ thông tin,Hệ thống thông tin,BIT_IS_K20D-21A,2,15
SE210249,Phạm Hải Nam,ojt.synthetic.se211583@gmail.com,K21,Công nghệ thông tin,Hệ thống thông tin,BIT_IS_K21B,2,15
SE210250,Đặng Anh Tuấn,ojt.synthetic.se211584@gmail.com,K21,Công nghệ thông tin,An toàn thông tin,BIT_IA_K21C,1,0
SE210251,Bùi Thanh Tâm,ojt.synthetic.se211585@gmail.com,K21,Công nghệ thông tin,Kỹ thuật phần mềm,BIT_SE_K21D-22A,1,0
SE210252,Đặng Quốc Bảo,ojt.synthetic.se211586@gmail.com,K21,Công nghệ thông tin,Kỹ thuật phần mềm,BIT_SE_K20D-21A,2,15
SE210253,Phạm Ngọc Mai,ojt.synthetic.se211587@gmail.com,K21,Công nghệ thông tin,Kỹ thuật phần mềm,BIT_SE_K21B,2,15
SE210254,Võ Ngọc Mai,ojt.synthetic.se211588@gmail.com,K21,Công nghệ thông tin,An toàn thông tin,BIT_IA_K21C,1,0
SE210255,Võ Phương Thảo,ojt.synthetic.se211589@gmail.com,K21,Công nghệ thông tin,Hệ thống thông tin,BIT_IS_K21D-22A,1,0
SE210256,Lê Phương Thảo,ojt.synthetic.se211590@gmail.com,K21,Công nghệ thông tin,An toàn thông tin,BIT_IA_K20D-21A,2,12
SE210257,Phạm Quốc Bảo,ojt.synthetic.se211591@gmail.com,K21,Công nghệ thông tin,Kỹ thuật phần mềm,BIT_SE_K21B,2,6
SE210258,Phan Thanh Tâm,ojt.synthetic.se211592@gmail.com,K21,Công nghệ thông tin,Kỹ thuật phần mềm,BIT_SE_K21C,1,0
SE210259,Lê Hoàng Duy,ojt.synthetic.se211593@gmail.com,K21,Công nghệ thông tin,Kỹ thuật phần mềm,BIT_SE_K21D-22A,1,0
SE210260,Huỳnh Hải Nam,ojt.synthetic.se211594@gmail.com,K21,Công nghệ thông tin,An toàn thông tin,BIT_IA_K20D-21A,2,15
SE210261,Phan Trung Hiếu,ojt.synthetic.se211595@gmail.com,K21,Công nghệ thông tin,Trí tuệ nhân tạo,BIT_AI_K21B,2,6
SE210262,Đặng Thanh Tâm,ojt.synthetic.se211596@gmail.com,K21,Công nghệ thông tin,Hệ thống thông tin,BIT_IS_K21C,1,0
SE210263,Bùi Quang Huy,ojt.synthetic.se211597@gmail.com,K21,Công nghệ thông tin,Trí tuệ nhân tạo,BIT_AI_K21D-22A,1,0
SE210264,Huỳnh Tuấn Kiệt,ojt.synthetic.se211598@gmail.com,K21,Công nghệ thông tin,An toàn thông tin,BIT_IA_K20D-21A,2,15
SE210265,Đặng Bảo Ngọc,ojt.synthetic.se211599@gmail.com,K21,Công nghệ thông tin,Hệ thống thông tin,BIT_IS_K21B,2,15
SE210266,Đỗ Quang Huy,ojt.synthetic.se211600@gmail.com,K21,Công nghệ thông tin,An toàn thông tin,BIT_IA_K21C,1,0
SE210267,Phạm Quốc Bảo,ojt.synthetic.se211601@gmail.com,K21,Công nghệ thông tin,Hệ thống thông tin,BIT_IS_K21D-22A,1,0
SE210268,Phan Hải Nam,ojt.synthetic.se211602@gmail.com,K21,Công nghệ thông tin,Hệ thống thông tin,BIT_IS_K20D-21A,2,9
SE210269,Lê Khánh Linh,ojt.synthetic.se211603@gmail.com,K21,Công nghệ thông tin,Kỹ thuật phần mềm,BIT_SE_K21B,2,6
SE210270,Đỗ Minh Quân,ojt.synthetic.se211604@gmail.com,K21,Công nghệ thông tin,Kỹ thuật phần mềm,BIT_SE_K21C,1,0
SE210271,Nguyễn Quang Huy,ojt.synthetic.se211605@gmail.com,K21,Công nghệ thông tin,Trí tuệ nhân tạo,BIT_AI_K21D-22A,1,0
SE210272,Phan Hoàng Duy,ojt.synthetic.se211606@gmail.com,K21,Công nghệ thông tin,Kỹ thuật phần mềm,BIT_SE_K20D-21A,2,15
SE210273,Vũ Ngọc Mai,ojt.synthetic.se211607@gmail.com,K21,Công nghệ thông tin,Trí tuệ nhân tạo,BIT_AI_K21B,2,6
SE210274,Trần Trung Hiếu,ojt.synthetic.se211608@gmail.com,K21,Công nghệ thông tin,An toàn thông tin,BIT_IA_K21C,1,0
SE210275,Đặng Ngọc Mai,ojt.synthetic.se211609@gmail.com,K21,Công nghệ thông tin,Hệ thống thông tin,BIT_IS_K21D-22A,1,0
SE210276,Đặng Phương Thảo,ojt.synthetic.se211610@gmail.com,K21,Công nghệ thông tin,Kỹ thuật phần mềm,BIT_SE_K20D-21A,2,15
SE210277,Phan Trung Hiếu,ojt.synthetic.se211611@gmail.com,K21,Công nghệ thông tin,Kỹ thuật phần mềm,BIT_SE_K21B,2,12
SE210278,Lê Hoàng Duy,ojt.synthetic.se211612@gmail.com,K21,Công nghệ thông tin,Hệ thống thông tin,BIT_IS_K21C,1,0
SE210279,Lê Minh Anh,ojt.synthetic.se211613@gmail.com,K21,Công nghệ thông tin,An toàn thông tin,BIT_IA_K21D-22A,1,0
SE210280,Phạm Minh Quân,ojt.synthetic.se211614@gmail.com,K21,Công nghệ thông tin,An toàn thông tin,BIT_IA_K20D-21A,2,15
SE210281,Trần Tuấn Kiệt,ojt.synthetic.se211615@gmail.com,K21,Công nghệ thông tin,Hệ thống thông tin,BIT_IS_K21B,2,15
SE210282,Nguyễn Khánh Linh,ojt.synthetic.se211616@gmail.com,K21,Công nghệ thông tin,An toàn thông tin,BIT_IA_K21C,1,0
SE210283,Võ Gia Hân,ojt.synthetic.se211617@gmail.com,K21,Công nghệ thông tin,An toàn thông tin,BIT_IA_K21D-22A,1,0
SE210284,Bùi Khánh Linh,ojt.synthetic.se211618@gmail.com,K21,Công nghệ thông tin,Trí tuệ nhân tạo,BIT_AI_K20D-21A,2,15
SE210285,Trần Hoàng Duy,ojt.synthetic.se211619@gmail.com,K21,Công nghệ thông tin,An toàn thông tin,BIT_IA_K21B,2,12
SE210286,Võ Anh Tuấn,ojt.synthetic.se211620@gmail.com,K21,Công nghệ thông tin,Trí tuệ nhân tạo,BIT_AI_K21C,1,0
SE210287,Phan Hải Nam,ojt.synthetic.se211621@gmail.com,K21,Công nghệ thông tin,An toàn thông tin,BIT_IA_K21D-22A,1,0
SE210288,Bùi Đức Minh,ojt.synthetic.se211622@gmail.com,K21,Công nghệ thông tin,Trí tuệ nhân tạo,BIT_AI_K20D-21A,2,6
SE210289,Vũ Ngọc Mai,ojt.synthetic.se211623@gmail.com,K21,Công nghệ thông tin,Kỹ thuật phần mềm,BIT_SE_K21B,2,15
SE210290,Nguyễn Khánh Linh,ojt.synthetic.se211624@gmail.com,K21,Công nghệ thông tin,Trí tuệ nhân tạo,BIT_AI_K21C,1,0
SE210291,Đặng Trung Hiếu,ojt.synthetic.se211625@gmail.com,K21,Công nghệ thông tin,Kỹ thuật phần mềm,BIT_SE_K21D-22A,1,0
SE210292,Đặng Minh Anh,ojt.synthetic.se211626@gmail.com,K21,Công nghệ thông tin,Kỹ thuật phần mềm,BIT_SE_K20D-21A,2,15
SE210293,Võ Phương Thảo,ojt.synthetic.se211627@gmail.com,K21,Công nghệ thông tin,Trí tuệ nhân tạo,BIT_AI_K21B,2,12
SE210294,Đỗ Quốc Bảo,ojt.synthetic.se211628@gmail.com,K21,Công nghệ thông tin,Hệ thống thông tin,BIT_IS_K21C,1,0
SE210295,Đặng Thanh Tâm,ojt.synthetic.se211629@gmail.com,K21,Công nghệ thông tin,An toàn thông tin,BIT_IA_K21D-22A,1,0
SE210296,Huỳnh Quốc Bảo,ojt.synthetic.se211630@gmail.com,K21,Công nghệ thông tin,Trí tuệ nhân tạo,BIT_AI_K20D-21A,2,15
SE210297,Phan Hải Nam,ojt.synthetic.se211631@gmail.com,K21,Công nghệ thông tin,Trí tuệ nhân tạo,BIT_AI_K21B,2,6
SE210298,Lê Anh Tuấn,ojt.synthetic.se211632@gmail.com,K21,Công nghệ thông tin,An toàn thông tin,BIT_IA_K21C,1,0
SE210299,Võ Gia Hân,ojt.synthetic.se211633@gmail.com,K21,Công nghệ thông tin,Trí tuệ nhân tạo,BIT_AI_K21D-22A,1,0
SE210300,Đỗ Đức Minh,ojt.synthetic.se211634@gmail.com,K21,Công nghệ thông tin,Kỹ thuật phần mềm,BIT_SE_K20D-21A,2,9
SE210301,Huỳnh Thanh Tâm,ojt.synthetic.se211635@gmail.com,K21,Công nghệ thông tin,An toàn thông tin,BIT_IA_K21B,2,15
SE210302,Lê Quốc Bảo,ojt.synthetic.se211636@gmail.com,K21,Công nghệ thông tin,Hệ thống thông tin,BIT_IS_K21C,1,0
SE210303,Phan Trung Hiếu,ojt.synthetic.se211637@gmail.com,K21,Công nghệ thông tin,Hệ thống thông tin,BIT_IS_K21D-22A,1,0
SE210304,Huỳnh Tuấn Kiệt,ojt.synthetic.se211638@gmail.com,K21,Công nghệ thông tin,An toàn thông tin,BIT_IA_K20D-21A,2,12
SE210305,Nguyễn Minh Quân,ojt.synthetic.se211639@gmail.com,K21,Công nghệ thông tin,Kỹ thuật phần mềm,BIT_SE_K21B,2,12
SE210306,Nguyễn Hoàng Duy,ojt.synthetic.se211640@gmail.com,K21,Công nghệ thông tin,Kỹ thuật phần mềm,BIT_SE_K21C,1,0
SE210307,Hoàng Gia Hân,ojt.synthetic.se211641@gmail.com,K21,Công nghệ thông tin,Trí tuệ nhân tạo,BIT_AI_K21D-22A,1,0
SE210308,Vũ Hải Nam,ojt.synthetic.se211642@gmail.com,K21,Công nghệ thông tin,Kỹ thuật phần mềm,BIT_SE_K20D-21A,2,12
SE210309,Bùi Bảo Ngọc,ojt.synthetic.se211643@gmail.com,K21,Công nghệ thông tin,Trí tuệ nhân tạo,BIT_AI_K21B,2,15
SE210310,Trần Quốc Bảo,ojt.synthetic.se211644@gmail.com,K21,Công nghệ thông tin,Hệ thống thông tin,BIT_IS_K21C,1,0
SE210311,Võ Phương Thảo,ojt.synthetic.se211645@gmail.com,K21,Công nghệ thông tin,Trí tuệ nhân tạo,BIT_AI_K21D-22A,1,0
SE210312,Nguyễn Minh Quân,ojt.synthetic.se211646@gmail.com,K21,Công nghệ thông tin,Kỹ thuật phần mềm,BIT_SE_K20D-21A,2,15
SE210313,Vũ Bảo Ngọc,ojt.synthetic.se211647@gmail.com,K21,Công nghệ thông tin,Hệ thống thông tin,BIT_IS_K21B,2,15
SE210314,Đặng Quang Huy,ojt.synthetic.se211648@gmail.com,K21,Công nghệ thông tin,Trí tuệ nhân tạo,BIT_AI_K21C,1,0
SE210315,Bùi Quốc Bảo,ojt.synthetic.se211649@gmail.com,K21,Công nghệ thông tin,Trí tuệ nhân tạo,BIT_AI_K21D-22A,1,0
SE210316,Phạm Hoàng Duy,ojt.synthetic.se211650@gmail.com,K21,Công nghệ thông tin,Kỹ thuật phần mềm,BIT_SE_K20D-21A,2,12
SE210317,Đặng Thanh Tâm,ojt.synthetic.se211651@gmail.com,K21,Công nghệ thông tin,Trí tuệ nhân tạo,BIT_AI_K21B,2,9
SE210318,Bùi Bảo Ngọc,ojt.synthetic.se211652@gmail.com,K21,Công nghệ thông tin,Kỹ thuật phần mềm,BIT_SE_K21C,1,0
SE210319,Võ Phương Thảo,ojt.synthetic.se211653@gmail.com,K21,Công nghệ thông tin,Hệ thống thông tin,BIT_IS_K21D-22A,1,0
SE210320,Nguyễn Đức Minh,ojt.synthetic.se211654@gmail.com,K21,Công nghệ thông tin,Kỹ thuật phần mềm,BIT_SE_K20D-21A,2,15
SE210321,Phan Đức Minh,ojt.synthetic.se211655@gmail.com,K21,Công nghệ thông tin,Kỹ thuật phần mềm,BIT_SE_K21B,2,15
SE210322,Phạm Anh Tuấn,ojt.synthetic.se211656@gmail.com,K21,Công nghệ thông tin,An toàn thông tin,BIT_IA_K21C,1,0
SE210323,Vũ Minh Anh,ojt.synthetic.se211657@gmail.com,K21,Công nghệ thông tin,Hệ thống thông tin,BIT_IS_K21D-22A,1,0
SE210324,Đỗ Hải Nam,ojt.synthetic.se211658@gmail.com,K21,Công nghệ thông tin,Kỹ thuật phần mềm,BIT_SE_K20D-21A,2,9
SE210325,Lê Bảo Ngọc,ojt.synthetic.se211659@gmail.com,K21,Công nghệ thông tin,Hệ thống thông tin,BIT_IS_K21B,2,12
SE210326,Đỗ Anh Tuấn,ojt.synthetic.se211660@gmail.com,K21,Công nghệ thông tin,An toàn thông tin,BIT_IA_K21C,1,0
SE210327,Hoàng Bảo Ngọc,ojt.synthetic.se211661@gmail.com,K21,Công nghệ thông tin,Kỹ thuật phần mềm,BIT_SE_K21D-22A,1,0
SE210328,Hoàng Khánh Linh,ojt.synthetic.se211662@gmail.com,K21,Công nghệ thông tin,Hệ thống thông tin,BIT_IS_K20D-21A,2,15
SE210329,Võ Ngọc Mai,ojt.synthetic.se211663@gmail.com,K21,Công nghệ thông tin,Kỹ thuật phần mềm,BIT_SE_K21B,2,15
SE210330,Lê Khánh Linh,ojt.synthetic.se211664@gmail.com,K21,Công nghệ thông tin,Hệ thống thông tin,BIT_IS_K21C,1,0
SE210331,Lê Minh Quân,ojt.synthetic.se211665@gmail.com,K21,Công nghệ thông tin,An toàn thông tin,BIT_IA_K21D-22A,1,0
SE210332,Đỗ Trung Hiếu,ojt.synthetic.se211666@gmail.com,K21,Công nghệ thông tin,An toàn thông tin,BIT_IA_K20D-21A,2,9
SE210333,Vũ Minh Quân,ojt.synthetic.se211667@gmail.com,K21,Công nghệ thông tin,Trí tuệ nhân tạo,BIT_AI_K21B,2,15
SE210334,Phạm Thanh Tâm,ojt.synthetic.se211668@gmail.com,K21,Công nghệ thông tin,Hệ thống thông tin,BIT_IS_K21C,1,0
SE210335,Lê Quang Huy,ojt.synthetic.se211669@gmail.com,K21,Công nghệ thông tin,Kỹ thuật phần mềm,BIT_SE_K21D-22A,1,0
SE210336,Huỳnh Thanh Tâm,ojt.synthetic.se211670@gmail.com,K21,Công nghệ thông tin,Kỹ thuật phần mềm,BIT_SE_K20D-21A,2,12
SE210337,Đặng Anh Tuấn,ojt.synthetic.se211671@gmail.com,K21,Công nghệ thông tin,Hệ thống thông tin,BIT_IS_K21B,2,9
SE210338,Đặng Anh Tuấn,ojt.synthetic.se211672@gmail.com,K21,Công nghệ thông tin,Hệ thống thông tin,BIT_IS_K21C,1,0
SE210339,Lê Gia Hân,ojt.synthetic.se211673@gmail.com,K21,Công nghệ thông tin,Trí tuệ nhân tạo,BIT_AI_K21D-22A,1,0
SE210340,Võ Minh Quân,ojt.synthetic.se211674@gmail.com,K21,Công nghệ thông tin,Kỹ thuật phần mềm,BIT_SE_K20D-21A,2,12
SE210341,Đỗ Hải Nam,ojt.synthetic.se211675@gmail.com,K21,Công nghệ thông tin,Trí tuệ nhân tạo,BIT_AI_K21B,2,12
SE210342,Lê Anh Tuấn,ojt.synthetic.se211676@gmail.com,K21,Công nghệ thông tin,Kỹ thuật phần mềm,BIT_SE_K21C,1,0
SE210343,Huỳnh Gia Hân,ojt.synthetic.se211677@gmail.com,K21,Công nghệ thông tin,An toàn thông tin,BIT_IA_K21D-22A,1,0
SE210344,Đỗ Trung Hiếu,ojt.synthetic.se211678@gmail.com,K21,Công nghệ thông tin,An toàn thông tin,BIT_IA_K20D-21A,2,9
SE210345,Nguyễn Minh Anh,ojt.synthetic.se211679@gmail.com,K21,Công nghệ thông tin,Hệ thống thông tin,BIT_IS_K21B,2,15
SE210346,Lê Hoàng Duy,ojt.synthetic.se211680@gmail.com,K21,Công nghệ thông tin,Trí tuệ nhân tạo,BIT_AI_K21C,1,0
SE210347,Phạm Gia Hân,ojt.synthetic.se211681@gmail.com,K21,Công nghệ thông tin,An toàn thông tin,BIT_IA_K21D-22A,1,0
SE210348,Lê Khánh Linh,ojt.synthetic.se211682@gmail.com,K21,Công nghệ thông tin,Hệ thống thông tin,BIT_IS_K20D-21A,2,15
SE210349,Đặng Hải Nam,ojt.synthetic.se211683@gmail.com,K21,Công nghệ thông tin,Trí tuệ nhân tạo,BIT_AI_K21B,2,9
SE210350,Phạm Quang Huy,ojt.synthetic.se211684@gmail.com,K21,Công nghệ thông tin,Hệ thống thông tin,BIT_IS_K21C,1,0
SE210351,Hoàng Tuấn Kiệt,ojt.synthetic.se211685@gmail.com,K21,Công nghệ thông tin,Hệ thống thông tin,BIT_IS_K21D-22A,1,0
SE210352,Phan Trung Hiếu,ojt.synthetic.se211686@gmail.com,K21,Công nghệ thông tin,Hệ thống thông tin,BIT_IS_K20D-21A,2,15
SE210353,Huỳnh Tuấn Kiệt,ojt.synthetic.se211687@gmail.com,K21,Công nghệ thông tin,Trí tuệ nhân tạo,BIT_AI_K21B,2,15
SE210354,Phạm Minh Anh,ojt.synthetic.se211688@gmail.com,K21,Công nghệ thông tin,An toàn thông tin,BIT_IA_K21C,1,0
SE210355,Võ Ngọc Mai,ojt.synthetic.se211689@gmail.com,K21,Công nghệ thông tin,Hệ thống thông tin,BIT_IS_K21D-22A,1,0
SE210356,Bùi Phương Thảo,ojt.synthetic.se211690@gmail.com,K21,Công nghệ thông tin,Hệ thống thông tin,BIT_IS_K20D-21A,2,15
SE210357,Đỗ Tuấn Kiệt,ojt.synthetic.se211691@gmail.com,K21,Công nghệ thông tin,Hệ thống thông tin,BIT_IS_K21B,2,15
SE210358,Phan Đức Minh,ojt.synthetic.se211692@gmail.com,K21,Công nghệ thông tin,An toàn thông tin,BIT_IA_K21C,1,0
SE210359,Vũ Phương Thảo,ojt.synthetic.se211693@gmail.com,K21,Công nghệ thông tin,Trí tuệ nhân tạo,BIT_AI_K21D-22A,1,0
SE210360,Nguyễn Đức Minh,ojt.synthetic.se211694@gmail.com,K21,Công nghệ thông tin,Hệ thống thông tin,BIT_IS_K20D-21A,2,12
SE210361,Nguyễn Hoàng Duy,ojt.synthetic.se211695@gmail.com,K21,Công nghệ thông tin,Kỹ thuật phần mềm,BIT_SE_K21B,2,12
SE210362,Lê Minh Quân,ojt.synthetic.se211696@gmail.com,K21,Công nghệ thông tin,An toàn thông tin,BIT_IA_K21C,1,0
SE210363,Lê Hải Nam,ojt.synthetic.se211697@gmail.com,K21,Công nghệ thông tin,Trí tuệ nhân tạo,BIT_AI_K21D-22A,1,0
SE210364,Vũ Anh Tuấn,ojt.synthetic.se211698@gmail.com,K21,Công nghệ thông tin,Hệ thống thông tin,BIT_IS_K20D-21A,2,15
SE210365,Hoàng Tuấn Kiệt,ojt.synthetic.se211699@gmail.com,K21,Công nghệ thông tin,An toàn thông tin,BIT_IA_K21B,2,15
SE210366,Đặng Bảo Ngọc,ojt.synthetic.se211700@gmail.com,K21,Công nghệ thông tin,Kỹ thuật phần mềm,BIT_SE_K21C,1,0
SE210367,Trần Ngọc Mai,ojt.synthetic.se211701@gmail.com,K21,Công nghệ thông tin,An toàn thông tin,BIT_IA_K21D-22A,1,0
SE210368,Trần Khánh Linh,ojt.synthetic.se211702@gmail.com,K21,Công nghệ thông tin,Kỹ thuật phần mềm,BIT_SE_K20D-21A,2,12
SE210369,Nguyễn Phương Thảo,ojt.synthetic.se211703@gmail.com,K21,Công nghệ thông tin,Trí tuệ nhân tạo,BIT_AI_K21B,2,15
SE210370,Vũ Ngọc Mai,ojt.synthetic.se211704@gmail.com,K21,Công nghệ thông tin,An toàn thông tin,BIT_IA_K21C,1,0
SE210371,Trần Đức Minh,ojt.synthetic.se211705@gmail.com,K21,Công nghệ thông tin,Trí tuệ nhân tạo,BIT_AI_K21D-22A,1,0
SE210372,Bùi Trung Hiếu,ojt.synthetic.se211706@gmail.com,K21,Công nghệ thông tin,Trí tuệ nhân tạo,BIT_AI_K20D-21A,2,12
SE210373,Nguyễn Hải Nam,ojt.synthetic.se211707@gmail.com,K21,Công nghệ thông tin,Kỹ thuật phần mềm,BIT_SE_K21B,2,15
SE210374,Trần Anh Tuấn,ojt.synthetic.se211708@gmail.com,K21,Công nghệ thông tin,Hệ thống thông tin,BIT_IS_K21C,1,0
SE210375,Đỗ Khánh Linh,ojt.synthetic.se211709@gmail.com,K21,Công nghệ thông tin,Kỹ thuật phần mềm,BIT_SE_K21D-22A,1,0
SE210376,Bùi Gia Hân,ojt.synthetic.se211710@gmail.com,K21,Công nghệ thông tin,An toàn thông tin,BIT_IA_K20D-21A,2,15
SE210377,Trần Phương Thảo,ojt.synthetic.se211711@gmail.com,K21,Công nghệ thông tin,An toàn thông tin,BIT_IA_K21B,2,15
SE210378,Vũ Ngọc Mai,ojt.synthetic.se211712@gmail.com,K21,Công nghệ thông tin,Trí tuệ nhân tạo,BIT_AI_K21C,1,0
SE210379,Vũ Ngọc Mai,ojt.synthetic.se211713@gmail.com,K21,Công nghệ thông tin,Trí tuệ nhân tạo,BIT_AI_K21D-22A,1,0
SE210380,Phan Hoàng Duy,ojt.synthetic.se211714@gmail.com,K21,Công nghệ thông tin,An toàn thông tin,BIT_IA_K20D-21A,2,12
SE210381,Đặng Minh Quân,ojt.synthetic.se211715@gmail.com,K21,Công nghệ thông tin,Kỹ thuật phần mềm,BIT_SE_K21B,2,15
SE210382,Lê Hải Nam,ojt.synthetic.se211716@gmail.com,K21,Công nghệ thông tin,Hệ thống thông tin,BIT_IS_K21C,1,0
SE210383,Vũ Hải Nam,ojt.synthetic.se211717@gmail.com,K21,Công nghệ thông tin,Trí tuệ nhân tạo,BIT_AI_K21D-22A,1,0
SE210384,Hoàng Phương Thảo,ojt.synthetic.se211718@gmail.com,K21,Công nghệ thông tin,Kỹ thuật phần mềm,BIT_SE_K20D-21A,2,12
SE210385,Lê Minh Anh,ojt.synthetic.se211719@gmail.com,K21,Công nghệ thông tin,Trí tuệ nhân tạo,BIT_AI_K21B,2,15
SE210386,Hoàng Gia Hân,ojt.synthetic.se211720@gmail.com,K21,Công nghệ thông tin,An toàn thông tin,BIT_IA_K21C,1,0
SE210387,Vũ Gia Hân,ojt.synthetic.se211721@gmail.com,K21,Công nghệ thông tin,An toàn thông tin,BIT_IA_K21D-22A,1,0
SE210388,Trần Hải Nam,ojt.synthetic.se211722@gmail.com,K21,Công nghệ thông tin,Kỹ thuật phần mềm,BIT_SE_K20D-21A,2,9
SE210389,Hoàng Minh Quân,ojt.synthetic.se211723@gmail.com,K21,Công nghệ thông tin,Kỹ thuật phần mềm,BIT_SE_K21B,2,12
SE210390,Nguyễn Trung Hiếu,ojt.synthetic.se211724@gmail.com,K21,Công nghệ thông tin,An toàn thông tin,BIT_IA_K21C,1,0
SE210391,Nguyễn Bảo Ngọc,ojt.synthetic.se211725@gmail.com,K21,Công nghệ thông tin,An toàn thông tin,BIT_IA_K21D-22A,1,0
SE210392,Huỳnh Khánh Linh,ojt.synthetic.se211726@gmail.com,K21,Công nghệ thông tin,Kỹ thuật phần mềm,BIT_SE_K20D-21A,2,6
SE210393,Đặng Phương Thảo,ojt.synthetic.se211727@gmail.com,K21,Công nghệ thông tin,Kỹ thuật phần mềm,BIT_SE_K21B,2,12
SE210394,Đỗ Gia Hân,ojt.synthetic.se211728@gmail.com,K21,Công nghệ thông tin,Trí tuệ nhân tạo,BIT_AI_K21C,1,0
SE210395,Võ Phương Thảo,ojt.synthetic.se211729@gmail.com,K21,Công nghệ thông tin,Hệ thống thông tin,BIT_IS_K21D-22A,1,0
SE210396,Lê Đức Minh,ojt.synthetic.se211730@gmail.com,K21,Công nghệ thông tin,Trí tuệ nhân tạo,BIT_AI_K20D-21A,2,15
SE210397,Hoàng Trung Hiếu,ojt.synthetic.se211731@gmail.com,K21,Công nghệ thông tin,Kỹ thuật phần mềm,BIT_SE_K21B,2,15
SE210398,Đặng Ngọc Mai,ojt.synthetic.se211732@gmail.com,K21,Công nghệ thông tin,Trí tuệ nhân tạo,BIT_AI_K21C,1,0
SE210399,Lê Minh Quân,ojt.synthetic.se211733@gmail.com,K21,Công nghệ thông tin,Hệ thống thông tin,BIT_IS_K21D-22A,1,0
SE210400,Hoàng Quang Huy,ojt.synthetic.se211734@gmail.com,K21,Công nghệ thông tin,Kỹ thuật phần mềm,BIT_SE_K20D-21A,2,9
SE210401,Đặng Minh Quân,ojt.synthetic.se211735@gmail.com,K21,Công nghệ thông tin,An toàn thông tin,BIT_IA_K21B,2,12
SE210402,Phạm Trung Hiếu,ojt.synthetic.se211736@gmail.com,K21,Công nghệ thông tin,An toàn thông tin,BIT_IA_K21C,1,0
SE210403,Võ Anh Tuấn,ojt.synthetic.se211737@gmail.com,K21,Công nghệ thông tin,Hệ thống thông tin,BIT_IS_K21D-22A,1,0
SE210404,Nguyễn Minh Quân,ojt.synthetic.se211738@gmail.com,K21,Công nghệ thông tin,Kỹ thuật phần mềm,BIT_SE_K20D-21A,2,12
SE210405,Trần Thanh Tâm,ojt.synthetic.se211739@gmail.com,K21,Công nghệ thông tin,Hệ thống thông tin,BIT_IS_K21B,2,15
SE210406,Bùi Đức Minh,ojt.synthetic.se211740@gmail.com,K21,Công nghệ thông tin,Kỹ thuật phần mềm,BIT_SE_K21C,1,0
SE210407,Trần Hoàng Duy,ojt.synthetic.se211741@gmail.com,K21,Công nghệ thông tin,Trí tuệ nhân tạo,BIT_AI_K21D-22A,1,0
SE210408,Vũ Thanh Tâm,ojt.synthetic.se211742@gmail.com,K21,Công nghệ thông tin,Trí tuệ nhân tạo,BIT_AI_K20D-21A,2,15
SE210409,Võ Gia Hân,ojt.synthetic.se211743@gmail.com,K21,Công nghệ thông tin,An toàn thông tin,BIT_IA_K21B,2,15
SE210410,Hoàng Gia Hân,ojt.synthetic.se211744@gmail.com,K21,Công nghệ thông tin,Kỹ thuật phần mềm,BIT_SE_K21C,1,0
SE210411,Nguyễn Khánh Linh,ojt.synthetic.se211745@gmail.com,K21,Công nghệ thông tin,An toàn thông tin,BIT_IA_K21D-22A,1,0
SE210412,Nguyễn Quốc Bảo,ojt.synthetic.se211746@gmail.com,K21,Công nghệ thông tin,An toàn thông tin,BIT_IA_K20D-21A,2,12
SE210413,Huỳnh Đức Minh,ojt.synthetic.se211747@gmail.com,K21,Công nghệ thông tin,Hệ thống thông tin,BIT_IS_K21B,2,12
SE210414,Đặng Hải Nam,ojt.synthetic.se211748@gmail.com,K21,Công nghệ thông tin,Kỹ thuật phần mềm,BIT_SE_K21C,1,0
SE210415,Lê Khánh Linh,ojt.synthetic.se211749@gmail.com,K21,Công nghệ thông tin,Hệ thống thông tin,BIT_IS_K21D-22A,1,0
SE210416,Lê Anh Tuấn,ojt.synthetic.se211750@gmail.com,K21,Công nghệ thông tin,Hệ thống thông tin,BIT_IS_K20D-21A,2,15
SE210417,Đỗ Khánh Linh,ojt.synthetic.se211751@gmail.com,K21,Công nghệ thông tin,Kỹ thuật phần mềm,BIT_SE_K21B,2,15
SE210418,Huỳnh Trung Hiếu,ojt.synthetic.se211752@gmail.com,K21,Công nghệ thông tin,Kỹ thuật phần mềm,BIT_SE_K21C,1,0
SE210419,Võ Gia Hân,ojt.synthetic.se211753@gmail.com,K21,Công nghệ thông tin,An toàn thông tin,BIT_IA_K21D-22A,1,0
SE210420,Lê Minh Quân,ojt.synthetic.se211754@gmail.com,K21,Công nghệ thông tin,An toàn thông tin,BIT_IA_K20D-21A,2,15
SE210421,Phan Khánh Linh,ojt.synthetic.se211755@gmail.com,K21,Công nghệ thông tin,Hệ thống thông tin,BIT_IS_K21B,2,15
SE210422,Đỗ Minh Anh,ojt.synthetic.se211756@gmail.com,K21,Công nghệ thông tin,Trí tuệ nhân tạo,BIT_AI_K21C,1,0
SE210423,Huỳnh Quốc Bảo,ojt.synthetic.se211757@gmail.com,K21,Công nghệ thông tin,Kỹ thuật phần mềm,BIT_SE_K21D-22A,1,0
SE210424,Phạm Đức Minh,ojt.synthetic.se211758@gmail.com,K21,Công nghệ thông tin,Trí tuệ nhân tạo,BIT_AI_K20D-21A,2,15
SE210425,Lê Khánh Linh,ojt.synthetic.se211759@gmail.com,K21,Công nghệ thông tin,Kỹ thuật phần mềm,BIT_SE_K21B,2,15
SE210426,Phan Hải Nam,ojt.synthetic.se211760@gmail.com,K21,Công nghệ thông tin,Trí tuệ nhân tạo,BIT_AI_K21C,1,0
SE210427,Phạm Hải Nam,ojt.synthetic.se211761@gmail.com,K21,Công nghệ thông tin,An toàn thông tin,BIT_IA_K21D-22A,1,0
SE210428,Hoàng Đức Minh,ojt.synthetic.se211762@gmail.com,K21,Công nghệ thông tin,An toàn thông tin,BIT_IA_K20D-21A,2,15
SE210429,Phan Minh Quân,ojt.synthetic.se211763@gmail.com,K21,Công nghệ thông tin,Hệ thống thông tin,BIT_IS_K21B,2,15
SE210430,Lê Khánh Linh,ojt.synthetic.se211764@gmail.com,K21,Công nghệ thông tin,Hệ thống thông tin,BIT_IS_K21C,1,0
SE210431,Võ Trung Hiếu,ojt.synthetic.se211765@gmail.com,K21,Công nghệ thông tin,An toàn thông tin,BIT_IA_K21D-22A,1,0
SE210432,Huỳnh Trung Hiếu,ojt.synthetic.se211766@gmail.com,K21,Công nghệ thông tin,Hệ thống thông tin,BIT_IS_K20D-21A,2,15
SE210433,Trần Gia Hân,ojt.synthetic.se211767@gmail.com,K21,Công nghệ thông tin,Trí tuệ nhân tạo,BIT_AI_K21B,2,15
SE210434,Huỳnh Anh Tuấn,ojt.synthetic.se211768@gmail.com,K21,Công nghệ thông tin,Trí tuệ nhân tạo,BIT_AI_K21C,1,0
SE210435,Vũ Thanh Tâm,ojt.synthetic.se211769@gmail.com,K21,Công nghệ thông tin,Hệ thống thông tin,BIT_IS_K21D-22A,1,0
SE210436,Lê Trung Hiếu,ojt.synthetic.se211770@gmail.com,K21,Công nghệ thông tin,Hệ thống thông tin,BIT_IS_K20D-21A,2,15
SE210437,Nguyễn Hoàng Duy,ojt.synthetic.se211771@gmail.com,K21,Công nghệ thông tin,An toàn thông tin,BIT_IA_K21B,2,12
SE210438,Vũ Ngọc Mai,ojt.synthetic.se211772@gmail.com,K21,Công nghệ thông tin,An toàn thông tin,BIT_IA_K21C,1,0
SE210439,Phan Hoàng Duy,ojt.synthetic.se211773@gmail.com,K21,Công nghệ thông tin,Kỹ thuật phần mềm,BIT_SE_K21D-22A,1,0
SE210440,Vũ Hải Nam,ojt.synthetic.se211774@gmail.com,K21,Công nghệ thông tin,An toàn thông tin,BIT_IA_K20D-21A,2,15
SE210441,Trần Gia Hân,ojt.synthetic.se211775@gmail.com,K21,Công nghệ thông tin,An toàn thông tin,BIT_IA_K21B,2,12
SE210442,Võ Minh Quân,ojt.synthetic.se211776@gmail.com,K21,Công nghệ thông tin,Hệ thống thông tin,BIT_IS_K21C,1,0
SE210443,Lê Anh Tuấn,ojt.synthetic.se211777@gmail.com,K21,Công nghệ thông tin,Hệ thống thông tin,BIT_IS_K21D-22A,1,0
SE210444,Huỳnh Đức Minh,ojt.synthetic.se211778@gmail.com,K21,Công nghệ thông tin,An toàn thông tin,BIT_IA_K20D-21A,2,12
SE210445,Nguyễn Ngọc Mai,ojt.synthetic.se211779@gmail.com,K21,Công nghệ thông tin,Trí tuệ nhân tạo,BIT_AI_K21B,2,15
SE210446,Bùi Phương Thảo,ojt.synthetic.se211780@gmail.com,K21,Công nghệ thông tin,An toàn thông tin,BIT_IA_K21C,1,0
SE210447,Bùi Khánh Linh,ojt.synthetic.se211781@gmail.com,K21,Công nghệ thông tin,An toàn thông tin,BIT_IA_K21D-22A,1,0
SE210448,Lê Gia Hân,ojt.synthetic.se211782@gmail.com,K21,Công nghệ thông tin,Trí tuệ nhân tạo,BIT_AI_K20D-21A,2,15
SE210449,Trần Hoàng Duy,ojt.synthetic.se211783@gmail.com,K21,Công nghệ thông tin,Hệ thống thông tin,BIT_IS_K21B,2,15
SE210450,Đặng Tuấn Kiệt,ojt.synthetic.se211784@gmail.com,K21,Công nghệ thông tin,Hệ thống thông tin,BIT_IS_K21C,1,0
SE210451,Phạm Hải Nam,ojt.synthetic.se211785@gmail.com,K21,Công nghệ thông tin,An toàn thông tin,BIT_IA_K21D-22A,1,0
SE210452,Bùi Khánh Linh,ojt.synthetic.se211786@gmail.com,K21,Công nghệ thông tin,Hệ thống thông tin,BIT_IS_K20D-21A,2,6
SE210453,Bùi Tuấn Kiệt,ojt.synthetic.se211787@gmail.com,K21,Công nghệ thông tin,An toàn thông tin,BIT_IA_K21B,2,15
SE210454,Bùi Minh Anh,ojt.synthetic.se211788@gmail.com,K21,Công nghệ thông tin,Trí tuệ nhân tạo,BIT_AI_K21C,1,0
SE210455,Bùi Minh Quân,ojt.synthetic.se211789@gmail.com,K21,Công nghệ thông tin,Hệ thống thông tin,BIT_IS_K21D-22A,1,0
SE210456,Phan Minh Quân,ojt.synthetic.se211790@gmail.com,K21,Công nghệ thông tin,Trí tuệ nhân tạo,BIT_AI_K20D-21A,2,15
SE210457,Phạm Thanh Tâm,ojt.synthetic.se211791@gmail.com,K21,Công nghệ thông tin,Kỹ thuật phần mềm,BIT_SE_K21B,2,12
SE210458,Lê Phương Thảo,ojt.synthetic.se211792@gmail.com,K21,Công nghệ thông tin,Hệ thống thông tin,BIT_IS_K21C,1,0
SE210459,Trần Tuấn Kiệt,ojt.synthetic.se211793@gmail.com,K21,Công nghệ thông tin,An toàn thông tin,BIT_IA_K21D-22A,1,0
SE210460,Phan Minh Quân,ojt.synthetic.se211794@gmail.com,K21,Công nghệ thông tin,An toàn thông tin,BIT_IA_K20D-21A,2,15
SE210461,Võ Đức Minh,ojt.synthetic.se211795@gmail.com,K21,Công nghệ thông tin,An toàn thông tin,BIT_IA_K21B,2,12
SE210462,Đỗ Gia Hân,ojt.synthetic.se211796@gmail.com,K21,Công nghệ thông tin,Hệ thống thông tin,BIT_IS_K21C,1,0
SE210463,Huỳnh Hoàng Duy,ojt.synthetic.se211797@gmail.com,K21,Công nghệ thông tin,Kỹ thuật phần mềm,BIT_SE_K21D-22A,1,0
SE210464,Phạm Tuấn Kiệt,ojt.synthetic.se211798@gmail.com,K21,Công nghệ thông tin,Kỹ thuật phần mềm,BIT_SE_K20D-21A,2,12
SE210465,Vũ Tuấn Kiệt,ojt.synthetic.se211799@gmail.com,K21,Công nghệ thông tin,An toàn thông tin,BIT_IA_K21B,2,15
SE210466,Võ Trung Hiếu,ojt.synthetic.se211800@gmail.com,K21,Công nghệ thông tin,Hệ thống thông tin,BIT_IS_K21C,1,0
SE210467,Huỳnh Minh Quân,ojt.synthetic.se211801@gmail.com,K21,Công nghệ thông tin,Trí tuệ nhân tạo,BIT_AI_K21D-22A,1,0
SE210468,Hoàng Đức Minh,ojt.synthetic.se211802@gmail.com,K21,Công nghệ thông tin,Kỹ thuật phần mềm,BIT_SE_K20D-21A,2,6
SE210469,Võ Quốc Bảo,ojt.synthetic.se211803@gmail.com,K21,Công nghệ thông tin,Hệ thống thông tin,BIT_IS_K21B,2,15
SE210470,Vũ Anh Tuấn,ojt.synthetic.se211804@gmail.com,K21,Công nghệ thông tin,Hệ thống thông tin,BIT_IS_K21C,1,0
SE210471,Huỳnh Khánh Linh,ojt.synthetic.se211805@gmail.com,K21,Công nghệ thông tin,Trí tuệ nhân tạo,BIT_AI_K21D-22A,1,0
SE210472,Võ Gia Hân,ojt.synthetic.se211806@gmail.com,K21,Công nghệ thông tin,Kỹ thuật phần mềm,BIT_SE_K20D-21A,2,15
SE210473,Đặng Ngọc Mai,ojt.synthetic.se211807@gmail.com,K21,Công nghệ thông tin,Kỹ thuật phần mềm,BIT_SE_K21B,2,12
SE210474,Đặng Minh Anh,ojt.synthetic.se211808@gmail.com,K21,Công nghệ thông tin,An toàn thông tin,BIT_IA_K21C,1,0
SE210475,Huỳnh Minh Anh,ojt.synthetic.se211809@gmail.com,K21,Công nghệ thông tin,Hệ thống thông tin,BIT_IS_K21D-22A,1,0
SE210476,Vũ Minh Quân,ojt.synthetic.se211810@gmail.com,K21,Công nghệ thông tin,An toàn thông tin,BIT_IA_K20D-21A,2,9
SE210477,Đặng Đức Minh,ojt.synthetic.se211811@gmail.com,K21,Công nghệ thông tin,Kỹ thuật phần mềm,BIT_SE_K21B,2,12
SE210478,Huỳnh Quốc Bảo,ojt.synthetic.se211812@gmail.com,K21,Công nghệ thông tin,Hệ thống thông tin,BIT_IS_K21C,1,0
SE210479,Bùi Trung Hiếu,ojt.synthetic.se211813@gmail.com,K21,Công nghệ thông tin,Hệ thống thông tin,BIT_IS_K21D-22A,1,0
SE210480,Huỳnh Gia Hân,ojt.synthetic.se211814@gmail.com,K21,Công nghệ thông tin,An toàn thông tin,BIT_IA_K20D-21A,2,15
SE210481,Phạm Quang Huy,ojt.synthetic.se211815@gmail.com,K21,Công nghệ thông tin,Kỹ thuật phần mềm,BIT_SE_K21B,2,6
SE210482,Trần Quang Huy,ojt.synthetic.se211816@gmail.com,K21,Công nghệ thông tin,Hệ thống thông tin,BIT_IS_K21C,1,0
SE210483,Hoàng Tuấn Kiệt,ojt.synthetic.se211817@gmail.com,K21,Công nghệ thông tin,Kỹ thuật phần mềm,BIT_SE_K21D-22A,1,0
SE210484,Võ Ngọc Mai,ojt.synthetic.se211818@gmail.com,K21,Công nghệ thông tin,An toàn thông tin,BIT_IA_K20D-21A,2,12
SE210485,Phạm Anh Tuấn,ojt.synthetic.se211819@gmail.com,K21,Công nghệ thông tin,An toàn thông tin,BIT_IA_K21B,2,15
SE210486,Trần Tuấn Kiệt,ojt.synthetic.se211820@gmail.com,K21,Công nghệ thông tin,Hệ thống thông tin,BIT_IS_K21C,1,0
SE210487,Vũ Quốc Bảo,ojt.synthetic.se211821@gmail.com,K21,Công nghệ thông tin,An toàn thông tin,BIT_IA_K21D-22A,1,0
SE210488,Bùi Quang Huy,ojt.synthetic.se211822@gmail.com,K21,Công nghệ thông tin,Kỹ thuật phần mềm,BIT_SE_K20D-21A,2,15
SE210489,Võ Minh Anh,ojt.synthetic.se211823@gmail.com,K21,Công nghệ thông tin,Trí tuệ nhân tạo,BIT_AI_K21B,2,9
SE210490,Huỳnh Phương Thảo,ojt.synthetic.se211824@gmail.com,K21,Công nghệ thông tin,Kỹ thuật phần mềm,BIT_SE_K21C,1,0
SE210491,Vũ Đức Minh,ojt.synthetic.se211825@gmail.com,K21,Công nghệ thông tin,Hệ thống thông tin,BIT_IS_K21D-22A,1,0
SE210492,Lê Bảo Ngọc,ojt.synthetic.se211826@gmail.com,K21,Công nghệ thông tin,An toàn thông tin,BIT_IA_K20D-21A,2,15
SE210493,Đỗ Trung Hiếu,ojt.synthetic.se211827@gmail.com,K21,Công nghệ thông tin,Hệ thống thông tin,BIT_IS_K21B,2,12
SE210494,Nguyễn Trung Hiếu,ojt.synthetic.se211828@gmail.com,K21,Công nghệ thông tin,An toàn thông tin,BIT_IA_K21C,1,0
SE210495,Nguyễn Hoàng Duy,ojt.synthetic.se211829@gmail.com,K21,Công nghệ thông tin,Hệ thống thông tin,BIT_IS_K21D-22A,1,0
SE210496,Lê Hoàng Duy,ojt.synthetic.se211830@gmail.com,K21,Công nghệ thông tin,Hệ thống thông tin,BIT_IS_K20D-21A,2,15
SE210497,Huỳnh Phương Thảo,ojt.synthetic.se211831@gmail.com,K21,Công nghệ thông tin,Kỹ thuật phần mềm,BIT_SE_K21B,2,12
SE210498,Vũ Phương Thảo,ojt.synthetic.se211832@gmail.com,K21,Công nghệ thông tin,Kỹ thuật phần mềm,BIT_SE_K21C,1,0
SE210499,Vũ Đức Minh,ojt.synthetic.se211833@gmail.com,K21,Công nghệ thông tin,Hệ thống thông tin,BIT_IS_K21D-22A,1,0
SE210500,Lê Đức Minh,ojt.synthetic.se211834@gmail.com,K21,Công nghệ thông tin,Trí tuệ nhân tạo,BIT_AI_K20D-21A,2,15
SE210501,Hoàng Ngọc Mai,ojt.synthetic.se211835@gmail.com,K21,Công nghệ thông tin,Hệ thống thông tin,BIT_IS_K21B,2,15
SE210502,Bùi Minh Anh,ojt.synthetic.se211836@gmail.com,K21,Công nghệ thông tin,Hệ thống thông tin,BIT_IS_K21C,1,0
SE210503,Võ Minh Anh,ojt.synthetic.se211837@gmail.com,K21,Công nghệ thông tin,Hệ thống thông tin,BIT_IS_K21D-22A,1,0
SE210504,Phạm Hoàng Duy,ojt.synthetic.se211838@gmail.com,K21,Công nghệ thông tin,Kỹ thuật phần mềm,BIT_SE_K20D-21A,2,9
SE210505,Lê Minh Quân,ojt.synthetic.se211839@gmail.com,K21,Công nghệ thông tin,Kỹ thuật phần mềm,BIT_SE_K21B,2,9
SE210506,Bùi Phương Thảo,ojt.synthetic.se211840@gmail.com,K21,Công nghệ thông tin,Hệ thống thông tin,BIT_IS_K21C,1,0
SE210507,Võ Bảo Ngọc,ojt.synthetic.se211841@gmail.com,K21,Công nghệ thông tin,Hệ thống thông tin,BIT_IS_K21D-22A,1,0
SE210508,Bùi Tuấn Kiệt,ojt.synthetic.se211842@gmail.com,K21,Công nghệ thông tin,Trí tuệ nhân tạo,BIT_AI_K20D-21A,2,15
SE210509,Phan Minh Anh,ojt.synthetic.se211843@gmail.com,K21,Công nghệ thông tin,Trí tuệ nhân tạo,BIT_AI_K21B,2,15
SE210510,Phan Bảo Ngọc,ojt.synthetic.se211844@gmail.com,K21,Công nghệ thông tin,Trí tuệ nhân tạo,BIT_AI_K21C,1,0
SE210511,Lê Phương Thảo,ojt.synthetic.se211845@gmail.com,K21,Công nghệ thông tin,Hệ thống thông tin,BIT_IS_K21D-22A,1,0
SE210512,Hoàng Thanh Tâm,ojt.synthetic.se211846@gmail.com,K21,Công nghệ thông tin,Kỹ thuật phần mềm,BIT_SE_K20D-21A,2,12
SE210513,Huỳnh Gia Hân,ojt.synthetic.se211847@gmail.com,K21,Công nghệ thông tin,Kỹ thuật phần mềm,BIT_SE_K21B,2,15
SE210514,Nguyễn Hải Nam,ojt.synthetic.se211848@gmail.com,K21,Công nghệ thông tin,Kỹ thuật phần mềm,BIT_SE_K21C,1,0
SE210515,Lê Hoàng Duy,ojt.synthetic.se211849@gmail.com,K21,Công nghệ thông tin,An toàn thông tin,BIT_IA_K21D-22A,1,0
SE210516,Võ Đức Minh,ojt.synthetic.se211850@gmail.com,K21,Công nghệ thông tin,Hệ thống thông tin,BIT_IS_K20D-21A,2,9
SE210517,Phạm Phương Thảo,ojt.synthetic.se211851@gmail.com,K21,Công nghệ thông tin,An toàn thông tin,BIT_IA_K21B,2,12
SE210518,Hoàng Hải Nam,ojt.synthetic.se211852@gmail.com,K21,Công nghệ thông tin,Kỹ thuật phần mềm,BIT_SE_K21C,1,0
SE210519,Nguyễn Hải Nam,ojt.synthetic.se211853@gmail.com,K21,Công nghệ thông tin,Trí tuệ nhân tạo,BIT_AI_K21D-22A,1,0
SE210520,Lê Trung Hiếu,ojt.synthetic.se211854@gmail.com,K21,Công nghệ thông tin,Trí tuệ nhân tạo,BIT_AI_K20D-21A,2,15
SE210521,Đỗ Gia Hân,ojt.synthetic.se211855@gmail.com,K21,Công nghệ thông tin,Hệ thống thông tin,BIT_IS_K21B,2,15
SE210522,Nguyễn Quốc Bảo,ojt.synthetic.se211856@gmail.com,K21,Công nghệ thông tin,Hệ thống thông tin,BIT_IS_K21C,1,0
SE210523,Đặng Phương Thảo,ojt.synthetic.se211857@gmail.com,K21,Công nghệ thông tin,An toàn thông tin,BIT_IA_K21D-22A,1,0
SE210524,Phan Đức Minh,ojt.synthetic.se211858@gmail.com,K21,Công nghệ thông tin,Kỹ thuật phần mềm,BIT_SE_K20D-21A,2,15
SE210525,Phan Anh Tuấn,ojt.synthetic.se211859@gmail.com,K21,Công nghệ thông tin,An toàn thông tin,BIT_IA_K21B,2,15
SE210526,Võ Thanh Tâm,ojt.synthetic.se211860@gmail.com,K21,Công nghệ thông tin,Hệ thống thông tin,BIT_IS_K21C,1,0
SE210527,Phạm Quang Huy,ojt.synthetic.se211861@gmail.com,K21,Công nghệ thông tin,Kỹ thuật phần mềm,BIT_SE_K21D-22A,1,0
SE210528,Hoàng Gia Hân,ojt.synthetic.se211862@gmail.com,K21,Công nghệ thông tin,An toàn thông tin,BIT_IA_K20D-21A,2,12
SE210529,Phan Quang Huy,ojt.synthetic.se211863@gmail.com,K21,Công nghệ thông tin,Kỹ thuật phần mềm,BIT_SE_K21B,2,12
SE210530,Đỗ Đức Minh,ojt.synthetic.se211864@gmail.com,K21,Công nghệ thông tin,Trí tuệ nhân tạo,BIT_AI_K21C,1,0
SE210531,Hoàng Trung Hiếu,ojt.synthetic.se211865@gmail.com,K21,Công nghệ thông tin,Hệ thống thông tin,BIT_IS_K21D-22A,1,0
SE210532,Trần Quốc Bảo,ojt.synthetic.se211866@gmail.com,K21,Công nghệ thông tin,Hệ thống thông tin,BIT_IS_K20D-21A,2,12
SE210533,Vũ Hoàng Duy,ojt.synthetic.se211867@gmail.com,K21,Công nghệ thông tin,Hệ thống thông tin,BIT_IS_K21B,2,15
SE210534,Phạm Tuấn Kiệt,ojt.synthetic.se211868@gmail.com,K21,Công nghệ thông tin,Kỹ thuật phần mềm,BIT_SE_K21C,1,0
SE210535,Lê Phương Thảo,ojt.synthetic.se211869@gmail.com,K21,Công nghệ thông tin,An toàn thông tin,BIT_IA_K21D-22A,1,0
SE210536,Đỗ Phương Thảo,ojt.synthetic.se211870@gmail.com,K21,Công nghệ thông tin,Hệ thống thông tin,BIT_IS_K20D-21A,2,12
SE210537,Bùi Trung Hiếu,ojt.synthetic.se211871@gmail.com,K21,Công nghệ thông tin,Trí tuệ nhân tạo,BIT_AI_K21B,2,9
SE210538,Trần Ngọc Mai,ojt.synthetic.se211872@gmail.com,K21,Công nghệ thông tin,Trí tuệ nhân tạo,BIT_AI_K21C,1,0
SE210539,Hoàng Bảo Ngọc,ojt.synthetic.se211873@gmail.com,K21,Công nghệ thông tin,Hệ thống thông tin,BIT_IS_K21D-22A,1,0
SE210540,Võ Hải Nam,ojt.synthetic.se211874@gmail.com,K21,Công nghệ thông tin,Trí tuệ nhân tạo,BIT_AI_K20D-21A,2,12
SE210541,Trần Phương Thảo,ojt.synthetic.se211875@gmail.com,K21,Công nghệ thông tin,Hệ thống thông tin,BIT_IS_K21B,2,15
SE210542,Đặng Hoàng Duy,ojt.synthetic.se211876@gmail.com,K21,Công nghệ thông tin,Kỹ thuật phần mềm,BIT_SE_K21C,1,0
SE210543,Võ Hải Nam,ojt.synthetic.se211877@gmail.com,K21,Công nghệ thông tin,Kỹ thuật phần mềm,BIT_SE_K21D-22A,1,0
SE210544,Đặng Minh Anh,ojt.synthetic.se211878@gmail.com,K21,Công nghệ thông tin,Trí tuệ nhân tạo,BIT_AI_K20D-21A,2,15
SE210545,Đặng Minh Anh,ojt.synthetic.se211879@gmail.com,K21,Công nghệ thông tin,An toàn thông tin,BIT_IA_K21B,2,6
SE210546,Đỗ Gia Hân,ojt.synthetic.se211880@gmail.com,K21,Công nghệ thông tin,Trí tuệ nhân tạo,BIT_AI_K21C,1,0
SE210547,Hoàng Minh Quân,ojt.synthetic.se211881@gmail.com,K21,Công nghệ thông tin,Trí tuệ nhân tạo,BIT_AI_K21D-22A,1,0
SE210548,Phan Quốc Bảo,ojt.synthetic.se211882@gmail.com,K21,Công nghệ thông tin,Hệ thống thông tin,BIT_IS_K20D-21A,2,15
SE210549,Hoàng Gia Hân,ojt.synthetic.se211883@gmail.com,K21,Công nghệ thông tin,Kỹ thuật phần mềm,BIT_SE_K21B,2,15
SE210550,Huỳnh Anh Tuấn,ojt.synthetic.se211884@gmail.com,K21,Công nghệ thông tin,An toàn thông tin,BIT_IA_K21C,1,0
SE210551,Lê Ngọc Mai,ojt.synthetic.se211885@gmail.com,K21,Công nghệ thông tin,An toàn thông tin,BIT_IA_K21D-22A,1,0
SE210552,Võ Gia Hân,ojt.synthetic.se211886@gmail.com,K21,Công nghệ thông tin,Trí tuệ nhân tạo,BIT_AI_K20D-21A,2,15
SE210553,Lê Đức Minh,ojt.synthetic.se211887@gmail.com,K21,Công nghệ thông tin,Kỹ thuật phần mềm,BIT_SE_K21B,2,15
SE210554,Phạm Gia Hân,ojt.synthetic.se211888@gmail.com,K21,Công nghệ thông tin,Kỹ thuật phần mềm,BIT_SE_K21C,1,0
SE210555,Trần Quốc Bảo,ojt.synthetic.se211889@gmail.com,K21,Công nghệ thông tin,An toàn thông tin,BIT_IA_K21D-22A,1,0
SE210556,Phạm Khánh Linh,ojt.synthetic.se211890@gmail.com,K21,Công nghệ thông tin,Trí tuệ nhân tạo,BIT_AI_K20D-21A,2,12
SE210557,Phan Hải Nam,ojt.synthetic.se211891@gmail.com,K21,Công nghệ thông tin,Trí tuệ nhân tạo,BIT_AI_K21B,2,15
SE210558,Phan Đức Minh,ojt.synthetic.se211892@gmail.com,K21,Công nghệ thông tin,Hệ thống thông tin,BIT_IS_K21C,1,0
SE210559,Phạm Minh Quân,ojt.synthetic.se211893@gmail.com,K21,Công nghệ thông tin,Kỹ thuật phần mềm,BIT_SE_K21D-22A,1,0
SE210560,Hoàng Đức Minh,ojt.synthetic.se211894@gmail.com,K21,Công nghệ thông tin,Hệ thống thông tin,BIT_IS_K20D-21A,2,9
SE210561,Võ Trung Hiếu,ojt.synthetic.se211895@gmail.com,K21,Công nghệ thông tin,An toàn thông tin,BIT_IA_K21B,2,15
SE210562,Nguyễn Bảo Ngọc,ojt.synthetic.se211896@gmail.com,K21,Công nghệ thông tin,An toàn thông tin,BIT_IA_K21C,1,0
SE210563,Đặng Quốc Bảo,ojt.synthetic.se211897@gmail.com,K21,Công nghệ thông tin,Trí tuệ nhân tạo,BIT_AI_K21D-22A,1,0
SE210564,Võ Anh Tuấn,ojt.synthetic.se211898@gmail.com,K21,Công nghệ thông tin,An toàn thông tin,BIT_IA_K20D-21A,2,15
SE210565,Bùi Minh Anh,ojt.synthetic.se211899@gmail.com,K21,Công nghệ thông tin,Hệ thống thông tin,BIT_IS_K21B,2,15
SE210566,Vũ Khánh Linh,ojt.synthetic.se211900@gmail.com,K21,Công nghệ thông tin,An toàn thông tin,BIT_IA_K21C,1,0
SE210567,Đặng Quốc Bảo,ojt.synthetic.se211901@gmail.com,K21,Công nghệ thông tin,Kỹ thuật phần mềm,BIT_SE_K21D-22A,1,0
SE210568,Phan Quang Huy,ojt.synthetic.se211902@gmail.com,K21,Công nghệ thông tin,An toàn thông tin,BIT_IA_K20D-21A,2,9
SE210569,Lê Anh Tuấn,ojt.synthetic.se211903@gmail.com,K21,Công nghệ thông tin,Kỹ thuật phần mềm,BIT_SE_K21B,2,15
SE210570,Đặng Hải Nam,ojt.synthetic.se211904@gmail.com,K21,Công nghệ thông tin,An toàn thông tin,BIT_IA_K21C,1,0
SE210571,Phan Ngọc Mai,ojt.synthetic.se211905@gmail.com,K21,Công nghệ thông tin,An toàn thông tin,BIT_IA_K21D-22A,1,0
SE210572,Vũ Bảo Ngọc,ojt.synthetic.se211906@gmail.com,K21,Công nghệ thông tin,Trí tuệ nhân tạo,BIT_AI_K20D-21A,2,12
SE210573,Vũ Quốc Bảo,ojt.synthetic.se211907@gmail.com,K21,Công nghệ thông tin,Trí tuệ nhân tạo,BIT_AI_K21B,2,12
SE210574,Nguyễn Hải Nam,ojt.synthetic.se211908@gmail.com,K21,Công nghệ thông tin,An toàn thông tin,BIT_IA_K21C,1,0
SE210575,Nguyễn Quang Huy,ojt.synthetic.se211909@gmail.com,K21,Công nghệ thông tin,Kỹ thuật phần mềm,BIT_SE_K21D-22A,1,0
SE210576,Phan Anh Tuấn,ojt.synthetic.se211910@gmail.com,K21,Công nghệ thông tin,Trí tuệ nhân tạo,BIT_AI_K20D-21A,2,6
SE210577,Vũ Minh Quân,ojt.synthetic.se211911@gmail.com,K21,Công nghệ thông tin,Trí tuệ nhân tạo,BIT_AI_K21B,2,9
SE210578,Vũ Bảo Ngọc,ojt.synthetic.se211912@gmail.com,K21,Công nghệ thông tin,Hệ thống thông tin,BIT_IS_K21C,1,0
SE210579,Trần Gia Hân,ojt.synthetic.se211913@gmail.com,K21,Công nghệ thông tin,An toàn thông tin,BIT_IA_K21D-22A,1,0
SE210580,Phan Quang Huy,ojt.synthetic.se211914@gmail.com,K21,Công nghệ thông tin,Hệ thống thông tin,BIT_IS_K20D-21A,2,6
SE210581,Vũ Minh Anh,ojt.synthetic.se211915@gmail.com,K21,Công nghệ thông tin,Hệ thống thông tin,BIT_IS_K21B,2,15
SE210582,Lê Hoàng Duy,ojt.synthetic.se211916@gmail.com,K21,Công nghệ thông tin,Kỹ thuật phần mềm,BIT_SE_K21C,1,0
SE210583,Võ Gia Hân,ojt.synthetic.se211917@gmail.com,K21,Công nghệ thông tin,Kỹ thuật phần mềm,BIT_SE_K21D-22A,1,0
SE210584,Hoàng Minh Anh,ojt.synthetic.se211918@gmail.com,K21,Công nghệ thông tin,Kỹ thuật phần mềm,BIT_SE_K20D-21A,2,15
SE210585,Hoàng Anh Tuấn,ojt.synthetic.se211919@gmail.com,K21,Công nghệ thông tin,An toàn thông tin,BIT_IA_K21B,2,12
SE210586,Vũ Hải Nam,ojt.synthetic.se211920@gmail.com,K21,Công nghệ thông tin,An toàn thông tin,BIT_IA_K21C,1,0
SE210587,Phan Thanh Tâm,ojt.synthetic.se211921@gmail.com,K21,Công nghệ thông tin,Trí tuệ nhân tạo,BIT_AI_K21D-22A,1,0
SE210588,Trần Gia Hân,ojt.synthetic.se211922@gmail.com,K21,Công nghệ thông tin,An toàn thông tin,BIT_IA_K20D-21A,2,15
SE210589,Hoàng Ngọc Mai,ojt.synthetic.se211923@gmail.com,K21,Công nghệ thông tin,Kỹ thuật phần mềm,BIT_SE_K21B,2,12
SE210590,Đặng Bảo Ngọc,ojt.synthetic.se211924@gmail.com,K21,Công nghệ thông tin,Hệ thống thông tin,BIT_IS_K21C,1,0
SE210591,Phan Quốc Bảo,ojt.synthetic.se211925@gmail.com,K21,Công nghệ thông tin,Hệ thống thông tin,BIT_IS_K21D-22A,1,0
SE210592,Đặng Đức Minh,ojt.synthetic.se211926@gmail.com,K21,Công nghệ thông tin,Hệ thống thông tin,BIT_IS_K20D-21A,2,15
SE210593,Vũ Quang Huy,ojt.synthetic.se211927@gmail.com,K21,Công nghệ thông tin,Hệ thống thông tin,BIT_IS_K21B,2,9
SE210594,Đặng Quang Huy,ojt.synthetic.se211928@gmail.com,K21,Công nghệ thông tin,An toàn thông tin,BIT_IA_K21C,1,0
SE210595,Bùi Gia Hân,ojt.synthetic.se211929@gmail.com,K21,Công nghệ thông tin,Trí tuệ nhân tạo,BIT_AI_K21D-22A,1,0
SE210596,Nguyễn Gia Hân,ojt.synthetic.se211930@gmail.com,K21,Công nghệ thông tin,An toàn thông tin,BIT_IA_K20D-21A,2,12
SE210597,Vũ Hải Nam,ojt.synthetic.se211931@gmail.com,K21,Công nghệ thông tin,An toàn thông tin,BIT_IA_K21B,2,15
SE210598,Hoàng Tuấn Kiệt,ojt.synthetic.se211932@gmail.com,K21,Công nghệ thông tin,Trí tuệ nhân tạo,BIT_AI_K21C,1,0
SE210599,Đặng Bảo Ngọc,ojt.synthetic.se211933@gmail.com,K21,Công nghệ thông tin,An toàn thông tin,BIT_IA_K21D-22A,1,0
SE210600,Đặng Quang Huy,ojt.synthetic.se211934@gmail.com,K21,Công nghệ thông tin,Trí tuệ nhân tạo,BIT_AI_K20D-21A,2,15
SE210601,Huỳnh Tuấn Kiệt,ojt.synthetic.se211935@gmail.com,K21,Công nghệ thông tin,Hệ thống thông tin,BIT_IS_K21B,2,9
SE210602,Lê Quang Huy,ojt.synthetic.se211936@gmail.com,K21,Công nghệ thông tin,Trí tuệ nhân tạo,BIT_AI_K21C,1,0
SE210603,Đỗ Minh Quân,ojt.synthetic.se211937@gmail.com,K21,Công nghệ thông tin,Trí tuệ nhân tạo,BIT_AI_K21D-22A,1,0
SE210604,Lê Tuấn Kiệt,ojt.synthetic.se211938@gmail.com,K21,Công nghệ thông tin,Kỹ thuật phần mềm,BIT_SE_K20D-21A,2,15
SE210605,Phạm Anh Tuấn,ojt.synthetic.se211939@gmail.com,K21,Công nghệ thông tin,An toàn thông tin,BIT_IA_K21B,2,15
SE210606,Phan Trung Hiếu,ojt.synthetic.se211940@gmail.com,K21,Công nghệ thông tin,Trí tuệ nhân tạo,BIT_AI_K21C,1,0
SE210607,Phạm Khánh Linh,ojt.synthetic.se211941@gmail.com,K21,Công nghệ thông tin,Trí tuệ nhân tạo,BIT_AI_K21D-22A,1,0
SE210608,Vũ Quốc Bảo,ojt.synthetic.se211942@gmail.com,K21,Công nghệ thông tin,Trí tuệ nhân tạo,BIT_AI_K20D-21A,2,12
SE210609,Phan Quốc Bảo,ojt.synthetic.se211943@gmail.com,K21,Công nghệ thông tin,An toàn thông tin,BIT_IA_K21B,2,9
SE210610,Trần Tuấn Kiệt,ojt.synthetic.se211944@gmail.com,K21,Công nghệ thông tin,Kỹ thuật phần mềm,BIT_SE_K21C,1,0
SE210611,Vũ Quang Huy,ojt.synthetic.se211945@gmail.com,K21,Công nghệ thông tin,Kỹ thuật phần mềm,BIT_SE_K21D-22A,1,0
SE210612,Huỳnh Khánh Linh,ojt.synthetic.se211946@gmail.com,K21,Công nghệ thông tin,An toàn thông tin,BIT_IA_K20D-21A,2,15
SE210613,Võ Thanh Tâm,ojt.synthetic.se211947@gmail.com,K21,Công nghệ thông tin,An toàn thông tin,BIT_IA_K21B,2,15
SE210614,Vũ Minh Anh,ojt.synthetic.se211948@gmail.com,K21,Công nghệ thông tin,Kỹ thuật phần mềm,BIT_SE_K21C,1,0
SE210615,Huỳnh Hải Nam,ojt.synthetic.se211949@gmail.com,K21,Công nghệ thông tin,An toàn thông tin,BIT_IA_K21D-22A,1,0
SE210616,Lê Quốc Bảo,ojt.synthetic.se211950@gmail.com,K21,Công nghệ thông tin,Kỹ thuật phần mềm,BIT_SE_K20D-21A,2,15
SE210617,Hoàng Trung Hiếu,ojt.synthetic.se211951@gmail.com,K21,Công nghệ thông tin,Kỹ thuật phần mềm,BIT_SE_K21B,2,9
SE210618,Đặng Bảo Ngọc,ojt.synthetic.se211952@gmail.com,K21,Công nghệ thông tin,Kỹ thuật phần mềm,BIT_SE_K21C,1,0
SE210619,Phan Ngọc Mai,ojt.synthetic.se211953@gmail.com,K21,Công nghệ thông tin,An toàn thông tin,BIT_IA_K21D-22A,1,0
SE210620,Võ Thanh Tâm,ojt.synthetic.se211954@gmail.com,K21,Công nghệ thông tin,Kỹ thuật phần mềm,BIT_SE_K20D-21A,2,6
SE210621,Bùi Quang Huy,ojt.synthetic.se211955@gmail.com,K21,Công nghệ thông tin,Trí tuệ nhân tạo,BIT_AI_K21B,2,15
SE210622,Huỳnh Minh Quân,ojt.synthetic.se211956@gmail.com,K21,Công nghệ thông tin,An toàn thông tin,BIT_IA_K21C,1,0
SE210623,Vũ Quang Huy,ojt.synthetic.se211957@gmail.com,K21,Công nghệ thông tin,Hệ thống thông tin,BIT_IS_K21D-22A,1,0
SE210624,Bùi Quang Huy,ojt.synthetic.se211958@gmail.com,K21,Công nghệ thông tin,Hệ thống thông tin,BIT_IS_K20D-21A,2,12
SE210625,Võ Thanh Tâm,ojt.synthetic.se211959@gmail.com,K21,Công nghệ thông tin,Trí tuệ nhân tạo,BIT_AI_K21B,2,12
SE210626,Nguyễn Hoàng Duy,ojt.synthetic.se211960@gmail.com,K21,Công nghệ thông tin,Trí tuệ nhân tạo,BIT_AI_K21C,1,0
SE210627,Huỳnh Khánh Linh,ojt.synthetic.se211961@gmail.com,K21,Công nghệ thông tin,An toàn thông tin,BIT_IA_K21D-22A,1,0
SE210628,Bùi Phương Thảo,ojt.synthetic.se211962@gmail.com,K21,Công nghệ thông tin,Hệ thống thông tin,BIT_IS_K20D-21A,2,15
SE210629,Vũ Phương Thảo,ojt.synthetic.se211963@gmail.com,K21,Công nghệ thông tin,Hệ thống thông tin,BIT_IS_K21B,2,15
SE210630,Huỳnh Tuấn Kiệt,ojt.synthetic.se211964@gmail.com,K21,Công nghệ thông tin,Trí tuệ nhân tạo,BIT_AI_K21C,1,0
SE210631,Nguyễn Tuấn Kiệt,ojt.synthetic.se211965@gmail.com,K21,Công nghệ thông tin,Hệ thống thông tin,BIT_IS_K21D-22A,1,0
SE210632,Phan Anh Tuấn,ojt.synthetic.se211966@gmail.com,K21,Công nghệ thông tin,An toàn thông tin,BIT_IA_K20D-21A,2,15
SE210633,Đỗ Tuấn Kiệt,ojt.synthetic.se211967@gmail.com,K21,Công nghệ thông tin,An toàn thông tin,BIT_IA_K21B,2,15
SE210634,Hoàng Minh Quân,ojt.synthetic.se211968@gmail.com,K21,Công nghệ thông tin,Trí tuệ nhân tạo,BIT_AI_K21C,1,0
SE210635,Bùi Hải Nam,ojt.synthetic.se211969@gmail.com,K21,Công nghệ thông tin,Trí tuệ nhân tạo,BIT_AI_K21D-22A,1,0
SE210636,Võ Hoàng Duy,ojt.synthetic.se211970@gmail.com,K21,Công nghệ thông tin,An toàn thông tin,BIT_IA_K20D-21A,2,15
SE210637,Lê Hải Nam,ojt.synthetic.se211971@gmail.com,K21,Công nghệ thông tin,Kỹ thuật phần mềm,BIT_SE_K21B,2,12
SE210638,Lê Gia Hân,ojt.synthetic.se211972@gmail.com,K21,Công nghệ thông tin,An toàn thông tin,BIT_IA_K21C,1,0
SE210639,Võ Minh Anh,ojt.synthetic.se211973@gmail.com,K21,Công nghệ thông tin,Trí tuệ nhân tạo,BIT_AI_K21D-22A,1,0
SE210640,Đỗ Quang Huy,ojt.synthetic.se211974@gmail.com,K21,Công nghệ thông tin,Trí tuệ nhân tạo,BIT_AI_K20D-21A,2,12
SE210641,Bùi Quốc Bảo,ojt.synthetic.se211975@gmail.com,K21,Công nghệ thông tin,Trí tuệ nhân tạo,BIT_AI_K21B,2,12
SE210642,Đỗ Quang Huy,ojt.synthetic.se211976@gmail.com,K21,Công nghệ thông tin,Kỹ thuật phần mềm,BIT_SE_K21C,1,0
SE210643,Phan Quốc Bảo,ojt.synthetic.se211977@gmail.com,K21,Công nghệ thông tin,Kỹ thuật phần mềm,BIT_SE_K21D-22A,1,0
SE210644,Nguyễn Quốc Bảo,ojt.synthetic.se211978@gmail.com,K21,Công nghệ thông tin,Trí tuệ nhân tạo,BIT_AI_K20D-21A,2,15
SE210645,Võ Quốc Bảo,ojt.synthetic.se211979@gmail.com,K21,Công nghệ thông tin,An toàn thông tin,BIT_IA_K21B,2,12
SE210646,Đặng Tuấn Kiệt,ojt.synthetic.se211980@gmail.com,K21,Công nghệ thông tin,Hệ thống thông tin,BIT_IS_K21C,1,0
SE210647,Phạm Ngọc Mai,ojt.synthetic.se211981@gmail.com,K21,Công nghệ thông tin,An toàn thông tin,BIT_IA_K21D-22A,1,0
SE210648,Hoàng Trung Hiếu,ojt.synthetic.se211982@gmail.com,K21,Công nghệ thông tin,Hệ thống thông tin,BIT_IS_K20D-21A,2,15
SE210649,Võ Quang Huy,ojt.synthetic.se211983@gmail.com,K21,Công nghệ thông tin,An toàn thông tin,BIT_IA_K21B,2,15
SE210650,Võ Quang Huy,ojt.synthetic.se211984@gmail.com,K21,Công nghệ thông tin,Hệ thống thông tin,BIT_IS_K21C,1,0
SE210651,Lê Minh Anh,ojt.synthetic.se211985@gmail.com,K21,Công nghệ thông tin,An toàn thông tin,BIT_IA_K21D-22A,1,0
SE210652,Trần Bảo Ngọc,ojt.synthetic.se211986@gmail.com,K21,Công nghệ thông tin,Kỹ thuật phần mềm,BIT_SE_K20D-21A,2,9
SE210653,Hoàng Tuấn Kiệt,ojt.synthetic.se211987@gmail.com,K21,Công nghệ thông tin,An toàn thông tin,BIT_IA_K21B,2,12
SE210654,Phan Quốc Bảo,ojt.synthetic.se211988@gmail.com,K21,Công nghệ thông tin,Hệ thống thông tin,BIT_IS_K21C,1,0
SE210655,Đỗ Hoàng Duy,ojt.synthetic.se211989@gmail.com,K21,Công nghệ thông tin,Hệ thống thông tin,BIT_IS_K21D-22A,1,0
SE210656,Phan Hải Nam,ojt.synthetic.se211990@gmail.com,K21,Công nghệ thông tin,Kỹ thuật phần mềm,BIT_SE_K20D-21A,2,15
SE210657,Phan Tuấn Kiệt,ojt.synthetic.se211991@gmail.com,K21,Công nghệ thông tin,Hệ thống thông tin,BIT_IS_K21B,2,15
SE210658,Đặng Minh Quân,ojt.synthetic.se211992@gmail.com,K21,Công nghệ thông tin,Hệ thống thông tin,BIT_IS_K21C,1,0
SE210659,Trần Hải Nam,ojt.synthetic.se211993@gmail.com,K21,Công nghệ thông tin,Kỹ thuật phần mềm,BIT_SE_K21D-22A,1,0
SE210660,Hoàng Gia Hân,ojt.synthetic.se211994@gmail.com,K21,Công nghệ thông tin,Trí tuệ nhân tạo,BIT_AI_K20D-21A,2,9
SE210661,Nguyễn Ngọc Mai,ojt.synthetic.se211995@gmail.com,K21,Công nghệ thông tin,Trí tuệ nhân tạo,BIT_AI_K21B,2,15
SE210662,Lê Quang Huy,ojt.synthetic.se211996@gmail.com,K21,Công nghệ thông tin,Trí tuệ nhân tạo,BIT_AI_K21C,1,0
SE210663,Nguyễn Minh Quân,ojt.synthetic.se211997@gmail.com,K21,Công nghệ thông tin,Hệ thống thông tin,BIT_IS_K21D-22A,1,0
SE210664,Phạm Đức Minh,ojt.synthetic.se211998@gmail.com,K21,Công nghệ thông tin,Trí tuệ nhân tạo,BIT_AI_K20D-21A,2,12
SE210665,Vũ Phương Thảo,ojt.synthetic.se211999@gmail.com,K21,Công nghệ thông tin,Trí tuệ nhân tạo,BIT_AI_K21B,2,9
