"student_id","full_name","email","cohort","major","specialization","curriculum_code","current_semester","accumulated_credits","selected_combo_id"
"SE190000","Hoàng Anh Tuấn","ojt.synthetic.se190000@example.com","K19","Công nghệ thông tin","An toàn thông tin","BIT_IA_K18D-19A_FNO","5","54","587"
"SE190001","Đỗ Khánh Linh","ojt.synthetic.se190001@example.com","K19","Công nghệ thông tin","Kỹ thuật phần mềm","BIT_SE_K19D_K20A","4","45",""
"SE190002","Huỳnh Minh Anh","ojt.synthetic.se190002@example.com","K19","Công nghệ thông tin","Hệ thống thông tin","BIT_IS_K19B","5","60","2635"
"SE190003","Đỗ Minh Anh","ojt.synthetic.se190003@example.com","K19","Công nghệ thông tin","Kỹ thuật phần mềm","BIT_SE_K19B","5","60","2638"
"SE190004","Vũ Tuấn Kiệt","ojt.synthetic.se190004@example.com","K19","Công nghệ thông tin","Trí tuệ nhân tạo","BIT_AI_K19B_FNO","5","57","2620"
"SE190005","Võ Ngọc Mai","ojt.synthetic.se190005@example.com","K19","Công nghệ thông tin","Trí tuệ nhân tạo","BIT_AI_K19B_FNO","5","57","1174"
"SE190006","Đặng Phương Thảo","ojt.synthetic.se190006@example.com","K19","Công nghệ thông tin","An toàn thông tin","BIT_IA_K19D-20A","4","42",""
"SE190007","Phan Minh Anh","ojt.synthetic.se190007@example.com","K19","Công nghệ thông tin","Kỹ thuật phần mềm","BIT_SE_K19D_K20A","4","45",""
"SE190008","Lê Ngọc Mai","ojt.synthetic.se190008@example.com","K19","Công nghệ thông tin","An toàn thông tin","BIT_IA_K18D-19A","5","54","586"
"SE190009","Võ Minh Quân","ojt.synthetic.se190009@example.com","K19","Công nghệ thông tin","Hệ thống thông tin","BIT_IS_K19D_K20A","4","45",""
"SE190010","Trần Minh Quân","ojt.synthetic.se190010@example.com","K19","Công nghệ thông tin","Hệ thống thông tin","BIT_IS_K18D_19A","5","54","2641"
"SE190011","Nguyễn Ngọc Mai","ojt.synthetic.se190011@example.com","K19","Công nghệ thông tin","Trí tuệ nhân tạo","BIT_AI_K18D-19A_FNO","5","60","1175"
"SE190012","Nguyễn Bảo Ngọc","ojt.synthetic.se190012@example.com","K19","Công nghệ thông tin","Trí tuệ nhân tạo","BIT_AI_K19D-20A","4","45",""
"SE190013","Trần Gia Hân","ojt.synthetic.se190013@example.com","K19","Công nghệ thông tin","Hệ thống thông tin","BIT_IS_K18D_19A","5","57","2634"
"SE190014","Nguyễn Anh Tuấn","ojt.synthetic.se190014@example.com","K19","Công nghệ thông tin","Hệ thống thông tin","BIT_IS_K19B","5","60","2634"
"SE190015","Hoàng Minh Quân","ojt.synthetic.se190015@example.com","K19","Công nghệ thông tin","Hệ thống thông tin","BIT_IS_K19D_K20A","4","45",""
"SE190016","Trần Quốc Bảo","ojt.synthetic.se190016@example.com","K19","Công nghệ thông tin","Hệ thống thông tin","BIT_IS_K18D_19A","5","60","2635"
"SE190017","Phạm Hoàng Duy","ojt.synthetic.se190017@example.com","K19","Công nghệ thông tin","Kỹ thuật phần mềm","BIT_SE_K19C","4","45",""
"SE190018","Phan Quang Huy","ojt.synthetic.se190018@example.com","K19","Công nghệ thông tin","An toàn thông tin","BIT_IA_K19D-20A","4","45",""
"SE190019","Võ Phương Thảo","ojt.synthetic.se190019@example.com","K19","Công nghệ thông tin","Hệ thống thông tin","BIT_IS_K19C","4","45",""
"SE190020","Trần Phương Thảo","ojt.synthetic.se190020@example.com","K19","Công nghệ thông tin","Hệ thống thông tin","BIT_IS_K19B","5","57","2634"
"SE190021","Võ Ngọc Mai","ojt.synthetic.se190021@example.com","K19","Công nghệ thông tin","Hệ thống thông tin","BIT_IS_K19B","5","57","2636"
"SE190022","Bùi Thanh Tâm","ojt.synthetic.se190022@example.com","K19","Công nghệ thông tin","An toàn thông tin","BIT_IA_K19D-20A","4","45",""
"SE190023","Nguyễn Thanh Tâm","ojt.synthetic.se190023@example.com","K19","Công nghệ thông tin","An toàn thông tin","BIT_IA_K19B_FNO","5","60","586"
"SE190024","Bùi Thanh Tâm","ojt.synthetic.se190024@example.com","K19","Công nghệ thông tin","An toàn thông tin","BIT_IA_K19B_FNO","5","60","587"
"SE190025","Nguyễn Hải Nam","ojt.synthetic.se190025@example.com","K19","Công nghệ thông tin","Kỹ thuật phần mềm","BIT_SE_K19C","4","42",""
"SE190026","Nguyễn Quang Huy","ojt.synthetic.se190026@example.com","K19","Công nghệ thông tin","An toàn thông tin","BIT_IA_K19D-20A","4","45",""
"SE190027","Lê Bảo Ngọc","ojt.synthetic.se190027@example.com","K19","Công nghệ thông tin","Hệ thống thông tin","BIT_IS_K18D_19A","5","51","2634"
"SE190028","Lê Quang Huy","ojt.synthetic.se190028@example.com","K19","Công nghệ thông tin","Hệ thống thông tin","BIT_IS_K19C","4","45",""
"SE190029","Bùi Hải Nam","ojt.synthetic.se190029@example.com","K19","Công nghệ thông tin","An toàn thông tin","BIT_IA_K19B_FNO","5","60","587"
"SE190030","Hoàng Khánh Linh","ojt.synthetic.se190030@example.com","K19","Công nghệ thông tin","An toàn thông tin","BIT_IA_K18D-19A","5","60","587"
"SE190031","Trần Minh Anh","ojt.synthetic.se190031@example.com","K19","Công nghệ thông tin","Trí tuệ nhân tạo","BIT_AI_K19B_FNO","5","60","2620"
"SE190032","Phan Trung Hiếu","ojt.synthetic.se190032@example.com","K19","Công nghệ thông tin","An toàn thông tin","BIT_IA_K18D-19A_FNO","5","60","586"
"SE190033","Vũ Bảo Ngọc","ojt.synthetic.se190033@example.com","K19","Công nghệ thông tin","Kỹ thuật phần mềm","BIT_SE_K19B","5","51","2686"
"SE190034","Bùi Quốc Bảo","ojt.synthetic.se190034@example.com","K19","Công nghệ thông tin","Hệ thống thông tin","BIT_IS_K18D_19A","5","60","2636"
"SE190035","Vũ Đức Minh","ojt.synthetic.se190035@example.com","K19","Công nghệ thông tin","Kỹ thuật phần mềm","BIT_SE_K19B","5","57","1469"
"SE190036","Bùi Bảo Ngọc","ojt.synthetic.se190036@example.com","K19","Công nghệ thông tin","Hệ thống thông tin","BIT_IS_K19C","4","45",""
"SE190037","Huỳnh Thanh Tâm","ojt.synthetic.se190037@example.com","K19","Công nghệ thông tin","Trí tuệ nhân tạo","BIT_AI_K19D-20A","4","42",""
"SE190038","Lê Quang Huy","ojt.synthetic.se190038@example.com","K19","Công nghệ thông tin","Kỹ thuật phần mềm","BIT_SE_K18D_19A","5","51","402"
"SE190039","Đặng Bảo Ngọc","ojt.synthetic.se190039@example.com","K19","Công nghệ thông tin","Kỹ thuật phần mềm","BIT_SE_K19B","5","60","2628"
"SE190040","Đỗ Tuấn Kiệt","ojt.synthetic.se190040@example.com","K19","Công nghệ thông tin","Trí tuệ nhân tạo","BIT_AI_K19D-20A","4","42",""
"SE190041","Nguyễn Thanh Tâm","ojt.synthetic.se190041@example.com","K19","Công nghệ thông tin","Kỹ thuật phần mềm","BIT_SE_K19D_K20A","4","45",""
"SE190042","Vũ Anh Tuấn","ojt.synthetic.se190042@example.com","K19","Công nghệ thông tin","An toàn thông tin","BIT_IA_K19B_FNO","5","60","586"
"SE190043","Nguyễn Hải Nam","ojt.synthetic.se190043@example.com","K19","Công nghệ thông tin","Kỹ thuật phần mềm","BIT_SE_K19B","5","57","2638"
"SE190044","Huỳnh Đức Minh","ojt.synthetic.se190044@example.com","K19","Công nghệ thông tin","An toàn thông tin","BIT_IA_K19B_FNO","5","57","586"
"SE190045","Phạm Khánh Linh","ojt.synthetic.se190045@example.com","K19","Công nghệ thông tin","Trí tuệ nhân tạo","BIT_AI_K19B_FNO","5","60","1176"
"SE190046","Trần Minh Quân","ojt.synthetic.se190046@example.com","K19","Công nghệ thông tin","Kỹ thuật phần mềm","BIT_SE_K19C","4","45",""
"SE190047","Đỗ Minh Anh","ojt.synthetic.se190047@example.com","K19","Công nghệ thông tin","Hệ thống thông tin","BIT_IS_K19B","5","60","2636"
"SE190048","Võ Tuấn Kiệt","ojt.synthetic.se190048@example.com","K19","Công nghệ thông tin","Kỹ thuật phần mềm","BIT_SE_K18D_19A","5","60","2638"
"SE190049","Đặng Tuấn Kiệt","ojt.synthetic.se190049@example.com","K19","Công nghệ thông tin","Trí tuệ nhân tạo","BIT_AI_K19D-20A","4","39",""
"SE190050","Lê Anh Tuấn","ojt.synthetic.se190050@example.com","K19","Công nghệ thông tin","Trí tuệ nhân tạo","BIT_AI_K18D-19A","5","60","1174"
"SE190051","Đặng Thanh Tâm","ojt.synthetic.se190051@example.com","K19","Công nghệ thông tin","Hệ thống thông tin","BIT_IS_K19B","5","54","2634"
"SE190052","Đặng Ngọc Mai","ojt.synthetic.se190052@example.com","K19","Công nghệ thông tin","An toàn thông tin","BIT_IA_K19D-20A","4","42",""
"SE190053","Nguyễn Tuấn Kiệt","ojt.synthetic.se190053@example.com","K19","Công nghệ thông tin","Kỹ thuật phần mềm","BIT_SE_K19B","5","57","2605"
"SE190054","Đặng Phương Thảo","ojt.synthetic.se190054@example.com","K19","Công nghệ thông tin","Hệ thống thông tin","BIT_IS_K18D_19A","5","57","2637"
"SE190055","Lê Tuấn Kiệt","ojt.synthetic.se190055@example.com","K19","Công nghệ thông tin","Trí tuệ nhân tạo","BIT_AI_K18D-19A_FNO","5","60","1176"
"SE190056","Vũ Ngọc Mai","ojt.synthetic.se190056@example.com","K19","Công nghệ thông tin","Hệ thống thông tin","BIT_IS_K19B","5","60","2634"
"SE190057","Đặng Thanh Tâm","ojt.synthetic.se190057@example.com","K19","Công nghệ thông tin","An toàn thông tin","BIT_IA_K19B_FNO","5","60","587"
"SE190058","Vũ Tuấn Kiệt","ojt.synthetic.se190058@example.com","K19","Công nghệ thông tin","Hệ thống thông tin","BIT_IS_K18D_19A","5","57","2637"
"SE190059","Phạm Khánh Linh","ojt.synthetic.se190059@example.com","K19","Công nghệ thông tin","An toàn thông tin","BIT_IA_K18D-19A_FNO","5","54","587"
"SE190060","Vũ Quang Huy","ojt.synthetic.se190060@example.com","K19","Công nghệ thông tin","Kỹ thuật phần mềm","BIT_SE_K19C","4","45",""
"SE190061","Phan Quang Huy","ojt.synthetic.se190061@example.com","K19","Công nghệ thông tin","Hệ thống thông tin","BIT_IS_K19C","4","42",""
"SE190062","Huỳnh Thanh Tâm","ojt.synthetic.se190062@example.com","K19","Công nghệ thông tin","An toàn thông tin","BIT_IA_K18D-19A","5","51","587"
"SE190063","Đặng Hải Nam","ojt.synthetic.se190063@example.com","K19","Công nghệ thông tin","An toàn thông tin","BIT_IA_K18D-19A","5","60","586"
"SE190064","Đỗ Quốc Bảo","ojt.synthetic.se190064@example.com","K19","Công nghệ thông tin","Kỹ thuật phần mềm","BIT_SE_K19C","4","42",""
"SE190065","Đặng Hoàng Duy","ojt.synthetic.se190065@example.com","K19","Công nghệ thông tin","Hệ thống thông tin","BIT_IS_K19C","4","42",""
"SE190066","Bùi Bảo Ngọc","ojt.synthetic.se190066@example.com","K19","Công nghệ thông tin","Kỹ thuật phần mềm","BIT_SE_K19B","5","60","2675"
"SE190067","Hoàng Hoàng Duy","ojt.synthetic.se190067@example.com","K19","Công nghệ thông tin","Hệ thống thông tin","BIT_IS_K19D_K20A","4","42",""
"SE190068","Vũ Đức Minh","ojt.synthetic.se190068@example.com","K19","Công nghệ thông tin","Hệ thống thông tin","BIT_IS_K19D_K20A","4","39",""
"SE190069","Đặng Hoàng Duy","ojt.synthetic.se190069@example.com","K19","Công nghệ thông tin","Hệ thống thông tin","BIT_IS_K18D_19A","5","60","2634"
"SE190070","Phan Bảo Ngọc","ojt.synthetic.se190070@example.com","K19","Công nghệ thông tin","An toàn thông tin","BIT_IA_K18D-19A_FNO","5","60","587"
"SE190071","Đặng Đức Minh","ojt.synthetic.se190071@example.com","K19","Công nghệ thông tin","Hệ thống thông tin","BIT_IS_K19C","4","45",""
"SE190072","Bùi Khánh Linh","ojt.synthetic.se190072@example.com","K19","Công nghệ thông tin","Kỹ thuật phần mềm","BIT_SE_K19C","4","45",""
"SE190073","Phạm Phương Thảo","ojt.synthetic.se190073@example.com","K19","Công nghệ thông tin","Trí tuệ nhân tạo","BIT_AI_K18D-19A","5","60","1176"
"SE190074","Phan Quang Huy","ojt.synthetic.se190074@example.com","K19","Công nghệ thông tin","Kỹ thuật phần mềm","BIT_SE_K19D_K20A","4","42",""
"SE190075","Nguyễn Quang Huy","ojt.synthetic.se190075@example.com","K19","Công nghệ thông tin","An toàn thông tin","BIT_IA_K18D-19A_FNO","5","54","586"
"SE190076","Phạm Quang Huy","ojt.synthetic.se190076@example.com","K19","Công nghệ thông tin","Trí tuệ nhân tạo","BIT_AI_K19B_FNO","5","57","2620"
"SE190077","Võ Đức Minh","ojt.synthetic.se190077@example.com","K19","Công nghệ thông tin","Hệ thống thông tin","BIT_IS_K19C","4","39",""
"SE190078","Võ Gia Hân","ojt.synthetic.se190078@example.com","K19","Công nghệ thông tin","Kỹ thuật phần mềm","BIT_SE_K19C","4","45",""
"SE190079","Võ Quang Huy","ojt.synthetic.se190079@example.com","K19","Công nghệ thông tin","An toàn thông tin","BIT_IA_K19B_FNO","5","60","587"
"SE190080","Võ Minh Quân","ojt.synthetic.se190080@example.com","K19","Công nghệ thông tin","Hệ thống thông tin","BIT_IS_K19D_K20A","4","39",""
"SE190081","Nguyễn Gia Hân","ojt.synthetic.se190081@example.com","K19","Công nghệ thông tin","Kỹ thuật phần mềm","BIT_SE_K19D_K20A","4","45",""
"SE190082","Bùi Hoàng Duy","ojt.synthetic.se190082@example.com","K19","Công nghệ thông tin","Trí tuệ nhân tạo","BIT_AI_K19B_FNO","5","60","1174"
"SE190083","Vũ Tuấn Kiệt","ojt.synthetic.se190083@example.com","K19","Công nghệ thông tin","Trí tuệ nhân tạo","BIT_AI_K19D-20A","4","45",""
"SE190084","Hoàng Bảo Ngọc","ojt.synthetic.se190084@example.com","K19","Công nghệ thông tin","Trí tuệ nhân tạo","BIT_AI_K18D-19A","5","57","1176"
"SE190085","Võ Quang Huy","ojt.synthetic.se190085@example.com","K19","Công nghệ thông tin","Trí tuệ nhân tạo","BIT_AI_K19D-20A","4","45",""
"SE190086","Võ Minh Quân","ojt.synthetic.se190086@example.com","K19","Công nghệ thông tin","Kỹ thuật phần mềm","BIT_SE_K19C","4","45",""
"SE190087","Huỳnh Bảo Ngọc","ojt.synthetic.se190087@example.com","K19","Công nghệ thông tin","Kỹ thuật phần mềm","BIT_SE_K19C","4","39",""
"SE190088","Bùi Phương Thảo","ojt.synthetic.se190088@example.com","K19","Công nghệ thông tin","Hệ thống thông tin","BIT_IS_K19D_K20A","4","39",""
"SE190089","Đặng Quốc Bảo","ojt.synthetic.se190089@example.com","K19","Công nghệ thông tin","Kỹ thuật phần mềm","BIT_SE_K19C","4","45",""
"SE190090","Hoàng Hoàng Duy","ojt.synthetic.se190090@example.com","K19","Công nghệ thông tin","An toàn thông tin","BIT_IA_K18D-19A_FNO","5","60","587"
"SE190091","Huỳnh Minh Quân","ojt.synthetic.se190091@example.com","K19","Công nghệ thông tin","Trí tuệ nhân tạo","BIT_AI_K19B_FNO","5","54","2620"
"SE190092","Đặng Hải Nam","ojt.synthetic.se190092@example.com","K19","Công nghệ thông tin","An toàn thông tin","BIT_IA_K19B_FNO","5","60","587"
"SE190093","Huỳnh Hoàng Duy","ojt.synthetic.se190093@example.com","K19","Công nghệ thông tin","Trí tuệ nhân tạo","BIT_AI_K18D-19A_FNO","5","60","1176"
"SE190094","Đỗ Thanh Tâm","ojt.synthetic.se190094@example.com","K19","Công nghệ thông tin","Kỹ thuật phần mềm","BIT_SE_K19D_K20A","4","45",""
"SE190095","Đỗ Đức Minh","ojt.synthetic.se190095@example.com","K19","Công nghệ thông tin","Trí tuệ nhân tạo","BIT_AI_K18D-19A_FNO","5","60","1176"
"SE190096","Nguyễn Minh Anh","ojt.synthetic.se190096@example.com","K19","Công nghệ thông tin","Hệ thống thông tin","BIT_IS_K19D_K20A","4","42",""
"SE190097","Huỳnh Minh Anh","ojt.synthetic.se190097@example.com","K19","Công nghệ thông tin","An toàn thông tin","BIT_IA_K19B_FNO","5","60","587"
"SE190098","Bùi Trung Hiếu","ojt.synthetic.se190098@example.com","K19","Công nghệ thông tin","Hệ thống thông tin","BIT_IS_K19D_K20A","4","39",""
"SE190099","Lê Hoàng Duy","ojt.synthetic.se190099@example.com","K19","Công nghệ thông tin","Trí tuệ nhân tạo","BIT_AI_K19D-20A","4","45",""
"SE190100","Đặng Quốc Bảo","ojt.synthetic.se190100@example.com","K19","Công nghệ thông tin","An toàn thông tin","BIT_IA_K19B_FNO","5","60","587"
"SE190101","Huỳnh Gia Hân","ojt.synthetic.se190101@example.com","K19","Công nghệ thông tin","An toàn thông tin","BIT_IA_K19B_FNO","5","57","587"
"SE190102","Hoàng Ngọc Mai","ojt.synthetic.se190102@example.com","K19","Công nghệ thông tin","Kỹ thuật phần mềm","BIT_SE_K18D_19A","5","60","340"
"SE190103","Vũ Ngọc Mai","ojt.synthetic.se190103@example.com","K19","Công nghệ thông tin","An toàn thông tin","BIT_IA_K19B_FNO","5","60","586"
"SE190104","Vũ Gia Hân","ojt.synthetic.se190104@example.com","K19","Công nghệ thông tin","Trí tuệ nhân tạo","BIT_AI_K19D-20A","4","45",""
"SE190105","Bùi Hải Nam","ojt.synthetic.se190105@example.com","K19","Công nghệ thông tin","An toàn thông tin","BIT_IA_K19D-20A","4","45",""
"SE190106","Huỳnh Ngọc Mai","ojt.synthetic.se190106@example.com","K19","Công nghệ thông tin","Kỹ thuật phần mềm","BIT_SE_K18D_19A","5","57","2686"
"SE190107","Lê Phương Thảo","ojt.synthetic.se190107@example.com","K19","Công nghệ thông tin","Kỹ thuật phần mềm","BIT_SE_K19D_K20A","4","42",""
"SE190108","Đặng Tuấn Kiệt","ojt.synthetic.se190108@example.com","K19","Công nghệ thông tin","Hệ thống thông tin","BIT_IS_K18D_19A","5","60","2636"
"SE190109","Trần Bảo Ngọc","ojt.synthetic.se190109@example.com","K19","Công nghệ thông tin","Trí tuệ nhân tạo","BIT_AI_K19B_FNO","5","60","1176"
"SE190110","Trần Minh Quân","ojt.synthetic.se190110@example.com","K19","Công nghệ thông tin","An toàn thông tin","BIT_IA_K19B_FNO","5","57","587"
"SE190111","Lê Thanh Tâm","ojt.synthetic.se190111@example.com","K19","Công nghệ thông tin","Kỹ thuật phần mềm","BIT_SE_K19C","4","45",""
"SE190112","Phan Bảo Ngọc","ojt.synthetic.se190112@example.com","K19","Công nghệ thông tin","Hệ thống thông tin","BIT_IS_K18D_19A","5","60","2635"
"SE190113","Nguyễn Bảo Ngọc","ojt.synthetic.se190113@example.com","K19","Công nghệ thông tin","Hệ thống thông tin","BIT_IS_K19C","4","45",""
"SE190114","Đỗ Đức Minh","ojt.synthetic.se190114@example.com","K19","Công nghệ thông tin","Trí tuệ nhân tạo","BIT_AI_K18D-19A","5","57","2620"
"SE190115","Nguyễn Phương Thảo","ojt.synthetic.se190115@example.com","K19","Công nghệ thông tin","An toàn thông tin","BIT_IA_K19D-20A","4","42",""
"SE190116","Bùi Minh Anh","ojt.synthetic.se190116@example.com","K19","Công nghệ thông tin","Kỹ thuật phần mềm","BIT_SE_K19B","5","60","402"
"SE190117","Lê Phương Thảo","ojt.synthetic.se190117@example.com","K19","Công nghệ thông tin","Kỹ thuật phần mềm","BIT_SE_K18D_19A","5","60","2497"
"SE190118","Nguyễn Minh Quân","ojt.synthetic.se190118@example.com","K19","Công nghệ thông tin","An toàn thông tin","BIT_IA_K19D-20A","4","42",""
"SE190119","Nguyễn Minh Quân","ojt.synthetic.se190119@example.com","K19","Công nghệ thông tin","Hệ thống thông tin","BIT_IS_K19C","4","39",""
"SE190120","Võ Trung Hiếu","ojt.synthetic.se190120@example.com","K19","Công nghệ thông tin","Kỹ thuật phần mềm","BIT_SE_K19D_K20A","4","45",""
"SE190121","Võ Bảo Ngọc","ojt.synthetic.se190121@example.com","K19","Công nghệ thông tin","An toàn thông tin","BIT_IA_K19D-20A","4","45",""
"SE190122","Nguyễn Đức Minh","ojt.synthetic.se190122@example.com","K19","Công nghệ thông tin","Trí tuệ nhân tạo","BIT_AI_K18D-19A","5","54","2620"
"SE190123","Hoàng Khánh Linh","ojt.synthetic.se190123@example.com","K19","Công nghệ thông tin","Kỹ thuật phần mềm","BIT_SE_K19D_K20A","4","45",""
"SE190124","Hoàng Đức Minh","ojt.synthetic.se190124@example.com","K19","Công nghệ thông tin","Hệ thống thông tin","BIT_IS_K19D_K20A","4","45",""
"SE190125","Bùi Trung Hiếu","ojt.synthetic.se190125@example.com","K19","Công nghệ thông tin","Kỹ thuật phần mềm","BIT_SE_K18D_19A","5","60","2638"
"SE190126","Bùi Phương Thảo","ojt.synthetic.se190126@example.com","K19","Công nghệ thông tin","An toàn thông tin","BIT_IA_K19B_FNO","5","57","586"
"SE190127","Hoàng Gia Hân","ojt.synthetic.se190127@example.com","K19","Công nghệ thông tin","Hệ thống thông tin","BIT_IS_K19B","5","60","2641"
"SE190128","Huỳnh Ngọc Mai","ojt.synthetic.se190128@example.com","K19","Công nghệ thông tin","An toàn thông tin","BIT_IA_K18D-19A_FNO","5","57","586"
"SE190129","Trần Gia Hân","ojt.synthetic.se190129@example.com","K19","Công nghệ thông tin","Kỹ thuật phần mềm","BIT_SE_K18D_19A","5","57","2638"
"SE190130","Võ Hải Nam","ojt.synthetic.se190130@example.com","K19","Công nghệ thông tin","Trí tuệ nhân tạo","BIT_AI_K19D-20A","4","42",""
"SE190131","Lê Khánh Linh","ojt.synthetic.se190131@example.com","K19","Công nghệ thông tin","Kỹ thuật phần mềm","BIT_SE_K19B","5","51","2686"
"SE190132","Trần Gia Hân","ojt.synthetic.se190132@example.com","K19","Công nghệ thông tin","Trí tuệ nhân tạo","BIT_AI_K18D-19A_FNO","5","60","1175"
"SE190133","Bùi Tuấn Kiệt","ojt.synthetic.se190133@example.com","K19","Công nghệ thông tin","Kỹ thuật phần mềm","BIT_SE_K19D_K20A","4","45",""
"SE190134","Trần Bảo Ngọc","ojt.synthetic.se190134@example.com","K19","Công nghệ thông tin","Hệ thống thông tin","BIT_IS_K19D_K20A","4","45",""
"SE190135","Bùi Quang Huy","ojt.synthetic.se190135@example.com","K19","Công nghệ thông tin","An toàn thông tin","BIT_IA_K19D-20A","4","45",""
"SE190136","Bùi Hoàng Duy","ojt.synthetic.se190136@example.com","K19","Công nghệ thông tin","Trí tuệ nhân tạo","BIT_AI_K18D-19A","5","57","1174"
"SE190137","Đỗ Gia Hân","ojt.synthetic.se190137@example.com","K19","Công nghệ thông tin","Trí tuệ nhân tạo","BIT_AI_K18D-19A","5","60","1174"
"SE190138","Trần Khánh Linh","ojt.synthetic.se190138@example.com","K19","Công nghệ thông tin","Kỹ thuật phần mềm","BIT_SE_K18D_19A","5","60","402"
"SE190139","Bùi Gia Hân","ojt.synthetic.se190139@example.com","K19","Công nghệ thông tin","Trí tuệ nhân tạo","BIT_AI_K19D-20A","4","42",""
"SE190140","Huỳnh Tuấn Kiệt","ojt.synthetic.se190140@example.com","K19","Công nghệ thông tin","An toàn thông tin","BIT_IA_K19B_FNO","5","60","586"
"SE190141","Vũ Thanh Tâm","ojt.synthetic.se190141@example.com","K19","Công nghệ thông tin","An toàn thông tin","BIT_IA_K18D-19A_FNO","5","60","586"
"SE190142","Nguyễn Hoàng Duy","ojt.synthetic.se190142@example.com","K19","Công nghệ thông tin","Hệ thống thông tin","BIT_IS_K19D_K20A","4","45",""
"SE190143","Trần Phương Thảo","ojt.synthetic.se190143@example.com","K19","Công nghệ thông tin","Hệ thống thông tin","BIT_IS_K18D_19A","5","57","2641"
"SE190144","Phan Minh Anh","ojt.synthetic.se190144@example.com","K19","Công nghệ thông tin","An toàn thông tin","BIT_IA_K19D-20A","4","45",""
"SE190145","Võ Hoàng Duy","ojt.synthetic.se190145@example.com","K19","Công nghệ thông tin","Hệ thống thông tin","BIT_IS_K19B","5","60","2636"
"SE190146","Bùi Minh Quân","ojt.synthetic.se190146@example.com","K19","Công nghệ thông tin","An toàn thông tin","BIT_IA_K18D-19A_FNO","5","54","587"
"SE190147","Huỳnh Gia Hân","ojt.synthetic.se190147@example.com","K19","Công nghệ thông tin","Trí tuệ nhân tạo","BIT_AI_K19B_FNO","5","60","2620"
"SE190148","Vũ Anh Tuấn","ojt.synthetic.se190148@example.com","K19","Công nghệ thông tin","Kỹ thuật phần mềm","BIT_SE_K19B","5","57","340"
"SE190149","Nguyễn Quốc Bảo","ojt.synthetic.se190149@example.com","K19","Công nghệ thông tin","Trí tuệ nhân tạo","BIT_AI_K19B_FNO","5","60","1176"
"SE190150","Phạm Trung Hiếu","ojt.synthetic.se190150@example.com","K19","Công nghệ thông tin","Hệ thống thông tin","BIT_IS_K19C","4","45",""
"SE190151","Lê Khánh Linh","ojt.synthetic.se190151@example.com","K19","Công nghệ thông tin","Trí tuệ nhân tạo","BIT_AI_K19D-20A","4","45",""
"SE190152","Lê Minh Quân","ojt.synthetic.se190152@example.com","K19","Công nghệ thông tin","Trí tuệ nhân tạo","BIT_AI_K18D-19A","5","57","1174"
"SE190153","Đặng Phương Thảo","ojt.synthetic.se190153@example.com","K19","Công nghệ thông tin","An toàn thông tin","BIT_IA_K19B_FNO","5","57","587"
"SE190154","Phạm Phương Thảo","ojt.synthetic.se190154@example.com","K19","Công nghệ thông tin","Trí tuệ nhân tạo","BIT_AI_K19B_FNO","5","57","2620"
"SE190155","Phạm Hải Nam","ojt.synthetic.se190155@example.com","K19","Công nghệ thông tin","Kỹ thuật phần mềm","BIT_SE_K19C","4","42",""
"SE190156","Đỗ Đức Minh","ojt.synthetic.se190156@example.com","K19","Công nghệ thông tin","Trí tuệ nhân tạo","BIT_AI_K19B_FNO","5","60","1176"
"SE190157","Hoàng Tuấn Kiệt","ojt.synthetic.se190157@example.com","K19","Công nghệ thông tin","An toàn thông tin","BIT_IA_K19B_FNO","5","54","587"
"SE190158","Phan Minh Anh","ojt.synthetic.se190158@example.com","K19","Công nghệ thông tin","Hệ thống thông tin","BIT_IS_K19D_K20A","4","45",""
"SE190159","Lê Tuấn Kiệt","ojt.synthetic.se190159@example.com","K19","Công nghệ thông tin","Trí tuệ nhân tạo","BIT_AI_K18D-19A","5","54","1174"
"SE190160","Vũ Tuấn Kiệt","ojt.synthetic.se190160@example.com","K19","Công nghệ thông tin","An toàn thông tin","BIT_IA_K18D-19A_FNO","5","57","587"
"SE190161","Đỗ Quang Huy","ojt.synthetic.se190161@example.com","K19","Công nghệ thông tin","Hệ thống thông tin","BIT_IS_K19B","5","60","2634"
"SE190162","Nguyễn Trung Hiếu","ojt.synthetic.se190162@example.com","K19","Công nghệ thông tin","Trí tuệ nhân tạo","BIT_AI_K18D-19A","5","57","1176"
"SE190163","Đặng Bảo Ngọc","ojt.synthetic.se190163@example.com","K19","Công nghệ thông tin","An toàn thông tin","BIT_IA_K19D-20A","4","39",""
"SE190164","Đặng Minh Anh","ojt.synthetic.se190164@example.com","K19","Công nghệ thông tin","An toàn thông tin","BIT_IA_K18D-19A","5","60","586"
"SE190165","Hoàng Hoàng Duy","ojt.synthetic.se190165@example.com","K19","Công nghệ thông tin","Trí tuệ nhân tạo","BIT_AI_K18D-19A_FNO","5","60","1176"
"SE190166","Vũ Khánh Linh","ojt.synthetic.se190166@example.com","K19","Công nghệ thông tin","Kỹ thuật phần mềm","BIT_SE_K19C","4","42",""
"SE190167","Trần Quốc Bảo","ojt.synthetic.se190167@example.com","K19","Công nghệ thông tin","Hệ thống thông tin","BIT_IS_K19D_K20A","4","42",""
"SE190168","Bùi Ngọc Mai","ojt.synthetic.se190168@example.com","K19","Công nghệ thông tin","Kỹ thuật phần mềm","BIT_SE_K19C","4","45",""
"SE190169","Hoàng Thanh Tâm","ojt.synthetic.se190169@example.com","K19","Công nghệ thông tin","An toàn thông tin","BIT_IA_K19D-20A","4","45",""
"SE190170","Phạm Minh Anh","ojt.synthetic.se190170@example.com","K19","Công nghệ thông tin","Trí tuệ nhân tạo","BIT_AI_K18D-19A","5","60","2620"
"SE190171","Bùi Gia Hân","ojt.synthetic.se190171@example.com","K19","Công nghệ thông tin","Hệ thống thông tin","BIT_IS_K18D_19A","5","57","2634"
"SE190172","Phan Khánh Linh","ojt.synthetic.se190172@example.com","K19","Công nghệ thông tin","Kỹ thuật phần mềm","BIT_SE_K19B","5","60","340"
"SE190173","Đỗ Trung Hiếu","ojt.synthetic.se190173@example.com","K19","Công nghệ thông tin","Trí tuệ nhân tạo","BIT_AI_K18D-19A_FNO","5","60","1175"
"SE190174","Huỳnh Gia Hân","ojt.synthetic.se190174@example.com","K19","Công nghệ thông tin","Hệ thống thông tin","BIT_IS_K19D_K20A","4","45",""
"SE190175","Phan Bảo Ngọc","ojt.synthetic.se190175@example.com","K19","Công nghệ thông tin","Trí tuệ nhân tạo","BIT_AI_K19B_FNO","5","60","2620"
"SE190176","Đặng Hoàng Duy","ojt.synthetic.se190176@example.com","K19","Công nghệ thông tin","An toàn thông tin","BIT_IA_K18D-19A","5","57","586"
"SE190177","Phạm Bảo Ngọc","ojt.synthetic.se190177@example.com","K19","Công nghệ thông tin","An toàn thông tin","BIT_IA_K19B_FNO","5","60","586"
"SE190178","Đặng Hải Nam","ojt.synthetic.se190178@example.com","K19","Công nghệ thông tin","Kỹ thuật phần mềm","BIT_SE_K19C","4","45",""
"SE190179","Hoàng Quốc Bảo","ojt.synthetic.se190179@example.com","K19","Công nghệ thông tin","An toàn thông tin","BIT_IA_K18D-19A_FNO","5","57","586"
"SE190180","Lê Thanh Tâm","ojt.synthetic.se190180@example.com","K19","Công nghệ thông tin","Hệ thống thông tin","BIT_IS_K19B","5","60","2634"
"SE190181","Hoàng Hải Nam","ojt.synthetic.se190181@example.com","K19","Công nghệ thông tin","Hệ thống thông tin","BIT_IS_K19C","4","45",""
"SE190182","Đỗ Tuấn Kiệt","ojt.synthetic.se190182@example.com","K19","Công nghệ thông tin","Hệ thống thông tin","BIT_IS_K19D_K20A","4","45",""
"SE190183","Nguyễn Quang Huy","ojt.synthetic.se190183@example.com","K19","Công nghệ thông tin","Trí tuệ nhân tạo","BIT_AI_K19B_FNO","5","60","1174"
"SE190184","Huỳnh Anh Tuấn","ojt.synthetic.se190184@example.com","K19","Công nghệ thông tin","Kỹ thuật phần mềm","BIT_SE_K18D_19A","5","60","1469"
"SE190185","Đỗ Anh Tuấn","ojt.synthetic.se190185@example.com","K19","Công nghệ thông tin","Hệ thống thông tin","BIT_IS_K18D_19A","5","57","2637"
"SE190186","Bùi Khánh Linh","ojt.synthetic.se190186@example.com","K19","Công nghệ thông tin","An toàn thông tin","BIT_IA_K18D-19A","5","57","587"
"SE190187","Hoàng Bảo Ngọc","ojt.synthetic.se190187@example.com","K19","Công nghệ thông tin","Hệ thống thông tin","BIT_IS_K19D_K20A","4","45",""
"SE190188","Huỳnh Minh Anh","ojt.synthetic.se190188@example.com","K19","Công nghệ thông tin","Kỹ thuật phần mềm","BIT_SE_K19B","5","60","2605"
"SE190189","Nguyễn Quốc Bảo","ojt.synthetic.se190189@example.com","K19","Công nghệ thông tin","Kỹ thuật phần mềm","BIT_SE_K19C","4","45",""
"SE190190","Bùi Gia Hân","ojt.synthetic.se190190@example.com","K19","Công nghệ thông tin","Kỹ thuật phần mềm","BIT_SE_K18D_19A","5","57","2553"
"SE190191","Nguyễn Phương Thảo","ojt.synthetic.se190191@example.com","K19","Công nghệ thông tin","Trí tuệ nhân tạo","BIT_AI_K18D-19A_FNO","5","57","1175"
"SE190192","Phan Quốc Bảo","ojt.synthetic.se190192@example.com","K19","Công nghệ thông tin","Hệ thống thông tin","BIT_IS_K18D_19A","5","60","2636"
"SE190193","Phạm Bảo Ngọc","ojt.synthetic.se190193@example.com","K19","Công nghệ thông tin","Trí tuệ nhân tạo","BIT_AI_K18D-19A","5","54","2620"
"SE190194","Nguyễn Phương Thảo","ojt.synthetic.se190194@example.com","K19","Công nghệ thông tin","Hệ thống thông tin","BIT_IS_K19B","5","51","2641"
"SE190195","Nguyễn Phương Thảo","ojt.synthetic.se190195@example.com","K19","Công nghệ thông tin","Kỹ thuật phần mềm","BIT_SE_K19B","5","54","2605"
"SE190196","Phan Phương Thảo","ojt.synthetic.se190196@example.com","K19","Công nghệ thông tin","Kỹ thuật phần mềm","BIT_SE_K19C","4","45",""
"SE190197","Đỗ Hải Nam","ojt.synthetic.se190197@example.com","K19","Công nghệ thông tin","Hệ thống thông tin","BIT_IS_K19B","5","60","2641"
"SE190198","Phan Quang Huy","ojt.synthetic.se190198@example.com","K19","Công nghệ thông tin","Trí tuệ nhân tạo","BIT_AI_K19B_FNO","5","60","1174"
"SE190199","Trần Ngọc Mai","ojt.synthetic.se190199@example.com","K19","Công nghệ thông tin","Hệ thống thông tin","BIT_IS_K19C","4","45",""
"SE190200","Nguyễn Tuấn Kiệt","ojt.synthetic.se190200@example.com","K19","Công nghệ thông tin","Hệ thống thông tin","BIT_IS_K19B","5","60","2636"
"SE190201","Trần Hoàng Duy","ojt.synthetic.se190201@example.com","K19","Công nghệ thông tin","An toàn thông tin","BIT_IA_K19D-20A","4","42",""
"SE190202","Phan Hải Nam","ojt.synthetic.se190202@example.com","K19","Công nghệ thông tin","Hệ thống thông tin","BIT_IS_K19C","4","45",""
"SE190203","Hoàng Đức Minh","ojt.synthetic.se190203@example.com","K19","Công nghệ thông tin","Kỹ thuật phần mềm","BIT_SE_K19D_K20A","4","45",""
"SE190204","Lê Minh Quân","ojt.synthetic.se190204@example.com","K19","Công nghệ thông tin","Trí tuệ nhân tạo","BIT_AI_K18D-19A","5","60","1174"
"SE190205","Bùi Trung Hiếu","ojt.synthetic.se190205@example.com","K19","Công nghệ thông tin","An toàn thông tin","BIT_IA_K18D-19A","5","51","587"
"SE190206","Trần Khánh Linh","ojt.synthetic.se190206@example.com","K19","Công nghệ thông tin","An toàn thông tin","BIT_IA_K18D-19A_FNO","5","60","587"
"SE190207","Vũ Hải Nam","ojt.synthetic.se190207@example.com","K19","Công nghệ thông tin","Hệ thống thông tin","BIT_IS_K19D_K20A","4","42",""
"SE190208","Nguyễn Ngọc Mai","ojt.synthetic.se190208@example.com","K19","Công nghệ thông tin","An toàn thông tin","BIT_IA_K19B_FNO","5","60","587"
"SE190209","Phan Bảo Ngọc","ojt.synthetic.se190209@example.com","K19","Công nghệ thông tin","Hệ thống thông tin","BIT_IS_K19C","4","42",""
"SE190210","Huỳnh Đức Minh","ojt.synthetic.se190210@example.com","K19","Công nghệ thông tin","An toàn thông tin","BIT_IA_K18D-19A","5","57","587"
"SE190211","Phạm Trung Hiếu","ojt.synthetic.se190211@example.com","K19","Công nghệ thông tin","Trí tuệ nhân tạo","BIT_AI_K19B_FNO","5","60","2620"
"SE190212","Võ Tuấn Kiệt","ojt.synthetic.se190212@example.com","K19","Công nghệ thông tin","Hệ thống thông tin","BIT_IS_K19D_K20A","4","45",""
"SE190213","Võ Bảo Ngọc","ojt.synthetic.se190213@example.com","K19","Công nghệ thông tin","Hệ thống thông tin","BIT_IS_K19D_K20A","4","45",""
"SE190214","Bùi Hoàng Duy","ojt.synthetic.se190214@example.com","K19","Công nghệ thông tin","An toàn thông tin","BIT_IA_K19D-20A","4","45",""
"SE190215","Trần Phương Thảo","ojt.synthetic.se190215@example.com","K19","Công nghệ thông tin","Trí tuệ nhân tạo","BIT_AI_K19B_FNO","5","57","2620"
"SE190216","Bùi Thanh Tâm","ojt.synthetic.se190216@example.com","K19","Công nghệ thông tin","Trí tuệ nhân tạo","BIT_AI_K19D-20A","4","42",""
"SE190217","Hoàng Minh Anh","ojt.synthetic.se190217@example.com","K19","Công nghệ thông tin","Kỹ thuật phần mềm","BIT_SE_K19D_K20A","4","45",""
"SE190218","Lê Đức Minh","ojt.synthetic.se190218@example.com","K19","Công nghệ thông tin","Hệ thống thông tin","BIT_IS_K18D_19A","5","60","2634"
"SE190219","Phan Minh Anh","ojt.synthetic.se190219@example.com","K19","Công nghệ thông tin","An toàn thông tin","BIT_IA_K18D-19A_FNO","5","54","586"
"SE190220","Bùi Minh Anh","ojt.synthetic.se190220@example.com","K19","Công nghệ thông tin","Hệ thống thông tin","BIT_IS_K18D_19A","5","60","2636"
"SE190221","Nguyễn Ngọc Mai","ojt.synthetic.se190221@example.com","K19","Công nghệ thông tin","Hệ thống thông tin","BIT_IS_K18D_19A","5","60","2636"
"SE190222","Huỳnh Ngọc Mai","ojt.synthetic.se190222@example.com","K19","Công nghệ thông tin","Trí tuệ nhân tạo","BIT_AI_K19B_FNO","5","57","1176"
"SE190223","Phạm Hoàng Duy","ojt.synthetic.se190223@example.com","K19","Công nghệ thông tin","Hệ thống thông tin","BIT_IS_K19B","5","54","2635"
"SE190224","Trần Đức Minh","ojt.synthetic.se190224@example.com","K19","Công nghệ thông tin","Hệ thống thông tin","BIT_IS_K19B","5","60","2641"
"SE190225","Bùi Anh Tuấn","ojt.synthetic.se190225@example.com","K19","Công nghệ thông tin","Kỹ thuật phần mềm","BIT_SE_K19D_K20A","4","45",""
"SE190226","Đỗ Tuấn Kiệt","ojt.synthetic.se190226@example.com","K19","Công nghệ thông tin","Trí tuệ nhân tạo","BIT_AI_K18D-19A","5","60","2620"
"SE190227","Bùi Thanh Tâm","ojt.synthetic.se190227@example.com","K19","Công nghệ thông tin","An toàn thông tin","BIT_IA_K18D-19A","5","60","587"
"SE190228","Hoàng Quốc Bảo","ojt.synthetic.se190228@example.com","K19","Công nghệ thông tin","Hệ thống thông tin","BIT_IS_K19C","4","45",""
"SE190229","Vũ Quốc Bảo","ojt.synthetic.se190229@example.com","K19","Công nghệ thông tin","Kỹ thuật phần mềm","BIT_SE_K18D_19A","5","57","2639"
"SE190230","Nguyễn Hoàng Duy","ojt.synthetic.se190230@example.com","K19","Công nghệ thông tin","An toàn thông tin","BIT_IA_K18D-19A","5","60","586"
"SE190231","Hoàng Quang Huy","ojt.synthetic.se190231@example.com","K19","Công nghệ thông tin","Kỹ thuật phần mềm","BIT_SE_K18D_19A","5","60","2628"
"SE190232","Huỳnh Quang Huy","ojt.synthetic.se190232@example.com","K19","Công nghệ thông tin","An toàn thông tin","BIT_IA_K19D-20A","4","39",""
"SE190233","Phạm Minh Quân","ojt.synthetic.se190233@example.com","K19","Công nghệ thông tin","Kỹ thuật phần mềm","BIT_SE_K18D_19A","5","51","2497"
"SE190234","Phan Minh Quân","ojt.synthetic.se190234@example.com","K19","Công nghệ thông tin","Hệ thống thông tin","BIT_IS_K19C","4","45",""
"SE190235","Phạm Trung Hiếu","ojt.synthetic.se190235@example.com","K19","Công nghệ thông tin","Trí tuệ nhân tạo","BIT_AI_K18D-19A","5","60","1176"
"SE190236","Võ Khánh Linh","ojt.synthetic.se190236@example.com","K19","Công nghệ thông tin","Kỹ thuật phần mềm","BIT_SE_K18D_19A","5","57","2553"
"SE190237","Lê Minh Quân","ojt.synthetic.se190237@example.com","K19","Công nghệ thông tin","Hệ thống thông tin","BIT_IS_K19C","4","45",""
"SE190238","Lê Minh Anh","ojt.synthetic.se190238@example.com","K19","Công nghệ thông tin","Trí tuệ nhân tạo","BIT_AI_K19B_FNO","5","60","1176"
"SE190239","Nguyễn Thanh Tâm","ojt.synthetic.se190239@example.com","K19","Công nghệ thông tin","Kỹ thuật phần mềm","BIT_SE_K19D_K20A","4","45",""
"SE190240","Vũ Quang Huy","ojt.synthetic.se190240@example.com","K19","Công nghệ thông tin","An toàn thông tin","BIT_IA_K19D-20A","4","45",""
"SE190241","Huỳnh Trung Hiếu","ojt.synthetic.se190241@example.com","K19","Công nghệ thông tin","Hệ thống thông tin","BIT_IS_K19D_K20A","4","42",""
"SE190242","Phạm Phương Thảo","ojt.synthetic.se190242@example.com","K19","Công nghệ thông tin","Trí tuệ nhân tạo","BIT_AI_K19D-20A","4","45",""
"SE190243","Phạm Đức Minh","ojt.synthetic.se190243@example.com","K19","Công nghệ thông tin","Hệ thống thông tin","BIT_IS_K19C","4","39",""
"SE190244","Nguyễn Minh Quân","ojt.synthetic.se190244@example.com","K19","Công nghệ thông tin","Kỹ thuật phần mềm","BIT_SE_K18D_19A","5","60","2639"
"SE190245","Lê Trung Hiếu","ojt.synthetic.se190245@example.com","K19","Công nghệ thông tin","Kỹ thuật phần mềm","BIT_SE_K19B","5","60","2638"
"SE190246","Hoàng Minh Anh","ojt.synthetic.se190246@example.com","K19","Công nghệ thông tin","Kỹ thuật phần mềm","BIT_SE_K18D_19A","5","60","1469"
"SE190247","Đặng Ngọc Mai","ojt.synthetic.se190247@example.com","K19","Công nghệ thông tin","Hệ thống thông tin","BIT_IS_K19B","5","54","2641"
"SE190248","Lê Phương Thảo","ojt.synthetic.se190248@example.com","K19","Công nghệ thông tin","An toàn thông tin","BIT_IA_K19B_FNO","5","57","587"
"SE190249","Bùi Hoàng Duy","ojt.synthetic.se190249@example.com","K19","Công nghệ thông tin","Kỹ thuật phần mềm","BIT_SE_K18D_19A","5","57","2628"
"SE190250","Trần Đức Minh","ojt.synthetic.se190250@example.com","K19","Công nghệ thông tin","Trí tuệ nhân tạo","BIT_AI_K18D-19A_FNO","5","57","1175"
"SE190251","Hoàng Thanh Tâm","ojt.synthetic.se190251@example.com","K19","Công nghệ thông tin","Kỹ thuật phần mềm","BIT_SE_K19B","5","60","2605"
"SE190252","Trần Quốc Bảo","ojt.synthetic.se190252@example.com","K19","Công nghệ thông tin","Kỹ thuật phần mềm","BIT_SE_K18D_19A","5","60","2628"
"SE190253","Phan Tuấn Kiệt","ojt.synthetic.se190253@example.com","K19","Công nghệ thông tin","Hệ thống thông tin","BIT_IS_K19C","4","42",""
"SE190254","Nguyễn Đức Minh","ojt.synthetic.se190254@example.com","K19","Công nghệ thông tin","Hệ thống thông tin","BIT_IS_K18D_19A","5","57","2634"
"SE190255","Đặng Gia Hân","ojt.synthetic.se190255@example.com","K19","Công nghệ thông tin","Trí tuệ nhân tạo","BIT_AI_K19B_FNO","5","60","1174"
"SE190256","Võ Minh Anh","ojt.synthetic.se190256@example.com","K19","Công nghệ thông tin","Hệ thống thông tin","BIT_IS_K19C","4","39",""
"SE190257","Hoàng Anh Tuấn","ojt.synthetic.se190257@example.com","K19","Công nghệ thông tin","Kỹ thuật phần mềm","BIT_SE_K18D_19A","5","57","340"
"SE190258","Trần Ngọc Mai","ojt.synthetic.se190258@example.com","K19","Công nghệ thông tin","Trí tuệ nhân tạo","BIT_AI_K19B_FNO","5","57","2620"
"SE190259","Nguyễn Trung Hiếu","ojt.synthetic.se190259@example.com","K19","Công nghệ thông tin","Trí tuệ nhân tạo","BIT_AI_K19D-20A","4","45",""
"SE190260","Huỳnh Hải Nam","ojt.synthetic.se190260@example.com","K19","Công nghệ thông tin","Trí tuệ nhân tạo","BIT_AI_K18D-19A_FNO","5","54","1175"
"SE190261","Võ Gia Hân","ojt.synthetic.se190261@example.com","K19","Công nghệ thông tin","An toàn thông tin","BIT_IA_K19D-20A","4","45",""
"SE190262","Võ Thanh Tâm","ojt.synthetic.se190262@example.com","K19","Công nghệ thông tin","Trí tuệ nhân tạo","BIT_AI_K19B_FNO","5","57","1176"
"SE190263","Vũ Quốc Bảo","ojt.synthetic.se190263@example.com","K19","Công nghệ thông tin","Trí tuệ nhân tạo","BIT_AI_K18D-19A_FNO","5","60","1174"
"SE190264","Võ Phương Thảo","ojt.synthetic.se190264@example.com","K19","Công nghệ thông tin","An toàn thông tin","BIT_IA_K18D-19A_FNO","5","60","587"
"SE190265","Lê Phương Thảo","ojt.synthetic.se190265@example.com","K19","Công nghệ thông tin","An toàn thông tin","BIT_IA_K19B_FNO","5","51","586"
"SE190266","Đặng Đức Minh","ojt.synthetic.se190266@example.com","K19","Công nghệ thông tin","Kỹ thuật phần mềm","BIT_SE_K19D_K20A","4","45",""
"SE190267","Phan Quốc Bảo","ojt.synthetic.se190267@example.com","K19","Công nghệ thông tin","Trí tuệ nhân tạo","BIT_AI_K19B_FNO","5","57","1176"
"SE190268","Trần Phương Thảo","ojt.synthetic.se190268@example.com","K19","Công nghệ thông tin","Hệ thống thông tin","BIT_IS_K19C","4","42",""
"SE190269","Phan Trung Hiếu","ojt.synthetic.se190269@example.com","K19","Công nghệ thông tin","Hệ thống thông tin","BIT_IS_K19C","4","39",""
"SE190270","Đặng Minh Anh","ojt.synthetic.se190270@example.com","K19","Công nghệ thông tin","Trí tuệ nhân tạo","BIT_AI_K18D-19A","5","60","2620"
"SE190271","Đặng Hoàng Duy","ojt.synthetic.se190271@example.com","K19","Công nghệ thông tin","Trí tuệ nhân tạo","BIT_AI_K18D-19A","5","60","2620"
"SE190272","Đỗ Trung Hiếu","ojt.synthetic.se190272@example.com","K19","Công nghệ thông tin","Kỹ thuật phần mềm","BIT_SE_K19D_K20A","4","36",""
"SE190273","Đỗ Quốc Bảo","ojt.synthetic.se190273@example.com","K19","Công nghệ thông tin","An toàn thông tin","BIT_IA_K19D-20A","4","45",""
"SE190274","Nguyễn Hoàng Duy","ojt.synthetic.se190274@example.com","K19","Công nghệ thông tin","Kỹ thuật phần mềm","BIT_SE_K19B","5","57","2566"
"SE190275","Phan Minh Quân","ojt.synthetic.se190275@example.com","K19","Công nghệ thông tin","Hệ thống thông tin","BIT_IS_K19B","5","60","2635"
"SE190276","Phan Ngọc Mai","ojt.synthetic.se190276@example.com","K19","Công nghệ thông tin","An toàn thông tin","BIT_IA_K19B_FNO","5","60","587"
"SE190277","Hoàng Trung Hiếu","ojt.synthetic.se190277@example.com","K19","Công nghệ thông tin","Kỹ thuật phần mềm","BIT_SE_K19C","4","42",""
"SE190278","Đỗ Ngọc Mai","ojt.synthetic.se190278@example.com","K19","Công nghệ thông tin","An toàn thông tin","BIT_IA_K19D-20A","4","42",""
"SE190279","Huỳnh Minh Quân","ojt.synthetic.se190279@example.com","K19","Công nghệ thông tin","Kỹ thuật phần mềm","BIT_SE_K19B","5","57","2566"
"SE190280","Lê Hoàng Duy","ojt.synthetic.se190280@example.com","K19","Công nghệ thông tin","An toàn thông tin","BIT_IA_K18D-19A","5","54","587"
"SE190281","Trần Phương Thảo","ojt.synthetic.se190281@example.com","K19","Công nghệ thông tin","Kỹ thuật phần mềm","BIT_SE_K18D_19A","5","60","2497"
"SE190282","Hoàng Ngọc Mai","ojt.synthetic.se190282@example.com","K19","Công nghệ thông tin","An toàn thông tin","BIT_IA_K19B_FNO","5","51","586"
"SE190283","Vũ Gia Hân","ojt.synthetic.se190283@example.com","K19","Công nghệ thông tin","Trí tuệ nhân tạo","BIT_AI_K19D-20A","4","45",""
"SE190284","Hoàng Quang Huy","ojt.synthetic.se190284@example.com","K19","Công nghệ thông tin","Kỹ thuật phần mềm","BIT_SE_K19B","5","57","2566"
"SE190285","Nguyễn Hải Nam","ojt.synthetic.se190285@example.com","K19","Công nghệ thông tin","Hệ thống thông tin","BIT_IS_K19B","5","60","2636"
"SE190286","Lê Bảo Ngọc","ojt.synthetic.se190286@example.com","K19","Công nghệ thông tin","Hệ thống thông tin","BIT_IS_K19B","5","60","2635"
"SE190287","Đặng Minh Anh","ojt.synthetic.se190287@example.com","K19","Công nghệ thông tin","An toàn thông tin","BIT_IA_K19B_FNO","5","60","586"
"SE190288","Võ Đức Minh","ojt.synthetic.se190288@example.com","K19","Công nghệ thông tin","Kỹ thuật phần mềm","BIT_SE_K19C","4","45",""
"SE190289","Bùi Ngọc Mai","ojt.synthetic.se190289@example.com","K19","Công nghệ thông tin","An toàn thông tin","BIT_IA_K19B_FNO","5","60","586"
"SE190290","Trần Hải Nam","ojt.synthetic.se190290@example.com","K19","Công nghệ thông tin","Trí tuệ nhân tạo","BIT_AI_K18D-19A","5","51","1176"
"SE190291","Đặng Anh Tuấn","ojt.synthetic.se190291@example.com","K19","Công nghệ thông tin","Kỹ thuật phần mềm","BIT_SE_K19D_K20A","4","45",""
"SE190292","Lê Ngọc Mai","ojt.synthetic.se190292@example.com","K19","Công nghệ thông tin","An toàn thông tin","BIT_IA_K19D-20A","4","45",""
"SE190293","Bùi Gia Hân","ojt.synthetic.se190293@example.com","K19","Công nghệ thông tin","Trí tuệ nhân tạo","BIT_AI_K19D-20A","4","45",""
"SE190294","Phạm Tuấn Kiệt","ojt.synthetic.se190294@example.com","K19","Công nghệ thông tin","Hệ thống thông tin","BIT_IS_K19B","5","57","2636"
"SE190295","Vũ Minh Anh","ojt.synthetic.se190295@example.com","K19","Công nghệ thông tin","Hệ thống thông tin","BIT_IS_K19C","4","42",""
"SE190296","Vũ Ngọc Mai","ojt.synthetic.se190296@example.com","K19","Công nghệ thông tin","Trí tuệ nhân tạo","BIT_AI_K19B_FNO","5","60","2620"
"SE190297","Huỳnh Trung Hiếu","ojt.synthetic.se190297@example.com","K19","Công nghệ thông tin","Trí tuệ nhân tạo","BIT_AI_K19D-20A","4","45",""
"SE190298","Lê Hải Nam","ojt.synthetic.se190298@example.com","K19","Công nghệ thông tin","Trí tuệ nhân tạo","BIT_AI_K18D-19A","5","60","1174"
"SE190299","Đỗ Hải Nam","ojt.synthetic.se190299@example.com","K19","Công nghệ thông tin","Kỹ thuật phần mềm","BIT_SE_K19D_K20A","4","42",""
"SE190300","Phạm Hải Nam","ojt.synthetic.se190300@example.com","K19","Công nghệ thông tin","Trí tuệ nhân tạo","BIT_AI_K18D-19A_FNO","5","54","1174"
"SE190301","Huỳnh Hải Nam","ojt.synthetic.se190301@example.com","K19","Công nghệ thông tin","An toàn thông tin","BIT_IA_K18D-19A","5","51","586"
"SE190302","Đặng Minh Quân","ojt.synthetic.se190302@example.com","K19","Công nghệ thông tin","An toàn thông tin","BIT_IA_K18D-19A","5","60","587"
"SE190303","Phạm Phương Thảo","ojt.synthetic.se190303@example.com","K19","Công nghệ thông tin","An toàn thông tin","BIT_IA_K18D-19A","5","54","586"
"SE190304","Vũ Khánh Linh","ojt.synthetic.se190304@example.com","K19","Công nghệ thông tin","Hệ thống thông tin","BIT_IS_K19D_K20A","4","39",""
"SE190305","Huỳnh Bảo Ngọc","ojt.synthetic.se190305@example.com","K19","Công nghệ thông tin","Kỹ thuật phần mềm","BIT_SE_K19B","5","57","2628"
"SE190306","Đặng Minh Anh","ojt.synthetic.se190306@example.com","K19","Công nghệ thông tin","An toàn thông tin","BIT_IA_K19B_FNO","5","60","587"
"SE190307","Hoàng Gia Hân","ojt.synthetic.se190307@example.com","K19","Công nghệ thông tin","Hệ thống thông tin","BIT_IS_K19B","5","60","2634"
"SE190308","Võ Thanh Tâm","ojt.synthetic.se190308@example.com","K19","Công nghệ thông tin","Kỹ thuật phần mềm","BIT_SE_K19B","5","60","2497"
"SE190309","Vũ Bảo Ngọc","ojt.synthetic.se190309@example.com","K19","Công nghệ thông tin","Hệ thống thông tin","BIT_IS_K19C","4","45",""
"SE190310","Bùi Trung Hiếu","ojt.synthetic.se190310@example.com","K19","Công nghệ thông tin","Trí tuệ nhân tạo","BIT_AI_K19D-20A","4","45",""
"SE190311","Đỗ Minh Quân","ojt.synthetic.se190311@example.com","K19","Công nghệ thông tin","Kỹ thuật phần mềm","BIT_SE_K18D_19A","5","60","2639"
"SE190312","Vũ Ngọc Mai","ojt.synthetic.se190312@example.com","K19","Công nghệ thông tin","An toàn thông tin","BIT_IA_K18D-19A_FNO","5","54","586"
"SE190313","Bùi Quang Huy","ojt.synthetic.se190313@example.com","K19","Công nghệ thông tin","An toàn thông tin","BIT_IA_K19B_FNO","5","60","587"
"SE190314","Phạm Đức Minh","ojt.synthetic.se190314@example.com","K19","Công nghệ thông tin","Hệ thống thông tin","BIT_IS_K19C","4","42",""
"SE190315","Đỗ Quang Huy","ojt.synthetic.se190315@example.com","K19","Công nghệ thông tin","Trí tuệ nhân tạo","BIT_AI_K19D-20A","4","42",""
"SE190316","Võ Anh Tuấn","ojt.synthetic.se190316@example.com","K19","Công nghệ thông tin","An toàn thông tin","BIT_IA_K19D-20A","4","45",""
"SE190317","Trần Hoàng Duy","ojt.synthetic.se190317@example.com","K19","Công nghệ thông tin","Trí tuệ nhân tạo","BIT_AI_K19B_FNO","5","57","1176"
"SE190318","Đỗ Tuấn Kiệt","ojt.synthetic.se190318@example.com","K19","Công nghệ thông tin","Hệ thống thông tin","BIT_IS_K19C","4","45",""
"SE190319","Nguyễn Thanh Tâm","ojt.synthetic.se190319@example.com","K19","Công nghệ thông tin","Kỹ thuật phần mềm","BIT_SE_K18D_19A","5","54","2553"
"SE190320","Phan Gia Hân","ojt.synthetic.se190320@example.com","K19","Công nghệ thông tin","Trí tuệ nhân tạo","BIT_AI_K19B_FNO","5","60","1174"
"SE190321","Bùi Đức Minh","ojt.synthetic.se190321@example.com","K19","Công nghệ thông tin","An toàn thông tin","BIT_IA_K18D-19A_FNO","5","54","586"
"SE190322","Nguyễn Thanh Tâm","ojt.synthetic.se190322@example.com","K19","Công nghệ thông tin","An toàn thông tin","BIT_IA_K19D-20A","4","45",""
"SE190323","Phan Quang Huy","ojt.synthetic.se190323@example.com","K19","Công nghệ thông tin","An toàn thông tin","BIT_IA_K18D-19A_FNO","5","60","587"
"SE190324","Phan Quang Huy","ojt.synthetic.se190324@example.com","K19","Công nghệ thông tin","An toàn thông tin","BIT_IA_K19D-20A","4","45",""
"SE190325","Đỗ Quốc Bảo","ojt.synthetic.se190325@example.com","K19","Công nghệ thông tin","Trí tuệ nhân tạo","BIT_AI_K18D-19A_FNO","5","57","1175"
"SE190326","Đặng Phương Thảo","ojt.synthetic.se190326@example.com","K19","Công nghệ thông tin","An toàn thông tin","BIT_IA_K18D-19A","5","60","586"
"SE190327","Phạm Quang Huy","ojt.synthetic.se190327@example.com","K19","Công nghệ thông tin","Trí tuệ nhân tạo","BIT_AI_K18D-19A","5","60","1176"
"SE190328","Hoàng Phương Thảo","ojt.synthetic.se190328@example.com","K19","Công nghệ thông tin","An toàn thông tin","BIT_IA_K19D-20A","4","42",""
"SE190329","Nguyễn Tuấn Kiệt","ojt.synthetic.se190329@example.com","K19","Công nghệ thông tin","An toàn thông tin","BIT_IA_K19D-20A","4","45",""
"SE190330","Phan Minh Quân","ojt.synthetic.se190330@example.com","K19","Công nghệ thông tin","Hệ thống thông tin","BIT_IS_K19D_K20A","4","45",""
"SE190331","Võ Khánh Linh","ojt.synthetic.se190331@example.com","K19","Công nghệ thông tin","Kỹ thuật phần mềm","BIT_SE_K18D_19A","5","57","2639"
"SE190332","Hoàng Đức Minh","ojt.synthetic.se190332@example.com","K19","Công nghệ thông tin","Trí tuệ nhân tạo","BIT_AI_K19D-20A","4","42",""
"SE190333","Vũ Quang Huy","ojt.synthetic.se190333@example.com","K19","Công nghệ thông tin","An toàn thông tin","BIT_IA_K19B_FNO","5","60","587"
"SE190334","Lê Hoàng Duy","ojt.synthetic.se190334@example.com","K19","Công nghệ thông tin","Trí tuệ nhân tạo","BIT_AI_K19B_FNO","5","60","2620"
"SE190335","Phạm Minh Quân","ojt.synthetic.se190335@example.com","K19","Công nghệ thông tin","An toàn thông tin","BIT_IA_K18D-19A","5","60","586"
"SE190336","Phạm Minh Anh","ojt.synthetic.se190336@example.com","K19","Công nghệ thông tin","Hệ thống thông tin","BIT_IS_K19B","5","57","2636"
"SE190337","Hoàng Gia Hân","ojt.synthetic.se190337@example.com","K19","Công nghệ thông tin","Trí tuệ nhân tạo","BIT_AI_K18D-19A_FNO","5","57","1176"
"SE190338","Đỗ Trung Hiếu","ojt.synthetic.se190338@example.com","K19","Công nghệ thông tin","Kỹ thuật phần mềm","BIT_SE_K19C","4","45",""
"SE190339","Phạm Bảo Ngọc","ojt.synthetic.se190339@example.com","K19","Công nghệ thông tin","Trí tuệ nhân tạo","BIT_AI_K18D-19A_FNO","5","60","1174"
"SE190340","Hoàng Quốc Bảo","ojt.synthetic.se190340@example.com","K19","Công nghệ thông tin","Trí tuệ nhân tạo","BIT_AI_K19D-20A","4","42",""
"SE190341","Trần Minh Anh","ojt.synthetic.se190341@example.com","K19","Công nghệ thông tin","Hệ thống thông tin","BIT_IS_K18D_19A","5","60","2635"
"SE190342","Huỳnh Quang Huy","ojt.synthetic.se190342@example.com","K19","Công nghệ thông tin","Kỹ thuật phần mềm","BIT_SE_K19C","4","45",""
"SE190343","Phan Minh Quân","ojt.synthetic.se190343@example.com","K19","Công nghệ thông tin","Hệ thống thông tin","BIT_IS_K19B","5","60","2636"
"SE190344","Bùi Hoàng Duy","ojt.synthetic.se190344@example.com","K19","Công nghệ thông tin","An toàn thông tin","BIT_IA_K19B_FNO","5","60","586"
"SE190345","Võ Minh Anh","ojt.synthetic.se190345@example.com","K19","Công nghệ thông tin","Trí tuệ nhân tạo","BIT_AI_K18D-19A","5","60","1176"
"SE190346","Đỗ Minh Anh","ojt.synthetic.se190346@example.com","K19","Công nghệ thông tin","Hệ thống thông tin","BIT_IS_K18D_19A","5","57","2636"
"SE190347","Đặng Phương Thảo","ojt.synthetic.se190347@example.com","K19","Công nghệ thông tin","An toàn thông tin","BIT_IA_K18D-19A_FNO","5","60","587"
"SE190348","Võ Hoàng Duy","ojt.synthetic.se190348@example.com","K19","Công nghệ thông tin","An toàn thông tin","BIT_IA_K19D-20A","4","45",""
"SE190349","Phạm Phương Thảo","ojt.synthetic.se190349@example.com","K19","Công nghệ thông tin","Trí tuệ nhân tạo","BIT_AI_K19B_FNO","5","60","2620"
"SE190350","Phạm Quốc Bảo","ojt.synthetic.se190350@example.com","K19","Công nghệ thông tin","An toàn thông tin","BIT_IA_K19D-20A","4","39",""
"SE190351","Hoàng Trung Hiếu","ojt.synthetic.se190351@example.com","K19","Công nghệ thông tin","Hệ thống thông tin","BIT_IS_K18D_19A","5","57","2637"
"SE190352","Huỳnh Quốc Bảo","ojt.synthetic.se190352@example.com","K19","Công nghệ thông tin","Kỹ thuật phần mềm","BIT_SE_K19D_K20A","4","45",""
"SE190353","Vũ Quang Huy","ojt.synthetic.se190353@example.com","K19","Công nghệ thông tin","An toàn thông tin","BIT_IA_K18D-19A","5","60","586"
"SE190354","Bùi Anh Tuấn","ojt.synthetic.se190354@example.com","K19","Công nghệ thông tin","Hệ thống thông tin","BIT_IS_K18D_19A","5","57","2641"
"SE190355","Lê Bảo Ngọc","ojt.synthetic.se190355@example.com","K19","Công nghệ thông tin","An toàn thông tin","BIT_IA_K19B_FNO","5","60","586"
"SE190356","Đỗ Gia Hân","ojt.synthetic.se190356@example.com","K19","Công nghệ thông tin","Kỹ thuật phần mềm","BIT_SE_K19B","5","57","2497"
"SE190357","Vũ Khánh Linh","ojt.synthetic.se190357@example.com","K19","Công nghệ thông tin","Trí tuệ nhân tạo","BIT_AI_K18D-19A","5","60","2620"
"SE190358","Huỳnh Minh Quân","ojt.synthetic.se190358@example.com","K19","Công nghệ thông tin","Trí tuệ nhân tạo","BIT_AI_K19D-20A","4","42",""
"SE190359","Võ Đức Minh","ojt.synthetic.se190359@example.com","K19","Công nghệ thông tin","Kỹ thuật phần mềm","BIT_SE_K19B","5","60","2640"
"SE190360","Đỗ Quốc Bảo","ojt.synthetic.se190360@example.com","K19","Công nghệ thông tin","Kỹ thuật phần mềm","BIT_SE_K19B","5","60","2497"
"SE190361","Hoàng Gia Hân","ojt.synthetic.se190361@example.com","K19","Công nghệ thông tin","Kỹ thuật phần mềm","BIT_SE_K18D_19A","5","60","2553"
"SE190362","Đặng Bảo Ngọc","ojt.synthetic.se190362@example.com","K19","Công nghệ thông tin","Trí tuệ nhân tạo","BIT_AI_K19B_FNO","5","51","1174"
"SE190363","Trần Trung Hiếu","ojt.synthetic.se190363@example.com","K19","Công nghệ thông tin","Kỹ thuật phần mềm","BIT_SE_K19B","5","60","2628"
"SE190364","Phan Khánh Linh","ojt.synthetic.se190364@example.com","K19","Công nghệ thông tin","Hệ thống thông tin","BIT_IS_K18D_19A","5","57","2635"
"SE190365","Huỳnh Tuấn Kiệt","ojt.synthetic.se190365@example.com","K19","Công nghệ thông tin","Kỹ thuật phần mềm","BIT_SE_K19D_K20A","4","45",""
"SE190366","Phan Bảo Ngọc","ojt.synthetic.se190366@example.com","K19","Công nghệ thông tin","Hệ thống thông tin","BIT_IS_K19B","5","60","2635"
"SE190367","Phạm Khánh Linh","ojt.synthetic.se190367@example.com","K19","Công nghệ thông tin","Trí tuệ nhân tạo","BIT_AI_K19B_FNO","5","60","1176"
"SE190368","Bùi Thanh Tâm","ojt.synthetic.se190368@example.com","K19","Công nghệ thông tin","An toàn thông tin","BIT_IA_K19D-20A","4","45",""
"SE190369","Hoàng Ngọc Mai","ojt.synthetic.se190369@example.com","K19","Công nghệ thông tin","Trí tuệ nhân tạo","BIT_AI_K19B_FNO","5","57","1174"
"SE190370","Huỳnh Anh Tuấn","ojt.synthetic.se190370@example.com","K19","Công nghệ thông tin","Hệ thống thông tin","BIT_IS_K19C","4","45",""
"SE190371","Phạm Thanh Tâm","ojt.synthetic.se190371@example.com","K19","Công nghệ thông tin","Hệ thống thông tin","BIT_IS_K19D_K20A","4","45",""
"SE190372","Võ Hải Nam","ojt.synthetic.se190372@example.com","K19","Công nghệ thông tin","Trí tuệ nhân tạo","BIT_AI_K19D-20A","4","45",""
"SE190373","Bùi Đức Minh","ojt.synthetic.se190373@example.com","K19","Công nghệ thông tin","Kỹ thuật phần mềm","BIT_SE_K19B","5","60","2640"
"SE190374","Lê Quang Huy","ojt.synthetic.se190374@example.com","K19","Công nghệ thông tin","An toàn thông tin","BIT_IA_K18D-19A_FNO","5","60","587"
"SE190375","Phạm Quốc Bảo","ojt.synthetic.se190375@example.com","K19","Công nghệ thông tin","An toàn thông tin","BIT_IA_K18D-19A_FNO","5","60","586"
"SE190376","Phạm Tuấn Kiệt","ojt.synthetic.se190376@example.com","K19","Công nghệ thông tin","An toàn thông tin","BIT_IA_K19B_FNO","5","57","587"
"SE190377","Phạm Hoàng Duy","ojt.synthetic.se190377@example.com","K19","Công nghệ thông tin","Trí tuệ nhân tạo","BIT_AI_K18D-19A_FNO","5","54","1174"
"SE190378","Lê Anh Tuấn","ojt.synthetic.se190378@example.com","K19","Công nghệ thông tin","An toàn thông tin","BIT_IA_K19B_FNO","5","60","587"
"SE190379","Huỳnh Bảo Ngọc","ojt.synthetic.se190379@example.com","K19","Công nghệ thông tin","Hệ thống thông tin","BIT_IS_K19D_K20A","4","42",""
"SE190380","Đặng Đức Minh","ojt.synthetic.se190380@example.com","K19","Công nghệ thông tin","Hệ thống thông tin","BIT_IS_K19D_K20A","4","45",""
"SE190381","Trần Thanh Tâm","ojt.synthetic.se190381@example.com","K19","Công nghệ thông tin","Trí tuệ nhân tạo","BIT_AI_K19D-20A","4","36",""
"SE190382","Phạm Trung Hiếu","ojt.synthetic.se190382@example.com","K19","Công nghệ thông tin","Hệ thống thông tin","BIT_IS_K19C","4","45",""
"SE190383","Huỳnh Phương Thảo","ojt.synthetic.se190383@example.com","K19","Công nghệ thông tin","Trí tuệ nhân tạo","BIT_AI_K19B_FNO","5","60","1176"
"SE190384","Phan Anh Tuấn","ojt.synthetic.se190384@example.com","K19","Công nghệ thông tin","An toàn thông tin","BIT_IA_K19D-20A","4","45",""
"SE190385","Võ Minh Anh","ojt.synthetic.se190385@example.com","K19","Công nghệ thông tin","Kỹ thuật phần mềm","BIT_SE_K19C","4","45",""
"SE190386","Vũ Minh Quân","ojt.synthetic.se190386@example.com","K19","Công nghệ thông tin","Hệ thống thông tin","BIT_IS_K19C","4","36",""
"SE190387","Võ Quốc Bảo","ojt.synthetic.se190387@example.com","K19","Công nghệ thông tin","Hệ thống thông tin","BIT_IS_K18D_19A","5","60","2637"
"SE190388","Trần Gia Hân","ojt.synthetic.se190388@example.com","K19","Công nghệ thông tin","Kỹ thuật phần mềm","BIT_SE_K18D_19A","5","60","2638"
"SE190389","Võ Minh Anh","ojt.synthetic.se190389@example.com","K19","Công nghệ thông tin","Hệ thống thông tin","BIT_IS_K18D_19A","5","60","2641"
"SE190390","Đỗ Gia Hân","ojt.synthetic.se190390@example.com","K19","Công nghệ thông tin","Hệ thống thông tin","BIT_IS_K19D_K20A","4","42",""
"SE190391","Đỗ Quốc Bảo","ojt.synthetic.se190391@example.com","K19","Công nghệ thông tin","Hệ thống thông tin","BIT_IS_K19D_K20A","4","45",""
"SE190392","Hoàng Minh Anh","ojt.synthetic.se190392@example.com","K19","Công nghệ thông tin","Kỹ thuật phần mềm","BIT_SE_K19C","4","42",""
"SE190393","Hoàng Tuấn Kiệt","ojt.synthetic.se190393@example.com","K19","Công nghệ thông tin","Trí tuệ nhân tạo","BIT_AI_K18D-19A_FNO","5","54","1174"
"SE190394","Phạm Quang Huy","ojt.synthetic.se190394@example.com","K19","Công nghệ thông tin","An toàn thông tin","BIT_IA_K19D-20A","4","42",""
"SE190395","Trần Phương Thảo","ojt.synthetic.se190395@example.com","K19","Công nghệ thông tin","Kỹ thuật phần mềm","BIT_SE_K19C","4","45",""
"SE190396","Đặng Bảo Ngọc","ojt.synthetic.se190396@example.com","K19","Công nghệ thông tin","An toàn thông tin","BIT_IA_K18D-19A","5","57","586"
"SE190397","Lê Quang Huy","ojt.synthetic.se190397@example.com","K19","Công nghệ thông tin","Kỹ thuật phần mềm","BIT_SE_K19D_K20A","4","45",""
"SE190398","Nguyễn Minh Anh","ojt.synthetic.se190398@example.com","K19","Công nghệ thông tin","Kỹ thuật phần mềm","BIT_SE_K19C","4","36",""
"SE190399","Võ Minh Anh","ojt.synthetic.se190399@example.com","K19","Công nghệ thông tin","An toàn thông tin","BIT_IA_K19B_FNO","5","57","586"
"SE190400","Nguyễn Minh Quân","ojt.synthetic.se190400@example.com","K19","Công nghệ thông tin","An toàn thông tin","BIT_IA_K19B_FNO","5","60","586"
"SE190401","Võ Hải Nam","ojt.synthetic.se190401@example.com","K19","Công nghệ thông tin","Kỹ thuật phần mềm","BIT_SE_K18D_19A","5","60","2628"
"SE190402","Vũ Bảo Ngọc","ojt.synthetic.se190402@example.com","K19","Công nghệ thông tin","Trí tuệ nhân tạo","BIT_AI_K19D-20A","4","45",""
"SE190403","Lê Trung Hiếu","ojt.synthetic.se190403@example.com","K19","Công nghệ thông tin","Trí tuệ nhân tạo","BIT_AI_K19D-20A","4","45",""
"SE190404","Phạm Gia Hân","ojt.synthetic.se190404@example.com","K19","Công nghệ thông tin","An toàn thông tin","BIT_IA_K18D-19A","5","60","587"
"SE190405","Võ Đức Minh","ojt.synthetic.se190405@example.com","K19","Công nghệ thông tin","Trí tuệ nhân tạo","BIT_AI_K19B_FNO","5","54","2620"
"SE190406","Đặng Tuấn Kiệt","ojt.synthetic.se190406@example.com","K19","Công nghệ thông tin","Hệ thống thông tin","BIT_IS_K19D_K20A","4","45",""
"SE190407","Nguyễn Tuấn Kiệt","ojt.synthetic.se190407@example.com","K19","Công nghệ thông tin","Kỹ thuật phần mềm","BIT_SE_K18D_19A","5","60","340"
"SE190408","Phạm Phương Thảo","ojt.synthetic.se190408@example.com","K19","Công nghệ thông tin","An toàn thông tin","BIT_IA_K18D-19A","5","60","586"
"SE190409","Đỗ Tuấn Kiệt","ojt.synthetic.se190409@example.com","K19","Công nghệ thông tin","An toàn thông tin","BIT_IA_K18D-19A","5","60","587"
"SE190410","Vũ Anh Tuấn","ojt.synthetic.se190410@example.com","K19","Công nghệ thông tin","Kỹ thuật phần mềm","BIT_SE_K19C","4","45",""
"SE190411","Đặng Khánh Linh","ojt.synthetic.se190411@example.com","K19","Công nghệ thông tin","Trí tuệ nhân tạo","BIT_AI_K18D-19A","5","60","2620"
"SE190412","Phan Minh Quân","ojt.synthetic.se190412@example.com","K19","Công nghệ thông tin","An toàn thông tin","BIT_IA_K19B_FNO","5","60","587"
"SE190413","Phan Bảo Ngọc","ojt.synthetic.se190413@example.com","K19","Công nghệ thông tin","Hệ thống thông tin","BIT_IS_K19C","4","39",""
"SE190414","Bùi Minh Quân","ojt.synthetic.se190414@example.com","K19","Công nghệ thông tin","Kỹ thuật phần mềm","BIT_SE_K19B","5","60","340"
"SE190415","Vũ Ngọc Mai","ojt.synthetic.se190415@example.com","K19","Công nghệ thông tin","An toàn thông tin","BIT_IA_K18D-19A_FNO","5","60","587"
"SE190416","Phạm Trung Hiếu","ojt.synthetic.se190416@example.com","K19","Công nghệ thông tin","Hệ thống thông tin","BIT_IS_K19B","5","60","2641"
"SE190417","Nguyễn Ngọc Mai","ojt.synthetic.se190417@example.com","K19","Công nghệ thông tin","Kỹ thuật phần mềm","BIT_SE_K19B","5","57","340"
"SE190418","Nguyễn Tuấn Kiệt","ojt.synthetic.se190418@example.com","K19","Công nghệ thông tin","Trí tuệ nhân tạo","BIT_AI_K19D-20A","4","42",""
"SE190419","Đặng Đức Minh","ojt.synthetic.se190419@example.com","K19","Công nghệ thông tin","An toàn thông tin","BIT_IA_K19D-20A","4","42",""
"SE190420","Phạm Minh Quân","ojt.synthetic.se190420@example.com","K19","Công nghệ thông tin","Kỹ thuật phần mềm","BIT_SE_K18D_19A","5","60","2566"
"SE190421","Phan Bảo Ngọc","ojt.synthetic.se190421@example.com","K19","Công nghệ thông tin","Trí tuệ nhân tạo","BIT_AI_K19B_FNO","5","60","1174"
"SE190422","Nguyễn Minh Quân","ojt.synthetic.se190422@example.com","K19","Công nghệ thông tin","Trí tuệ nhân tạo","BIT_AI_K19B_FNO","5","60","1176"
"SE190423","Phạm Hoàng Duy","ojt.synthetic.se190423@example.com","K19","Công nghệ thông tin","Hệ thống thông tin","BIT_IS_K19D_K20A","4","45",""
"SE190424","Đỗ Gia Hân","ojt.synthetic.se190424@example.com","K19","Công nghệ thông tin","Trí tuệ nhân tạo","BIT_AI_K19D-20A","4","39",""
"SE190425","Lê Hoàng Duy","ojt.synthetic.se190425@example.com","K19","Công nghệ thông tin","An toàn thông tin","BIT_IA_K19B_FNO","5","60","587"
"SE190426","Lê Thanh Tâm","ojt.synthetic.se190426@example.com","K19","Công nghệ thông tin","An toàn thông tin","BIT_IA_K18D-19A","5","60","587"
"SE190427","Võ Thanh Tâm","ojt.synthetic.se190427@example.com","K19","Công nghệ thông tin","Trí tuệ nhân tạo","BIT_AI_K19D-20A","4","45",""
"SE190428","Huỳnh Thanh Tâm","ojt.synthetic.se190428@example.com","K19","Công nghệ thông tin","Trí tuệ nhân tạo","BIT_AI_K19D-20A","4","42",""
"SE190429","Bùi Anh Tuấn","ojt.synthetic.se190429@example.com","K19","Công nghệ thông tin","Kỹ thuật phần mềm","BIT_SE_K19D_K20A","4","39",""
"SE190430","Đặng Phương Thảo","ojt.synthetic.se190430@example.com","K19","Công nghệ thông tin","Trí tuệ nhân tạo","BIT_AI_K19D-20A","4","45",""
"SE190431","Võ Trung Hiếu","ojt.synthetic.se190431@example.com","K19","Công nghệ thông tin","An toàn thông tin","BIT_IA_K19D-20A","4","42",""
"SE190432","Vũ Khánh Linh","ojt.synthetic.se190432@example.com","K19","Công nghệ thông tin","An toàn thông tin","BIT_IA_K19B_FNO","5","57","586"
"SE190433","Vũ Thanh Tâm","ojt.synthetic.se190433@example.com","K19","Công nghệ thông tin","Trí tuệ nhân tạo","BIT_AI_K19B_FNO","5","60","1176"
"SE190434","Đặng Minh Anh","ojt.synthetic.se190434@example.com","K19","Công nghệ thông tin","An toàn thông tin","BIT_IA_K19D-20A","4","45",""
"SE190435","Đặng Quốc Bảo","ojt.synthetic.se190435@example.com","K19","Công nghệ thông tin","Hệ thống thông tin","BIT_IS_K19D_K20A","4","45",""
"SE190436","Vũ Quang Huy","ojt.synthetic.se190436@example.com","K19","Công nghệ thông tin","Trí tuệ nhân tạo","BIT_AI_K19D-20A","4","42",""
"SE190437","Lê Bảo Ngọc","ojt.synthetic.se190437@example.com","K19","Công nghệ thông tin","Trí tuệ nhân tạo","BIT_AI_K19D-20A","4","45",""
"SE190438","Đặng Minh Quân","ojt.synthetic.se190438@example.com","K19","Công nghệ thông tin","Trí tuệ nhân tạo","BIT_AI_K19B_FNO","5","54","1174"
"SE190439","Đỗ Quốc Bảo","ojt.synthetic.se190439@example.com","K19","Công nghệ thông tin","Hệ thống thông tin","BIT_IS_K19B","5","57","2634"
"SE190440","Đặng Quốc Bảo","ojt.synthetic.se190440@example.com","K19","Công nghệ thông tin","Hệ thống thông tin","BIT_IS_K19C","4","42",""
"SE190441","Huỳnh Hải Nam","ojt.synthetic.se190441@example.com","K19","Công nghệ thông tin","Kỹ thuật phần mềm","BIT_SE_K19D_K20A","4","45",""
"SE190442","Võ Gia Hân","ojt.synthetic.se190442@example.com","K19","Công nghệ thông tin","Trí tuệ nhân tạo","BIT_AI_K19B_FNO","5","57","2620"
"SE190443","Phan Minh Quân","ojt.synthetic.se190443@example.com","K19","Công nghệ thông tin","An toàn thông tin","BIT_IA_K19D-20A","4","45",""
"SE190444","Phạm Minh Quân","ojt.synthetic.se190444@example.com","K19","Công nghệ thông tin","Kỹ thuật phần mềm","BIT_SE_K18D_19A","5","54","340"
"SE190445","Phan Ngọc Mai","ojt.synthetic.se190445@example.com","K19","Công nghệ thông tin","An toàn thông tin","BIT_IA_K18D-19A_FNO","5","60","587"
"SE190446","Phan Anh Tuấn","ojt.synthetic.se190446@example.com","K19","Công nghệ thông tin","An toàn thông tin","BIT_IA_K19B_FNO","5","57","586"
"SE190447","Trần Trung Hiếu","ojt.synthetic.se190447@example.com","K19","Công nghệ thông tin","Hệ thống thông tin","BIT_IS_K19D_K20A","4","45",""
"SE190448","Phan Bảo Ngọc","ojt.synthetic.se190448@example.com","K19","Công nghệ thông tin","Kỹ thuật phần mềm","BIT_SE_K19B","5","51","1469"
"SE190449","Hoàng Ngọc Mai","ojt.synthetic.se190449@example.com","K19","Công nghệ thông tin","Trí tuệ nhân tạo","BIT_AI_K19B_FNO","5","60","1176"
"SE190450","Đỗ Thanh Tâm","ojt.synthetic.se190450@example.com","K19","Công nghệ thông tin","An toàn thông tin","BIT_IA_K19B_FNO","5","60","586"
"SE190451","Lê Quang Huy","ojt.synthetic.se190451@example.com","K19","Công nghệ thông tin","An toàn thông tin","BIT_IA_K19B_FNO","5","60","586"
"SE190452","Huỳnh Trung Hiếu","ojt.synthetic.se190452@example.com","K19","Công nghệ thông tin","Hệ thống thông tin","BIT_IS_K19C","4","45",""
"SE190453","Đặng Quốc Bảo","ojt.synthetic.se190453@example.com","K19","Công nghệ thông tin","An toàn thông tin","BIT_IA_K18D-19A_FNO","5","60","586"
"SE190454","Đặng Quốc Bảo","ojt.synthetic.se190454@example.com","K19","Công nghệ thông tin","An toàn thông tin","BIT_IA_K18D-19A_FNO","5","57","586"
"SE190455","Nguyễn Ngọc Mai","ojt.synthetic.se190455@example.com","K19","Công nghệ thông tin","Hệ thống thông tin","BIT_IS_K19D_K20A","4","45",""
"SE190456","Võ Trung Hiếu","ojt.synthetic.se190456@example.com","K19","Công nghệ thông tin","Hệ thống thông tin","BIT_IS_K19B","5","60","2636"
"SE190457","Phạm Hải Nam","ojt.synthetic.se190457@example.com","K19","Công nghệ thông tin","Hệ thống thông tin","BIT_IS_K18D_19A","5","57","2634"
"SE190458","Hoàng Anh Tuấn","ojt.synthetic.se190458@example.com","K19","Công nghệ thông tin","Kỹ thuật phần mềm","BIT_SE_K19C","4","39",""
"SE190459","Đỗ Tuấn Kiệt","ojt.synthetic.se190459@example.com","K19","Công nghệ thông tin","Trí tuệ nhân tạo","BIT_AI_K19B_FNO","5","57","1176"
"SE190460","Trần Trung Hiếu","ojt.synthetic.se190460@example.com","K19","Công nghệ thông tin","Trí tuệ nhân tạo","BIT_AI_K18D-19A_FNO","5","57","1174"
"SE190461","Lê Minh Quân","ojt.synthetic.se190461@example.com","K19","Công nghệ thông tin","Kỹ thuật phần mềm","BIT_SE_K19C","4","45",""
"SE190462","Huỳnh Hoàng Duy","ojt.synthetic.se190462@example.com","K19","Công nghệ thông tin","Hệ thống thông tin","BIT_IS_K19B","5","60","2635"
"SE190463","Huỳnh Minh Anh","ojt.synthetic.se190463@example.com","K19","Công nghệ thông tin","Trí tuệ nhân tạo","BIT_AI_K19B_FNO","5","60","1174"
"SE190464","Trần Anh Tuấn","ojt.synthetic.se190464@example.com","K19","Công nghệ thông tin","Kỹ thuật phần mềm","BIT_SE_K18D_19A","5","60","2628"
"SE190465","Võ Khánh Linh","ojt.synthetic.se190465@example.com","K19","Công nghệ thông tin","Hệ thống thông tin","BIT_IS_K19B","5","54","2634"
"SE190466","Vũ Hải Nam","ojt.synthetic.se190466@example.com","K19","Công nghệ thông tin","Trí tuệ nhân tạo","BIT_AI_K19D-20A","4","39",""
"SE190467","Phạm Thanh Tâm","ojt.synthetic.se190467@example.com","K19","Công nghệ thông tin","Trí tuệ nhân tạo","BIT_AI_K19D-20A","4","36",""
"SE190468","Nguyễn Anh Tuấn","ojt.synthetic.se190468@example.com","K19","Công nghệ thông tin","An toàn thông tin","BIT_IA_K19B_FNO","5","60","586"
"SE190469","Bùi Quang Huy","ojt.synthetic.se190469@example.com","K19","Công nghệ thông tin","Kỹ thuật phần mềm","BIT_SE_K19B","5","60","2675"
"SE190470","Võ Minh Quân","ojt.synthetic.se190470@example.com","K19","Công nghệ thông tin","Kỹ thuật phần mềm","BIT_SE_K19C","4","39",""
"SE190471","Phan Minh Quân","ojt.synthetic.se190471@example.com","K19","Công nghệ thông tin","Kỹ thuật phần mềm","BIT_SE_K19B","5","57","2605"
"SE190472","Huỳnh Bảo Ngọc","ojt.synthetic.se190472@example.com","K19","Công nghệ thông tin","Kỹ thuật phần mềm","BIT_SE_K19C","4","45",""
"SE190473","Hoàng Minh Quân","ojt.synthetic.se190473@example.com","K19","Công nghệ thông tin","An toàn thông tin","BIT_IA_K19D-20A","4","45",""
"SE190474","Lê Trung Hiếu","ojt.synthetic.se190474@example.com","K19","Công nghệ thông tin","Trí tuệ nhân tạo","BIT_AI_K19B_FNO","5","57","1174"
"SE190475","Nguyễn Quốc Bảo","ojt.synthetic.se190475@example.com","K19","Công nghệ thông tin","Kỹ thuật phần mềm","BIT_SE_K19C","4","39",""
"SE190476","Đặng Thanh Tâm","ojt.synthetic.se190476@example.com","K19","Công nghệ thông tin","Hệ thống thông tin","BIT_IS_K19D_K20A","4","45",""
"SE190477","Vũ Trung Hiếu","ojt.synthetic.se190477@example.com","K19","Công nghệ thông tin","Trí tuệ nhân tạo","BIT_AI_K19D-20A","4","45",""
"SE190478","Phạm Quang Huy","ojt.synthetic.se190478@example.com","K19","Công nghệ thông tin","Kỹ thuật phần mềm","BIT_SE_K19B","5","60","2566"
"SE190479","Võ Hoàng Duy","ojt.synthetic.se190479@example.com","K19","Công nghệ thông tin","Kỹ thuật phần mềm","BIT_SE_K19B","5","60","2638"
"SE190480","Vũ Minh Quân","ojt.synthetic.se190480@example.com","K19","Công nghệ thông tin","An toàn thông tin","BIT_IA_K19B_FNO","5","60","587"
"SE190481","Vũ Anh Tuấn","ojt.synthetic.se190481@example.com","K19","Công nghệ thông tin","An toàn thông tin","BIT_IA_K18D-19A","5","60","587"
"SE190482","Hoàng Minh Quân","ojt.synthetic.se190482@example.com","K19","Công nghệ thông tin","Hệ thống thông tin","BIT_IS_K18D_19A","5","60","2636"
"SE190483","Đặng Gia Hân","ojt.synthetic.se190483@example.com","K19","Công nghệ thông tin","An toàn thông tin","BIT_IA_K19D-20A","4","42",""
"SE190484","Võ Trung Hiếu","ojt.synthetic.se190484@example.com","K19","Công nghệ thông tin","Trí tuệ nhân tạo","BIT_AI_K19B_FNO","5","57","1176"
"SE190485","Bùi Quốc Bảo","ojt.synthetic.se190485@example.com","K19","Công nghệ thông tin","Kỹ thuật phần mềm","BIT_SE_K19C","4","45",""
"SE190486","Huỳnh Minh Anh","ojt.synthetic.se190486@example.com","K19","Công nghệ thông tin","Kỹ thuật phần mềm","BIT_SE_K18D_19A","5","57","2638"
"SE190487","Phan Quốc Bảo","ojt.synthetic.se190487@example.com","K19","Công nghệ thông tin","Kỹ thuật phần mềm","BIT_SE_K19D_K20A","4","36",""
"SE190488","Đặng Hoàng Duy","ojt.synthetic.se190488@example.com","K19","Công nghệ thông tin","Kỹ thuật phần mềm","BIT_SE_K19D_K20A","4","45",""
"SE190489","Võ Trung Hiếu","ojt.synthetic.se190489@example.com","K19","Công nghệ thông tin","Trí tuệ nhân tạo","BIT_AI_K18D-19A_FNO","5","60","1175"
"SE190490","Trần Phương Thảo","ojt.synthetic.se190490@example.com","K19","Công nghệ thông tin","Trí tuệ nhân tạo","BIT_AI_K19D-20A","4","45",""
"SE190491","Vũ Anh Tuấn","ojt.synthetic.se190491@example.com","K19","Công nghệ thông tin","An toàn thông tin","BIT_IA_K19D-20A","4","45",""
"SE190492","Huỳnh Minh Quân","ojt.synthetic.se190492@example.com","K19","Công nghệ thông tin","Trí tuệ nhân tạo","BIT_AI_K19D-20A","4","45",""
"SE190493","Võ Thanh Tâm","ojt.synthetic.se190493@example.com","K19","Công nghệ thông tin","An toàn thông tin","BIT_IA_K19B_FNO","5","60","586"
"SE190494","Phan Tuấn Kiệt","ojt.synthetic.se190494@example.com","K19","Công nghệ thông tin","Hệ thống thông tin","BIT_IS_K19B","5","60","2636"
"SE190495","Phan Quang Huy","ojt.synthetic.se190495@example.com","K19","Công nghệ thông tin","Hệ thống thông tin","BIT_IS_K19C","4","42",""
"SE190496","Võ Hải Nam","ojt.synthetic.se190496@example.com","K19","Công nghệ thông tin","Kỹ thuật phần mềm","BIT_SE_K18D_19A","5","60","2640"
"SE190497","Lê Trung Hiếu","ojt.synthetic.se190497@example.com","K19","Công nghệ thông tin","An toàn thông tin","BIT_IA_K18D-19A","5","57","586"
"SE190498","Phạm Hoàng Duy","ojt.synthetic.se190498@example.com","K19","Công nghệ thông tin","An toàn thông tin","BIT_IA_K18D-19A_FNO","5","57","586"
"SE190499","Trần Quang Huy","ojt.synthetic.se190499@example.com","K19","Công nghệ thông tin","An toàn thông tin","BIT_IA_K19B_FNO","5","60","586"
"SE190500","Lê Minh Quân","ojt.synthetic.se190500@example.com","K19","Công nghệ thông tin","Trí tuệ nhân tạo","BIT_AI_K19D-20A","4","45",""
"SE190501","Hoàng Thanh Tâm","ojt.synthetic.se190501@example.com","K19","Công nghệ thông tin","Hệ thống thông tin","BIT_IS_K19D_K20A","4","39",""
"SE190502","Hoàng Hoàng Duy","ojt.synthetic.se190502@example.com","K19","Công nghệ thông tin","An toàn thông tin","BIT_IA_K19D-20A","4","42",""
"SE190503","Bùi Khánh Linh","ojt.synthetic.se190503@example.com","K19","Công nghệ thông tin","Hệ thống thông tin","BIT_IS_K19B","5","57","2635"
"SE190504","Bùi Anh Tuấn","ojt.synthetic.se190504@example.com","K19","Công nghệ thông tin","Kỹ thuật phần mềm","BIT_SE_K19D_K20A","4","39",""
"SE190505","Nguyễn Tuấn Kiệt","ojt.synthetic.se190505@example.com","K19","Công nghệ thông tin","Hệ thống thông tin","BIT_IS_K18D_19A","5","60","2635"
"SE190506","Võ Gia Hân","ojt.synthetic.se190506@example.com","K19","Công nghệ thông tin","Hệ thống thông tin","BIT_IS_K19B","5","60","2636"
"SE190507","Phạm Quốc Bảo","ojt.synthetic.se190507@example.com","K19","Công nghệ thông tin","Trí tuệ nhân tạo","BIT_AI_K18D-19A","5","57","1174"
"SE190508","Đỗ Ngọc Mai","ojt.synthetic.se190508@example.com","K19","Công nghệ thông tin","Hệ thống thông tin","BIT_IS_K19C","4","45",""
"SE190509","Lê Trung Hiếu","ojt.synthetic.se190509@example.com","K19","Công nghệ thông tin","Hệ thống thông tin","BIT_IS_K18D_19A","5","57","2641"
"SE190510","Huỳnh Khánh Linh","ojt.synthetic.se190510@example.com","K19","Công nghệ thông tin","Kỹ thuật phần mềm","BIT_SE_K18D_19A","5","57","1469"
"SE190511","Bùi Bảo Ngọc","ojt.synthetic.se190511@example.com","K19","Công nghệ thông tin","An toàn thông tin","BIT_IA_K19B_FNO","5","60","586"
"SE190512","Lê Gia Hân","ojt.synthetic.se190512@example.com","K19","Công nghệ thông tin","Hệ thống thông tin","BIT_IS_K19D_K20A","4","42",""
"SE190513","Đỗ Hoàng Duy","ojt.synthetic.se190513@example.com","K19","Công nghệ thông tin","Hệ thống thông tin","BIT_IS_K19C","4","45",""
"SE190514","Hoàng Phương Thảo","ojt.synthetic.se190514@example.com","K19","Công nghệ thông tin","Hệ thống thông tin","BIT_IS_K19C","4","45",""
"SE190515","Phạm Khánh Linh","ojt.synthetic.se190515@example.com","K19","Công nghệ thông tin","Trí tuệ nhân tạo","BIT_AI_K19D-20A","4","39",""
"SE190516","Đặng Trung Hiếu","ojt.synthetic.se190516@example.com","K19","Công nghệ thông tin","Hệ thống thông tin","BIT_IS_K18D_19A","5","60","2636"
"SE190517","Hoàng Đức Minh","ojt.synthetic.se190517@example.com","K19","Công nghệ thông tin","An toàn thông tin","BIT_IA_K18D-19A","5","57","586"
"SE190518","Hoàng Ngọc Mai","ojt.synthetic.se190518@example.com","K19","Công nghệ thông tin","An toàn thông tin","BIT_IA_K18D-19A","5","57","587"
"SE190519","Phan Đức Minh","ojt.synthetic.se190519@example.com","K19","Công nghệ thông tin","Kỹ thuật phần mềm","BIT_SE_K19D_K20A","4","42",""
"SE190520","Nguyễn Hoàng Duy","ojt.synthetic.se190520@example.com","K19","Công nghệ thông tin","Hệ thống thông tin","BIT_IS_K19D_K20A","4","45",""
"SE190521","Nguyễn Đức Minh","ojt.synthetic.se190521@example.com","K19","Công nghệ thông tin","An toàn thông tin","BIT_IA_K19D-20A","4","39",""
"SE190522","Võ Minh Anh","ojt.synthetic.se190522@example.com","K19","Công nghệ thông tin","Kỹ thuật phần mềm","BIT_SE_K19C","4","45",""
"SE190523","Hoàng Quang Huy","ojt.synthetic.se190523@example.com","K19","Công nghệ thông tin","Kỹ thuật phần mềm","BIT_SE_K19D_K20A","4","42",""
"SE190524","Đặng Phương Thảo","ojt.synthetic.se190524@example.com","K19","Công nghệ thông tin","Trí tuệ nhân tạo","BIT_AI_K18D-19A","5","51","1176"
"SE190525","Phan Ngọc Mai","ojt.synthetic.se190525@example.com","K19","Công nghệ thông tin","Trí tuệ nhân tạo","BIT_AI_K18D-19A_FNO","5","60","1176"
"SE190526","Vũ Thanh Tâm","ojt.synthetic.se190526@example.com","K19","Công nghệ thông tin","Trí tuệ nhân tạo","BIT_AI_K19B_FNO","5","60","1176"
"SE190527","Bùi Hải Nam","ojt.synthetic.se190527@example.com","K19","Công nghệ thông tin","Hệ thống thông tin","BIT_IS_K18D_19A","5","60","2635"
"SE190528","Hoàng Quốc Bảo","ojt.synthetic.se190528@example.com","K19","Công nghệ thông tin","Hệ thống thông tin","BIT_IS_K19B","5","60","2641"
"SE190529","Trần Bảo Ngọc","ojt.synthetic.se190529@example.com","K19","Công nghệ thông tin","Hệ thống thông tin","BIT_IS_K19B","5","57","2634"
"SE190530","Huỳnh Thanh Tâm","ojt.synthetic.se190530@example.com","K19","Công nghệ thông tin","Trí tuệ nhân tạo","BIT_AI_K19D-20A","4","45",""
"SE190531","Phan Tuấn Kiệt","ojt.synthetic.se190531@example.com","K19","Công nghệ thông tin","An toàn thông tin","BIT_IA_K18D-19A_FNO","5","57","587"
"SE190532","Bùi Đức Minh","ojt.synthetic.se190532@example.com","K19","Công nghệ thông tin","Hệ thống thông tin","BIT_IS_K19C","4","45",""
"SE190533","Trần Minh Quân","ojt.synthetic.se190533@example.com","K19","Công nghệ thông tin","Hệ thống thông tin","BIT_IS_K19D_K20A","4","45",""
"SE190534","Huỳnh Đức Minh","ojt.synthetic.se190534@example.com","K19","Công nghệ thông tin","Hệ thống thông tin","BIT_IS_K18D_19A","5","60","2635"
"SE190535","Huỳnh Bảo Ngọc","ojt.synthetic.se190535@example.com","K19","Công nghệ thông tin","Hệ thống thông tin","BIT_IS_K19D_K20A","4","45",""
"SE190536","Vũ Quang Huy","ojt.synthetic.se190536@example.com","K19","Công nghệ thông tin","An toàn thông tin","BIT_IA_K18D-19A","5","60","586"
"SE190537","Lê Ngọc Mai","ojt.synthetic.se190537@example.com","K19","Công nghệ thông tin","Trí tuệ nhân tạo","BIT_AI_K19B_FNO","5","54","1174"
"SE190538","Trần Hoàng Duy","ojt.synthetic.se190538@example.com","K19","Công nghệ thông tin","Kỹ thuật phần mềm","BIT_SE_K19C","4","45",""
"SE190539","Đặng Minh Quân","ojt.synthetic.se190539@example.com","K19","Công nghệ thông tin","Hệ thống thông tin","BIT_IS_K19C","4","45",""
"SE190540","Đỗ Minh Quân","ojt.synthetic.se190540@example.com","K19","Công nghệ thông tin","Trí tuệ nhân tạo","BIT_AI_K18D-19A_FNO","5","60","1174"
"SE190541","Phan Ngọc Mai","ojt.synthetic.se190541@example.com","K19","Công nghệ thông tin","Kỹ thuật phần mềm","BIT_SE_K19C","4","42",""
"SE190542","Đỗ Gia Hân","ojt.synthetic.se190542@example.com","K19","Công nghệ thông tin","Hệ thống thông tin","BIT_IS_K18D_19A","5","60","2641"
"SE190543","Nguyễn Thanh Tâm","ojt.synthetic.se190543@example.com","K19","Công nghệ thông tin","Kỹ thuật phần mềm","BIT_SE_K19C","4","42",""
"SE190544","Đỗ Hải Nam","ojt.synthetic.se190544@example.com","K19","Công nghệ thông tin","Hệ thống thông tin","BIT_IS_K19B","5","60","2636"
"SE190545","Phạm Đức Minh","ojt.synthetic.se190545@example.com","K19","Công nghệ thông tin","Kỹ thuật phần mềm","BIT_SE_K19C","4","45",""
"SE190546","Vũ Tuấn Kiệt","ojt.synthetic.se190546@example.com","K19","Công nghệ thông tin","Trí tuệ nhân tạo","BIT_AI_K19B_FNO","5","51","1176"
"SE190547","Hoàng Minh Quân","ojt.synthetic.se190547@example.com","K19","Công nghệ thông tin","Trí tuệ nhân tạo","BIT_AI_K19B_FNO","5","60","2620"
"SE190548","Vũ Gia Hân","ojt.synthetic.se190548@example.com","K19","Công nghệ thông tin","Trí tuệ nhân tạo","BIT_AI_K19B_FNO","5","60","1174"
"SE190549","Đỗ Hải Nam","ojt.synthetic.se190549@example.com","K19","Công nghệ thông tin","An toàn thông tin","BIT_IA_K18D-19A","5","54","586"
"SE190550","Phạm Quốc Bảo","ojt.synthetic.se190550@example.com","K19","Công nghệ thông tin","An toàn thông tin","BIT_IA_K19B_FNO","5","60","586"
"SE190551","Nguyễn Hoàng Duy","ojt.synthetic.se190551@example.com","K19","Công nghệ thông tin","An toàn thông tin","BIT_IA_K18D-19A","5","60","587"
"SE190552","Bùi Ngọc Mai","ojt.synthetic.se190552@example.com","K19","Công nghệ thông tin","Trí tuệ nhân tạo","BIT_AI_K19B_FNO","5","60","1174"
"SE190553","Lê Đức Minh","ojt.synthetic.se190553@example.com","K19","Công nghệ thông tin","Kỹ thuật phần mềm","BIT_SE_K19C","4","45",""
"SE190554","Đặng Bảo Ngọc","ojt.synthetic.se190554@example.com","K19","Công nghệ thông tin","Kỹ thuật phần mềm","BIT_SE_K19B","5","57","402"
"SE190555","Phan Trung Hiếu","ojt.synthetic.se190555@example.com","K19","Công nghệ thông tin","An toàn thông tin","BIT_IA_K19D-20A","4","45",""
"SE190556","Đặng Quang Huy","ojt.synthetic.se190556@example.com","K19","Công nghệ thông tin","Kỹ thuật phần mềm","BIT_SE_K18D_19A","5","60","2686"
"SE190557","Võ Hoàng Duy","ojt.synthetic.se190557@example.com","K19","Công nghệ thông tin","Hệ thống thông tin","BIT_IS_K19C","4","45",""
"SE190558","Võ Minh Quân","ojt.synthetic.se190558@example.com","K19","Công nghệ thông tin","An toàn thông tin","BIT_IA_K19D-20A","4","45",""
"SE190559","Võ Ngọc Mai","ojt.synthetic.se190559@example.com","K19","Công nghệ thông tin","Kỹ thuật phần mềm","BIT_SE_K19B","5","57","402"
"SE190560","Hoàng Minh Anh","ojt.synthetic.se190560@example.com","K19","Công nghệ thông tin","Trí tuệ nhân tạo","BIT_AI_K19D-20A","4","39",""
"SE190561","Đỗ Phương Thảo","ojt.synthetic.se190561@example.com","K19","Công nghệ thông tin","Trí tuệ nhân tạo","BIT_AI_K19B_FNO","5","60","1174"
"SE190562","Võ Ngọc Mai","ojt.synthetic.se190562@example.com","K19","Công nghệ thông tin","Hệ thống thông tin","BIT_IS_K19B","5","60","2635"
"SE190563","Nguyễn Đức Minh","ojt.synthetic.se190563@example.com","K19","Công nghệ thông tin","Hệ thống thông tin","BIT_IS_K19B","5","54","2641"
"SE190564","Phan Đức Minh","ojt.synthetic.se190564@example.com","K19","Công nghệ thông tin","Kỹ thuật phần mềm","BIT_SE_K19B","5","51","2566"
"SE190565","Phạm Minh Quân","ojt.synthetic.se190565@example.com","K19","Công nghệ thông tin","Trí tuệ nhân tạo","BIT_AI_K19B_FNO","5","57","1176"
"SE190566","Phan Hoàng Duy","ojt.synthetic.se190566@example.com","K19","Công nghệ thông tin","An toàn thông tin","BIT_IA_K18D-19A_FNO","5","60","587"
"SE190567","Hoàng Gia Hân","ojt.synthetic.se190567@example.com","K19","Công nghệ thông tin","Kỹ thuật phần mềm","BIT_SE_K18D_19A","5","57","1469"
"SE190568","Nguyễn Minh Quân","ojt.synthetic.se190568@example.com","K19","Công nghệ thông tin","Hệ thống thông tin","BIT_IS_K19C","4","42",""
"SE190569","Lê Trung Hiếu","ojt.synthetic.se190569@example.com","K19","Công nghệ thông tin","Hệ thống thông tin","BIT_IS_K19B","5","60","2634"
"SE190570","Nguyễn Hoàng Duy","ojt.synthetic.se190570@example.com","K19","Công nghệ thông tin","An toàn thông tin","BIT_IA_K18D-19A_FNO","5","57","586"
"SE190571","Đặng Phương Thảo","ojt.synthetic.se190571@example.com","K19","Công nghệ thông tin","Kỹ thuật phần mềm","BIT_SE_K19D_K20A","4","45",""
"SE190572","Huỳnh Quang Huy","ojt.synthetic.se190572@example.com","K19","Công nghệ thông tin","Hệ thống thông tin","BIT_IS_K18D_19A","5","60","2637"
"SE190573","Vũ Quang Huy","ojt.synthetic.se190573@example.com","K19","Công nghệ thông tin","Trí tuệ nhân tạo","BIT_AI_K18D-19A_FNO","5","57","1176"
"SE190574","Nguyễn Phương Thảo","ojt.synthetic.se190574@example.com","K19","Công nghệ thông tin","Hệ thống thông tin","BIT_IS_K19B","5","60","2636"
"SE190575","Lê Quốc Bảo","ojt.synthetic.se190575@example.com","K19","Công nghệ thông tin","Hệ thống thông tin","BIT_IS_K19B","5","57","2635"
"SE190576","Nguyễn Hải Nam","ojt.synthetic.se190576@example.com","K19","Công nghệ thông tin","Kỹ thuật phần mềm","BIT_SE_K19C","4","42",""
"SE190577","Đỗ Hoàng Duy","ojt.synthetic.se190577@example.com","K19","Công nghệ thông tin","Trí tuệ nhân tạo","BIT_AI_K19B_FNO","5","60","2620"
"SE190578","Đặng Minh Anh","ojt.synthetic.se190578@example.com","K19","Công nghệ thông tin","Kỹ thuật phần mềm","BIT_SE_K19C","4","39",""
"SE190579","Lê Ngọc Mai","ojt.synthetic.se190579@example.com","K19","Công nghệ thông tin","An toàn thông tin","BIT_IA_K19B_FNO","5","60","586"
"SE190580","Võ Hải Nam","ojt.synthetic.se190580@example.com","K19","Công nghệ thông tin","Trí tuệ nhân tạo","BIT_AI_K19D-20A","4","45",""
"SE190581","Võ Tuấn Kiệt","ojt.synthetic.se190581@example.com","K19","Công nghệ thông tin","Trí tuệ nhân tạo","BIT_AI_K18D-19A","5","60","1176"
"SE190582","Phan Phương Thảo","ojt.synthetic.se190582@example.com","K19","Công nghệ thông tin","An toàn thông tin","BIT_IA_K19D-20A","4","45",""
"SE190583","Lê Phương Thảo","ojt.synthetic.se190583@example.com","K19","Công nghệ thông tin","An toàn thông tin","BIT_IA_K19D-20A","4","45",""
"SE190584","Lê Ngọc Mai","ojt.synthetic.se190584@example.com","K19","Công nghệ thông tin","Trí tuệ nhân tạo","BIT_AI_K19B_FNO","5","60","1176"
"SE190585","Phan Trung Hiếu","ojt.synthetic.se190585@example.com","K19","Công nghệ thông tin","An toàn thông tin","BIT_IA_K19D-20A","4","45",""
"SE190586","Trần Ngọc Mai","ojt.synthetic.se190586@example.com","K19","Công nghệ thông tin","Hệ thống thông tin","BIT_IS_K18D_19A","5","60","2635"
"SE190587","Trần Quốc Bảo","ojt.synthetic.se190587@example.com","K19","Công nghệ thông tin","Hệ thống thông tin","BIT_IS_K18D_19A","5","57","2636"
"SE190588","Phan Minh Anh","ojt.synthetic.se190588@example.com","K19","Công nghệ thông tin","Hệ thống thông tin","BIT_IS_K18D_19A","5","60","2641"
"SE190589","Phạm Minh Anh","ojt.synthetic.se190589@example.com","K19","Công nghệ thông tin","Kỹ thuật phần mềm","BIT_SE_K19B","5","60","2628"
"SE190590","Phan Gia Hân","ojt.synthetic.se190590@example.com","K19","Công nghệ thông tin","Hệ thống thông tin","BIT_IS_K19D_K20A","4","45",""
"SE190591","Vũ Tuấn Kiệt","ojt.synthetic.se190591@example.com","K19","Công nghệ thông tin","Trí tuệ nhân tạo","BIT_AI_K18D-19A","5","60","2620"
"SE190592","Võ Khánh Linh","ojt.synthetic.se190592@example.com","K19","Công nghệ thông tin","Hệ thống thông tin","BIT_IS_K19B","5","60","2641"
"SE190593","Phạm Thanh Tâm","ojt.synthetic.se190593@example.com","K19","Công nghệ thông tin","Kỹ thuật phần mềm","BIT_SE_K19B","5","54","2675"
"SE190594","Trần Ngọc Mai","ojt.synthetic.se190594@example.com","K19","Công nghệ thông tin","An toàn thông tin","BIT_IA_K18D-19A_FNO","5","57","587"
"SE190595","Phạm Phương Thảo","ojt.synthetic.se190595@example.com","K19","Công nghệ thông tin","Trí tuệ nhân tạo","BIT_AI_K19D-20A","4","45",""
"SE190596","Huỳnh Gia Hân","ojt.synthetic.se190596@example.com","K19","Công nghệ thông tin","Hệ thống thông tin","BIT_IS_K19B","5","57","2641"
"SE190597","Hoàng Hoàng Duy","ojt.synthetic.se190597@example.com","K19","Công nghệ thông tin","An toàn thông tin","BIT_IA_K19B_FNO","5","57","587"
"SE190598","Võ Bảo Ngọc","ojt.synthetic.se190598@example.com","K19","Công nghệ thông tin","Kỹ thuật phần mềm","BIT_SE_K19D_K20A","4","42",""
"SE190599","Bùi Hoàng Duy","ojt.synthetic.se190599@example.com","K19","Công nghệ thông tin","Kỹ thuật phần mềm","BIT_SE_K19D_K20A","4","45",""
"SE190600","Lê Trung Hiếu","ojt.synthetic.se190600@example.com","K19","Công nghệ thông tin","An toàn thông tin","BIT_IA_K19B_FNO","5","54","586"
"SE190601","Bùi Thanh Tâm","ojt.synthetic.se190601@example.com","K19","Công nghệ thông tin","Kỹ thuật phần mềm","BIT_SE_K19C","4","42",""
"SE190602","Đặng Minh Quân","ojt.synthetic.se190602@example.com","K19","Công nghệ thông tin","Hệ thống thông tin","BIT_IS_K19D_K20A","4","42",""
"SE190603","Đỗ Ngọc Mai","ojt.synthetic.se190603@example.com","K19","Công nghệ thông tin","Kỹ thuật phần mềm","BIT_SE_K19B","5","60","2686"
"SE190604","Võ Quang Huy","ojt.synthetic.se190604@example.com","K19","Công nghệ thông tin","An toàn thông tin","BIT_IA_K19D-20A","4","45",""
"SE190605","Lê Minh Anh","ojt.synthetic.se190605@example.com","K19","Công nghệ thông tin","Hệ thống thông tin","BIT_IS_K19D_K20A","4","45",""
"SE190606","Trần Trung Hiếu","ojt.synthetic.se190606@example.com","K19","Công nghệ thông tin","Trí tuệ nhân tạo","BIT_AI_K18D-19A_FNO","5","60","1176"
"SE190607","Đặng Quang Huy","ojt.synthetic.se190607@example.com","K19","Công nghệ thông tin","An toàn thông tin","BIT_IA_K19D-20A","4","39",""
"SE190608","Nguyễn Hoàng Duy","ojt.synthetic.se190608@example.com","K19","Công nghệ thông tin","An toàn thông tin","BIT_IA_K19B_FNO","5","57","587"
"SE190609","Bùi Tuấn Kiệt","ojt.synthetic.se190609@example.com","K19","Công nghệ thông tin","Kỹ thuật phần mềm","BIT_SE_K19C","4","45",""
"SE190610","Đỗ Quang Huy","ojt.synthetic.se190610@example.com","K19","Công nghệ thông tin","Hệ thống thông tin","BIT_IS_K19B","5","57","2634"
"SE190611","Đặng Minh Anh","ojt.synthetic.se190611@example.com","K19","Công nghệ thông tin","Kỹ thuật phần mềm","BIT_SE_K19B","5","60","2686"
"SE190612","Phan Trung Hiếu","ojt.synthetic.se190612@example.com","K19","Công nghệ thông tin","Trí tuệ nhân tạo","BIT_AI_K19B_FNO","5","60","1174"
"SE190613","Trần Hải Nam","ojt.synthetic.se190613@example.com","K19","Công nghệ thông tin","Kỹ thuật phần mềm","BIT_SE_K19B","5","54","2686"
"SE190614","Lê Hải Nam","ojt.synthetic.se190614@example.com","K19","Công nghệ thông tin","Trí tuệ nhân tạo","BIT_AI_K18D-19A_FNO","5","60","1174"
"SE190615","Đặng Anh Tuấn","ojt.synthetic.se190615@example.com","K19","Công nghệ thông tin","Kỹ thuật phần mềm","BIT_SE_K19C","4","42",""
"SE190616","Đặng Bảo Ngọc","ojt.synthetic.se190616@example.com","K19","Công nghệ thông tin","Kỹ thuật phần mềm","BIT_SE_K19B","5","57","2605"
"SE190617","Trần Anh Tuấn","ojt.synthetic.se190617@example.com","K19","Công nghệ thông tin","Trí tuệ nhân tạo","BIT_AI_K19D-20A","4","45",""
"SE190618","Võ Hải Nam","ojt.synthetic.se190618@example.com","K19","Công nghệ thông tin","Kỹ thuật phần mềm","BIT_SE_K18D_19A","5","60","2605"
"SE190619","Đỗ Quang Huy","ojt.synthetic.se190619@example.com","K19","Công nghệ thông tin","Kỹ thuật phần mềm","BIT_SE_K19C","4","36",""
"SE190620","Huỳnh Ngọc Mai","ojt.synthetic.se190620@example.com","K19","Công nghệ thông tin","Kỹ thuật phần mềm","BIT_SE_K18D_19A","5","57","2686"
"SE190621","Vũ Minh Anh","ojt.synthetic.se190621@example.com","K19","Công nghệ thông tin","Hệ thống thông tin","BIT_IS_K19C","4","45",""
"SE190622","Võ Ngọc Mai","ojt.synthetic.se190622@example.com","K19","Công nghệ thông tin","Kỹ thuật phần mềm","BIT_SE_K19D_K20A","4","45",""
"SE190623","Bùi Minh Quân","ojt.synthetic.se190623@example.com","K19","Công nghệ thông tin","Trí tuệ nhân tạo","BIT_AI_K18D-19A","5","60","1174"
"SE190624","Đỗ Minh Anh","ojt.synthetic.se190624@example.com","K19","Công nghệ thông tin","Kỹ thuật phần mềm","BIT_SE_K19D_K20A","4","45",""
"SE190625","Nguyễn Bảo Ngọc","ojt.synthetic.se190625@example.com","K19","Công nghệ thông tin","Kỹ thuật phần mềm","BIT_SE_K19D_K20A","4","42",""
"SE190626","Phan Trung Hiếu","ojt.synthetic.se190626@example.com","K19","Công nghệ thông tin","Hệ thống thông tin","BIT_IS_K19D_K20A","4","45",""
"SE190627","Đặng Quốc Bảo","ojt.synthetic.se190627@example.com","K19","Công nghệ thông tin","An toàn thông tin","BIT_IA_K19B_FNO","5","54","586"
"SE190628","Bùi Quang Huy","ojt.synthetic.se190628@example.com","K19","Công nghệ thông tin","Hệ thống thông tin","BIT_IS_K19D_K20A","4","42",""
"SE190629","Hoàng Minh Anh","ojt.synthetic.se190629@example.com","K19","Công nghệ thông tin","Hệ thống thông tin","BIT_IS_K19B","5","60","2636"
"SE190630","Đỗ Thanh Tâm","ojt.synthetic.se190630@example.com","K19","Công nghệ thông tin","Hệ thống thông tin","BIT_IS_K18D_19A","5","60","2636"
"SE190631","Đặng Thanh Tâm","ojt.synthetic.se190631@example.com","K19","Công nghệ thông tin","An toàn thông tin","BIT_IA_K19B_FNO","5","57","587"
"SE190632","Vũ Thanh Tâm","ojt.synthetic.se190632@example.com","K19","Công nghệ thông tin","Kỹ thuật phần mềm","BIT_SE_K18D_19A","5","57","2640"
"SE190633","Phạm Minh Anh","ojt.synthetic.se190633@example.com","K19","Công nghệ thông tin","An toàn thông tin","BIT_IA_K18D-19A","5","60","586"
"SE190634","Phan Tuấn Kiệt","ojt.synthetic.se190634@example.com","K19","Công nghệ thông tin","Trí tuệ nhân tạo","BIT_AI_K19B_FNO","5","57","2620"
"SE190635","Đặng Hoàng Duy","ojt.synthetic.se190635@example.com","K19","Công nghệ thông tin","Hệ thống thông tin","BIT_IS_K19B","5","57","2635"
"SE190636","Nguyễn Anh Tuấn","ojt.synthetic.se190636@example.com","K19","Công nghệ thông tin","Kỹ thuật phần mềm","BIT_SE_K19D_K20A","4","45",""
"SE190637","Nguyễn Đức Minh","ojt.synthetic.se190637@example.com","K19","Công nghệ thông tin","Kỹ thuật phần mềm","BIT_SE_K18D_19A","5","60","2686"
"SE190638","Trần Thanh Tâm","ojt.synthetic.se190638@example.com","K19","Công nghệ thông tin","Trí tuệ nhân tạo","BIT_AI_K19B_FNO","5","51","1174"
"SE190639","Lê Anh Tuấn","ojt.synthetic.se190639@example.com","K19","Công nghệ thông tin","Kỹ thuật phần mềm","BIT_SE_K19D_K20A","4","36",""
"SE190640","Đỗ Khánh Linh","ojt.synthetic.se190640@example.com","K19","Công nghệ thông tin","Kỹ thuật phần mềm","BIT_SE_K18D_19A","5","60","402"
"SE190641","Lê Quang Huy","ojt.synthetic.se190641@example.com","K19","Công nghệ thông tin","Hệ thống thông tin","BIT_IS_K18D_19A","5","60","2637"
"SE190642","Phạm Gia Hân","ojt.synthetic.se190642@example.com","K19","Công nghệ thông tin","Hệ thống thông tin","BIT_IS_K19B","5","60","2635"
"SE190643","Phạm Đức Minh","ojt.synthetic.se190643@example.com","K19","Công nghệ thông tin","Trí tuệ nhân tạo","BIT_AI_K18D-19A_FNO","5","57","1175"
"SE190644","Đỗ Gia Hân","ojt.synthetic.se190644@example.com","K19","Công nghệ thông tin","Trí tuệ nhân tạo","BIT_AI_K18D-19A_FNO","5","60","1175"
"SE190645","Phan Trung Hiếu","ojt.synthetic.se190645@example.com","K19","Công nghệ thông tin","An toàn thông tin","BIT_IA_K18D-19A_FNO","5","60","586"
"SE190646","Phan Quốc Bảo","ojt.synthetic.se190646@example.com","K19","Công nghệ thông tin","An toàn thông tin","BIT_IA_K19B_FNO","5","57","586"
"SE190647","Hoàng Khánh Linh","ojt.synthetic.se190647@example.com","K19","Công nghệ thông tin","Trí tuệ nhân tạo","BIT_AI_K19D-20A","4","45",""
"SE190648","Võ Tuấn Kiệt","ojt.synthetic.se190648@example.com","K19","Công nghệ thông tin","Kỹ thuật phần mềm","BIT_SE_K18D_19A","5","51","2639"
"SE190649","Bùi Thanh Tâm","ojt.synthetic.se190649@example.com","K19","Công nghệ thông tin","Hệ thống thông tin","BIT_IS_K18D_19A","5","57","2635"
"SE190650","Võ Đức Minh","ojt.synthetic.se190650@example.com","K19","Công nghệ thông tin","Kỹ thuật phần mềm","BIT_SE_K19D_K20A","4","42",""
"SE190651","Lê Khánh Linh","ojt.synthetic.se190651@example.com","K19","Công nghệ thông tin","Kỹ thuật phần mềm","BIT_SE_K19C","4","42",""
"SE190652","Nguyễn Trung Hiếu","ojt.synthetic.se190652@example.com","K19","Công nghệ thông tin","Kỹ thuật phần mềm","BIT_SE_K19D_K20A","4","45",""
"SE190653","Đỗ Bảo Ngọc","ojt.synthetic.se190653@example.com","K19","Công nghệ thông tin","Hệ thống thông tin","BIT_IS_K18D_19A","5","60","2637"
"SE190654","Hoàng Anh Tuấn","ojt.synthetic.se190654@example.com","K19","Công nghệ thông tin","Trí tuệ nhân tạo","BIT_AI_K18D-19A","5","60","1174"
"SE190655","Nguyễn Minh Anh","ojt.synthetic.se190655@example.com","K19","Công nghệ thông tin","Kỹ thuật phần mềm","BIT_SE_K19B","5","60","2497"
"SE190656","Phạm Bảo Ngọc","ojt.synthetic.se190656@example.com","K19","Công nghệ thông tin","Trí tuệ nhân tạo","BIT_AI_K18D-19A","5","60","1174"
"SE190657","Vũ Thanh Tâm","ojt.synthetic.se190657@example.com","K19","Công nghệ thông tin","An toàn thông tin","BIT_IA_K19D-20A","4","45",""
"SE190658","Phan Bảo Ngọc","ojt.synthetic.se190658@example.com","K19","Công nghệ thông tin","An toàn thông tin","BIT_IA_K19D-20A","4","39",""
"SE190659","Phan Bảo Ngọc","ojt.synthetic.se190659@example.com","K19","Công nghệ thông tin","Kỹ thuật phần mềm","BIT_SE_K19C","4","45",""
"SE190660","Võ Đức Minh","ojt.synthetic.se190660@example.com","K19","Công nghệ thông tin","An toàn thông tin","BIT_IA_K19B_FNO","5","51","587"
"SE190661","Hoàng Minh Quân","ojt.synthetic.se190661@example.com","K19","Công nghệ thông tin","Kỹ thuật phần mềm","BIT_SE_K19C","4","45",""
"SE190662","Đỗ Phương Thảo","ojt.synthetic.se190662@example.com","K19","Công nghệ thông tin","Hệ thống thông tin","BIT_IS_K19C","4","45",""
"SE190663","Phan Bảo Ngọc","ojt.synthetic.se190663@example.com","K19","Công nghệ thông tin","Kỹ thuật phần mềm","BIT_SE_K19B","5","60","340"
"SE190664","Nguyễn Minh Quân","ojt.synthetic.se190664@example.com","K19","Công nghệ thông tin","Hệ thống thông tin","BIT_IS_K18D_19A","5","60","2636"
"SE190665","Vũ Minh Anh","ojt.synthetic.se190665@example.com","K19","Công nghệ thông tin","Kỹ thuật phần mềm","BIT_SE_K19C","4","42",""
"SE190666","Nguyễn Thanh Tâm","ojt.synthetic.se190666@example.com","K19","Công nghệ thông tin","Trí tuệ nhân tạo","BIT_AI_K19B_FNO","5","60","2620"
"SE190667","Bùi Quang Huy","ojt.synthetic.se190667@example.com","K19","Công nghệ thông tin","Hệ thống thông tin","BIT_IS_K18D_19A","5","60","2635"
"SE190668","Đỗ Anh Thư","ojt.synthetic.se190668@example.com","K19","Công nghệ thông tin","Kỹ thuật phần mềm","BIT_SE_K19D_K20A","4","45",""
"SE190669","Huỳnh Trung Hiếu","ojt.synthetic.se190669@example.com","K19","Công nghệ thông tin","Kỹ thuật phần mềm","BIT_SE_K19B","5","60","2640"
"SE190670","Lê Tuấn Kiệt","ojt.synthetic.se190670@example.com","K19","Công nghệ thông tin","Hệ thống thông tin","BIT_IS_K18D_19A","5","57","2641"
"SE190671","Đặng Nhật Minh","ojt.synthetic.se190671@example.com","K19","Công nghệ thông tin","Hệ thống thông tin","BIT_IS_K19C","4","45",""
"SE190672","Võ Đức Anh","ojt.synthetic.se190672@example.com","K19","Công nghệ thông tin","Kỹ thuật phần mềm","BIT_SE_K19C","4","45",""
"SE190673","Hoàng Hoàng Nam","ojt.synthetic.se190673@example.com","K19","Công nghệ thông tin","Hệ thống thông tin","BIT_IS_K19B","5","60","2634"
"SE190674","Bùi Nhật Minh","ojt.synthetic.se190674@example.com","K19","Công nghệ thông tin","Trí tuệ nhân tạo","BIT_AI_K18D-19A","5","60","1174"
"SE190675","Trần Đức Anh","ojt.synthetic.se190675@example.com","K19","Công nghệ thông tin","Kỹ thuật phần mềm","BIT_SE_K19D_K20A","4","45",""
"SE190676","Dương Trung Hiếu","ojt.synthetic.se190676@example.com","K19","Công nghệ thông tin","Kỹ thuật phần mềm","BIT_SE_K18D_19A","5","51","402"
"SE190677","Lê Hoàng Nam","ojt.synthetic.se190677@example.com","K19","Công nghệ thông tin","Kỹ thuật phần mềm","BIT_SE_K19D_K20A","4","45",""
"SE190678","Lê Tuấn Kiệt","ojt.synthetic.se190678@example.com","K19","Công nghệ thông tin","Kỹ thuật phần mềm","BIT_SE_K19C","4","42",""
"SE190679","Võ Thanh Hà","ojt.synthetic.se190679@example.com","K19","Công nghệ thông tin","Hệ thống thông tin","BIT_IS_K18D_19A","5","57","2634"
"SE190680","Lê Bảo Ngọc","ojt.synthetic.se190680@example.com","K19","Công nghệ thông tin","Trí tuệ nhân tạo","BIT_AI_K19D-20A","4","42",""
"SE190681","Phạm Thùy Dung","ojt.synthetic.se190681@example.com","K19","Công nghệ thông tin","Hệ thống thông tin","BIT_IS_K19C","4","45",""
"SE190682","Ngô Khánh Vy","ojt.synthetic.se190682@example.com","K19","Công nghệ thông tin","Kỹ thuật phần mềm","BIT_SE_K19B","5","57","2638"
"SE190683","Ngô Ngọc Hân","ojt.synthetic.se190683@example.com","K19","Công nghệ thông tin","An toàn thông tin","BIT_IA_K19D-20A","4","39",""
"SE190684","Lý Tuấn Kiệt","ojt.synthetic.se190684@example.com","K19","Công nghệ thông tin","An toàn thông tin","BIT_IA_K19D-20A","4","42",""
"SE190685","Vũ Hoàng Nam","ojt.synthetic.se190685@example.com","K19","Công nghệ thông tin","Trí tuệ nhân tạo","BIT_AI_K19D-20A","4","39",""
"SE190686","Hoàng Gia Bảo","ojt.synthetic.se190686@example.com","K19","Công nghệ thông tin","An toàn thông tin","BIT_IA_K18D-19A_FNO","5","60","586"
"SE190687","Nguyễn Bảo Ngọc","ojt.synthetic.se190687@example.com","K19","Công nghệ thông tin","Kỹ thuật phần mềm","BIT_SE_K18D_19A","5","57","2640"
"SE190688","Đặng Minh Anh","ojt.synthetic.se190688@example.com","K19","Công nghệ thông tin","Hệ thống thông tin","BIT_IS_K19B","5","54","2635"
"SE190689","Lý Anh Thư","ojt.synthetic.se190689@example.com","K19","Công nghệ thông tin","Hệ thống thông tin","BIT_IS_K19B","5","60","2636"
"SE190690","Bùi Trung Hiếu","ojt.synthetic.se190690@example.com","K19","Công nghệ thông tin","Kỹ thuật phần mềm","BIT_SE_K19D_K20A","4","45",""
"SE190691","Võ Thùy Dung","ojt.synthetic.se190691@example.com","K19","Công nghệ thông tin","Trí tuệ nhân tạo","BIT_AI_K19B_FNO","5","57","2620"
"SE190692","Lý Hoàng Nam","ojt.synthetic.se190692@example.com","K19","Công nghệ thông tin","Kỹ thuật phần mềm","BIT_SE_K19C","4","45",""
"SE190693","Phạm Quang Huy","ojt.synthetic.se190693@example.com","K19","Công nghệ thông tin","Trí tuệ nhân tạo","BIT_AI_K18D-19A_FNO","5","60","1175"
"SE190694","Vũ Thanh Hà","ojt.synthetic.se190694@example.com","K19","Công nghệ thông tin","An toàn thông tin","BIT_IA_K19D-20A","4","42",""
"SE190695","Nguyễn Quang Huy","ojt.synthetic.se190695@example.com","K19","Công nghệ thông tin","Kỹ thuật phần mềm","BIT_SE_K19B","5","57","1469"
"SE190696","Trần Thanh Hà","ojt.synthetic.se190696@example.com","K19","Công nghệ thông tin","An toàn thông tin","BIT_IA_K19D-20A","4","45",""
"SE190697","Huỳnh Nhật Minh","ojt.synthetic.se190697@example.com","K19","Công nghệ thông tin","Kỹ thuật phần mềm","BIT_SE_K19B","5","60","2640"
"SE190698","Trần Thu Trang","ojt.synthetic.se190698@example.com","K19","Công nghệ thông tin","Kỹ thuật phần mềm","BIT_SE_K19B","5","60","402"
"SE190699","Trần Phương Thảo","ojt.synthetic.se190699@example.com","K19","Công nghệ thông tin","Kỹ thuật phần mềm","BIT_SE_K18D_19A","5","60","2553"
"SE190700","Bùi Thu Trang","ojt.synthetic.se190700@example.com","K19","Công nghệ thông tin","Hệ thống thông tin","BIT_IS_K19D_K20A","4","42",""
"SE190701","Võ Anh Thư","ojt.synthetic.se190701@example.com","K19","Công nghệ thông tin","Kỹ thuật phần mềm","BIT_SE_K19C","4","42",""
"SE190702","Hồ Quang Huy","ojt.synthetic.se190702@example.com","K19","Công nghệ thông tin","Trí tuệ nhân tạo","BIT_AI_K19D-20A","4","45",""
"SE190703","Trần Thu Trang","ojt.synthetic.se190703@example.com","K19","Công nghệ thông tin","Trí tuệ nhân tạo","BIT_AI_K19B_FNO","5","60","1174"
"SE190704","Vũ Thu Trang","ojt.synthetic.se190704@example.com","K19","Công nghệ thông tin","Trí tuệ nhân tạo","BIT_AI_K19D-20A","4","42",""
"SE190705","Lý Anh Thư","ojt.synthetic.se190705@example.com","K19","Công nghệ thông tin","Hệ thống thông tin","BIT_IS_K19D_K20A","4","45",""
"SE190706","Huỳnh Thùy Dung","ojt.synthetic.se190706@example.com","K19","Công nghệ thông tin","Hệ thống thông tin","BIT_IS_K18D_19A","5","60","2637"
"SE190707","Võ Trung Hiếu","ojt.synthetic.se190707@example.com","K19","Công nghệ thông tin","An toàn thông tin","BIT_IA_K19B_FNO","5","57","587"
"SE190708","Hoàng Thanh Hà","ojt.synthetic.se190708@example.com","K19","Công nghệ thông tin","An toàn thông tin","BIT_IA_K19D-20A","4","39",""
"SE190709","Huỳnh Thu Trang","ojt.synthetic.se190709@example.com","K19","Công nghệ thông tin","Kỹ thuật phần mềm","BIT_SE_K19B","5","57","2566"
"SE190710","Đỗ Anh Thư","ojt.synthetic.se190710@example.com","K19","Công nghệ thông tin","Trí tuệ nhân tạo","BIT_AI_K18D-19A_FNO","5","57","1174"
"SE190711","Bùi Quang Huy","ojt.synthetic.se190711@example.com","K19","Công nghệ thông tin","Trí tuệ nhân tạo","BIT_AI_K18D-19A_FNO","5","60","1176"
"SE190712","Trần Ngọc Hân","ojt.synthetic.se190712@example.com","K19","Công nghệ thông tin","Hệ thống thông tin","BIT_IS_K18D_19A","5","60","2637"
"SE190713","Phạm Minh Khang","ojt.synthetic.se190713@example.com","K19","Công nghệ thông tin","Kỹ thuật phần mềm","BIT_SE_K19B","5","60","1469"
"SE190714","Bùi Anh Thư","ojt.synthetic.se190714@example.com","K19","Công nghệ thông tin","Hệ thống thông tin","BIT_IS_K19B","5","60","2634"
"SE190715","Võ Trung Hiếu","ojt.synthetic.se190715@example.com","K19","Công nghệ thông tin","Hệ thống thông tin","BIT_IS_K19B","5","57","2641"
"SE190716","Hồ Tuấn Kiệt","ojt.synthetic.se190716@example.com","K19","Công nghệ thông tin","An toàn thông tin","BIT_IA_K18D-19A","5","60","586"
"SE190717","Bùi Hoàng Nam","ojt.synthetic.se190717@example.com","K19","Công nghệ thông tin","Trí tuệ nhân tạo","BIT_AI_K19B_FNO","5","60","1176"
"SE190718","Đặng Khánh Vy","ojt.synthetic.se190718@example.com","K19","Công nghệ thông tin","An toàn thông tin","BIT_IA_K18D-19A","5","60","586"
"SE190719","Hoàng Phương Thảo","ojt.synthetic.se190719@example.com","K19","Công nghệ thông tin","An toàn thông tin","BIT_IA_K19D-20A","4","45",""
"SE190720","Vũ Hải Đăng","ojt.synthetic.se190720@example.com","K19","Công nghệ thông tin","An toàn thông tin","BIT_IA_K19B_FNO","5","57","586"
"SE190721","Đỗ Hoàng Nam","ojt.synthetic.se190721@example.com","K19","Công nghệ thông tin","Trí tuệ nhân tạo","BIT_AI_K19B_FNO","5","60","1174"
"SE190722","Lê Quang Huy","ojt.synthetic.se190722@example.com","K19","Công nghệ thông tin","An toàn thông tin","BIT_IA_K19D-20A","4","45",""
"SE190723","Vũ Minh Khang","ojt.synthetic.se190723@example.com","K19","Công nghệ thông tin","Trí tuệ nhân tạo","BIT_AI_K19B_FNO","5","57","1176"
"SE190724","Lý Minh Khang","ojt.synthetic.se190724@example.com","K19","Công nghệ thông tin","Kỹ thuật phần mềm","BIT_SE_K19C","4","45",""
"SE190725","Đỗ Gia Bảo","ojt.synthetic.se190725@example.com","K19","Công nghệ thông tin","An toàn thông tin","BIT_IA_K19D-20A","4","45",""
"SE190726","Võ Phương Thảo","ojt.synthetic.se190726@example.com","K19","Công nghệ thông tin","Kỹ thuật phần mềm","BIT_SE_K19D_K20A","4","45",""
"SE190727","Lê Hải Đăng","ojt.synthetic.se190727@example.com","K19","Công nghệ thông tin","Trí tuệ nhân tạo","BIT_AI_K19D-20A","4","39",""
"SE190728","Vũ Quốc Bảo","ojt.synthetic.se190728@example.com","K19","Công nghệ thông tin","An toàn thông tin","BIT_IA_K19B_FNO","5","57","587"
"SE190729","Huỳnh Minh Anh","ojt.synthetic.se190729@example.com","K19","Công nghệ thông tin","An toàn thông tin","BIT_IA_K18D-19A_FNO","5","60","586"
"SE190730","Bùi Ngọc Linh","ojt.synthetic.se190730@example.com","K19","Công nghệ thông tin","Trí tuệ nhân tạo","BIT_AI_K19B_FNO","5","57","2620"
"SE190731","Lê Hoàng Nam","ojt.synthetic.se190731@example.com","K19","Công nghệ thông tin","An toàn thông tin","BIT_IA_K19B_FNO","5","60","587"
"SE190732","Hồ Ngọc Hân","ojt.synthetic.se190732@example.com","K19","Công nghệ thông tin","Hệ thống thông tin","BIT_IS_K19B","5","60","2641"
"SE190733","Hoàng Khánh Vy","ojt.synthetic.se190733@example.com","K19","Công nghệ thông tin","Kỹ thuật phần mềm","BIT_SE_K19D_K20A","4","45",""
"SE190734","Lê Đức Anh","ojt.synthetic.se190734@example.com","K19","Công nghệ thông tin","Kỹ thuật phần mềm","BIT_SE_K18D_19A","5","54","2497"
"SE190735","Huỳnh Khánh Vy","ojt.synthetic.se190735@example.com","K19","Công nghệ thông tin","Kỹ thuật phần mềm","BIT_SE_K18D_19A","5","60","2566"
"SE190736","Võ Thùy Dung","ojt.synthetic.se190736@example.com","K19","Công nghệ thông tin","Kỹ thuật phần mềm","BIT_SE_K18D_19A","5","60","2605"
"SE190737","Trần Hoàng Nam","ojt.synthetic.se190737@example.com","K19","Công nghệ thông tin","Trí tuệ nhân tạo","BIT_AI_K18D-19A","5","60","1176"
"SE190738","Huỳnh Hoàng Nam","ojt.synthetic.se190738@example.com","K19","Công nghệ thông tin","Kỹ thuật phần mềm","BIT_SE_K18D_19A","5","60","2566"
"SE190739","Bùi Gia Bảo","ojt.synthetic.se190739@example.com","K19","Công nghệ thông tin","Hệ thống thông tin","BIT_IS_K19D_K20A","4","45",""
"SE190740","Nguyễn Thanh Hà","ojt.synthetic.se190740@example.com","K19","Công nghệ thông tin","Hệ thống thông tin","BIT_IS_K19D_K20A","4","42",""
"SE190741","Võ Quang Huy","ojt.synthetic.se190741@example.com","K19","Công nghệ thông tin","An toàn thông tin","BIT_IA_K19D-20A","4","45",""
"SE190742","Đỗ Minh Anh","ojt.synthetic.se190742@example.com","K19","Công nghệ thông tin","An toàn thông tin","BIT_IA_K19D-20A","4","45",""
"SE190743","Trần Ngọc Hân","ojt.synthetic.se190743@example.com","K19","Công nghệ thông tin","Kỹ thuật phần mềm","BIT_SE_K19D_K20A","4","45",""
"SE190744","Phạm Anh Thư","ojt.synthetic.se190744@example.com","K19","Công nghệ thông tin","Trí tuệ nhân tạo","BIT_AI_K19D-20A","4","45",""
"SE190745","Ngô Gia Bảo","ojt.synthetic.se190745@example.com","K19","Công nghệ thông tin","Trí tuệ nhân tạo","BIT_AI_K19D-20A","4","45",""
"SE190746","Trần Anh Thư","ojt.synthetic.se190746@example.com","K19","Công nghệ thông tin","Hệ thống thông tin","BIT_IS_K19D_K20A","4","45",""
"SE190747","Lê Khánh Vy","ojt.synthetic.se190747@example.com","K19","Công nghệ thông tin","An toàn thông tin","BIT_IA_K19D-20A","4","45",""
"SE190748","Lê Hoàng Nam","ojt.synthetic.se190748@example.com","K19","Công nghệ thông tin","Trí tuệ nhân tạo","BIT_AI_K18D-19A_FNO","5","57","1176"
"SE190749","Lê Trung Hiếu","ojt.synthetic.se190749@example.com","K19","Công nghệ thông tin","Trí tuệ nhân tạo","BIT_AI_K18D-19A","5","60","1174"
"SE190750","Huỳnh Hải Đăng","ojt.synthetic.se190750@example.com","K19","Công nghệ thông tin","Hệ thống thông tin","BIT_IS_K18D_19A","5","60","2635"
"SE190751","Dương Quang Huy","ojt.synthetic.se190751@example.com","K19","Công nghệ thông tin","Hệ thống thông tin","BIT_IS_K19C","4","45",""
"SE190752","Hoàng Anh Thư","ojt.synthetic.se190752@example.com","K19","Công nghệ thông tin","An toàn thông tin","BIT_IA_K19B_FNO","5","60","586"
"SE190753","Trần Khánh Vy","ojt.synthetic.se190753@example.com","K19","Công nghệ thông tin","An toàn thông tin","BIT_IA_K19D-20A","4","45",""
"SE190754","Vũ Hoàng Nam","ojt.synthetic.se190754@example.com","K19","Công nghệ thông tin","Hệ thống thông tin","BIT_IS_K19B","5","57","2635"
"SE190755","Đặng Khánh Vy","ojt.synthetic.se190755@example.com","K19","Công nghệ thông tin","Kỹ thuật phần mềm","BIT_SE_K19B","5","60","2640"
"SE190756","Lý Phương Thảo","ojt.synthetic.se190756@example.com","K19","Công nghệ thông tin","An toàn thông tin","BIT_IA_K19D-20A","4","42",""
"SE190757","Huỳnh Minh Khang","ojt.synthetic.se190757@example.com","K19","Công nghệ thông tin","Kỹ thuật phần mềm","BIT_SE_K19D_K20A","4","45",""
"SE190758","Bùi Quang Huy","ojt.synthetic.se190758@example.com","K19","Công nghệ thông tin","An toàn thông tin","BIT_IA_K19D-20A","4","45",""
"SE190759","Huỳnh Ngọc Hân","ojt.synthetic.se190759@example.com","K19","Công nghệ thông tin","Trí tuệ nhân tạo","BIT_AI_K19B_FNO","5","60","1176"
"SE190760","Lê Hải Đăng","ojt.synthetic.se190760@example.com","K19","Công nghệ thông tin","Trí tuệ nhân tạo","BIT_AI_K18D-19A","5","60","1176"
"SE190761","Dương Thùy Dung","ojt.synthetic.se190761@example.com","K19","Công nghệ thông tin","An toàn thông tin","BIT_IA_K19D-20A","4","45",""
"SE190762","Nguyễn Anh Thư","ojt.synthetic.se190762@example.com","K19","Công nghệ thông tin","Kỹ thuật phần mềm","BIT_SE_K19D_K20A","4","45",""
"SE190763","Hồ Ngọc Linh","ojt.synthetic.se190763@example.com","K19","Công nghệ thông tin","An toàn thông tin","BIT_IA_K18D-19A_FNO","5","57","587"
"SE190764","Bùi Tuấn Kiệt","ojt.synthetic.se190764@example.com","K19","Công nghệ thông tin","Trí tuệ nhân tạo","BIT_AI_K18D-19A_FNO","5","57","1175"
"SE190765","Vũ Hoàng Nam","ojt.synthetic.se190765@example.com","K19","Công nghệ thông tin","Trí tuệ nhân tạo","BIT_AI_K19D-20A","4","45",""
"SE190766","Bùi Khánh Vy","ojt.synthetic.se190766@example.com","K19","Công nghệ thông tin","Kỹ thuật phần mềm","BIT_SE_K19D_K20A","4","45",""
"SE190767","Nguyễn Minh Khang","ojt.synthetic.se190767@example.com","K19","Công nghệ thông tin","Kỹ thuật phần mềm","BIT_SE_K19B","5","57","2497"
"SE190768","Trần Hoàng Nam","ojt.synthetic.se190768@example.com","K19","Công nghệ thông tin","An toàn thông tin","BIT_IA_K19B_FNO","5","60","586"
"SE190769","Vũ Thùy Dung","ojt.synthetic.se190769@example.com","K19","Công nghệ thông tin","Hệ thống thông tin","BIT_IS_K19D_K20A","4","45",""
"SE190770","Vũ Minh Anh","ojt.synthetic.se190770@example.com","K19","Công nghệ thông tin","Trí tuệ nhân tạo","BIT_AI_K18D-19A_FNO","5","60","1174"
"SE190771","Ngô Đức Anh","ojt.synthetic.se190771@example.com","K19","Công nghệ thông tin","Kỹ thuật phần mềm","BIT_SE_K19D_K20A","4","42",""
"SE190772","Huỳnh Quốc Bảo","ojt.synthetic.se190772@example.com","K19","Công nghệ thông tin","Hệ thống thông tin","BIT_IS_K19C","4","36",""
"SE190773","Vũ Phương Thảo","ojt.synthetic.se190773@example.com","K19","Công nghệ thông tin","An toàn thông tin","BIT_IA_K18D-19A","5","57","586"
"SE190774","Lê Quốc Bảo","ojt.synthetic.se190774@example.com","K19","Công nghệ thông tin","An toàn thông tin","BIT_IA_K19B_FNO","5","60","586"
"SE190775","Hồ Bảo Ngọc","ojt.synthetic.se190775@example.com","K19","Công nghệ thông tin","Hệ thống thông tin","BIT_IS_K19B","5","60","2641"
"SE190776","Hồ Ngọc Hân","ojt.synthetic.se190776@example.com","K19","Công nghệ thông tin","Trí tuệ nhân tạo","BIT_AI_K19B_FNO","5","57","1176"
"SE190777","Hoàng Ngọc Hân","ojt.synthetic.se190777@example.com","K19","Công nghệ thông tin","Kỹ thuật phần mềm","BIT_SE_K19C","4","45",""
"SE190778","Đặng Minh Khang","ojt.synthetic.se190778@example.com","K19","Công nghệ thông tin","An toàn thông tin","BIT_IA_K18D-19A_FNO","5","57","586"
"SE190779","Huỳnh Minh Khang","ojt.synthetic.se190779@example.com","K19","Công nghệ thông tin","Hệ thống thông tin","BIT_IS_K19B","5","51","2636"
"SE190780","Lê Trung Hiếu","ojt.synthetic.se190780@example.com","K19","Công nghệ thông tin","Trí tuệ nhân tạo","BIT_AI_K18D-19A_FNO","5","60","1174"
"SE190781","Võ Phương Thảo","ojt.synthetic.se190781@example.com","K19","Công nghệ thông tin","Hệ thống thông tin","BIT_IS_K19D_K20A","4","39",""
"SE190782","Bùi Đức Anh","ojt.synthetic.se190782@example.com","K19","Công nghệ thông tin","Kỹ thuật phần mềm","BIT_SE_K18D_19A","5","60","2566"
"SE190783","Hoàng Thu Trang","ojt.synthetic.se190783@example.com","K19","Công nghệ thông tin","Hệ thống thông tin","BIT_IS_K18D_19A","5","57","2641"
"SE190784","Trần Anh Thư","ojt.synthetic.se190784@example.com","K19","Công nghệ thông tin","Hệ thống thông tin","BIT_IS_K18D_19A","5","57","2634"
"SE190785","Đỗ Minh Anh","ojt.synthetic.se190785@example.com","K19","Công nghệ thông tin","Kỹ thuật phần mềm","BIT_SE_K18D_19A","5","60","2497"
"SE190786","Hồ Bảo Ngọc","ojt.synthetic.se190786@example.com","K19","Công nghệ thông tin","Kỹ thuật phần mềm","BIT_SE_K19C","4","45",""
"SE190787","Lý Minh Khang","ojt.synthetic.se190787@example.com","K19","Công nghệ thông tin","An toàn thông tin","BIT_IA_K19B_FNO","5","60","587"
"SE190788","Dương Ngọc Hân","ojt.synthetic.se190788@example.com","K19","Công nghệ thông tin","Trí tuệ nhân tạo","BIT_AI_K19D-20A","4","45",""
"SE190789","Lý Hoàng Nam","ojt.synthetic.se190789@example.com","K19","Công nghệ thông tin","An toàn thông tin","BIT_IA_K19B_FNO","5","60","586"
"SE190790","Đặng Tuấn Kiệt","ojt.synthetic.se190790@example.com","K19","Công nghệ thông tin","Hệ thống thông tin","BIT_IS_K19D_K20A","4","45",""
"SE190791","Hoàng Hải Đăng","ojt.synthetic.se190791@example.com","K19","Công nghệ thông tin","Trí tuệ nhân tạo","BIT_AI_K19D-20A","4","42",""
"SE190792","Lê Bảo Ngọc","ojt.synthetic.se190792@example.com","K19","Công nghệ thông tin","Trí tuệ nhân tạo","BIT_AI_K19D-20A","4","45",""
"SE190793","Ngô Anh Thư","ojt.synthetic.se190793@example.com","K19","Công nghệ thông tin","An toàn thông tin","BIT_IA_K19B_FNO","5","60","586"
"SE190794","Đặng Ngọc Hân","ojt.synthetic.se190794@example.com","K19","Công nghệ thông tin","Trí tuệ nhân tạo","BIT_AI_K18D-19A","5","57","1176"
"SE190795","Hoàng Quốc Bảo","ojt.synthetic.se190795@example.com","K19","Công nghệ thông tin","An toàn thông tin","BIT_IA_K18D-19A","5","60","587"
"SE190796","Dương Tuấn Kiệt","ojt.synthetic.se190796@example.com","K19","Công nghệ thông tin","Trí tuệ nhân tạo","BIT_AI_K18D-19A","5","60","2620"
"SE190797","Nguyễn Nhật Minh","ojt.synthetic.se190797@example.com","K19","Công nghệ thông tin","Hệ thống thông tin","BIT_IS_K19D_K20A","4","45",""
"SE190798","Bùi Nhật Minh","ojt.synthetic.se190798@example.com","K19","Công nghệ thông tin","Trí tuệ nhân tạo","BIT_AI_K19D-20A","4","45",""
"SE190799","Lý Thu Trang","ojt.synthetic.se190799@example.com","K19","Công nghệ thông tin","Kỹ thuật phần mềm","BIT_SE_K19B","5","54","1469"
"SE190800","Dương Hoàng Nam","ojt.synthetic.se190800@example.com","K19","Công nghệ thông tin","Trí tuệ nhân tạo","BIT_AI_K18D-19A_FNO","5","60","1176"
"SE190801","Phạm Hải Đăng","ojt.synthetic.se190801@example.com","K19","Công nghệ thông tin","An toàn thông tin","BIT_IA_K19D-20A","4","45",""
"SE190802","Võ Phương Thảo","ojt.synthetic.se190802@example.com","K19","Công nghệ thông tin","Trí tuệ nhân tạo","BIT_AI_K19B_FNO","5","60","2620"
"SE190803","Đỗ Gia Bảo","ojt.synthetic.se190803@example.com","K19","Công nghệ thông tin","Hệ thống thông tin","BIT_IS_K19C","4","42",""
"SE190804","Hồ Bảo Ngọc","ojt.synthetic.se190804@example.com","K19","Công nghệ thông tin","Trí tuệ nhân tạo","BIT_AI_K19D-20A","4","45",""
"SE190805","Bùi Thanh Hà","ojt.synthetic.se190805@example.com","K19","Công nghệ thông tin","Trí tuệ nhân tạo","BIT_AI_K19D-20A","4","42",""
"SE190806","Võ Phương Thảo","ojt.synthetic.se190806@example.com","K19","Công nghệ thông tin","Trí tuệ nhân tạo","BIT_AI_K19D-20A","4","45",""
"SE190807","Dương Ngọc Linh","ojt.synthetic.se190807@example.com","K19","Công nghệ thông tin","Trí tuệ nhân tạo","BIT_AI_K19B_FNO","5","60","1174"
"SE190808","Lê Hải Đăng","ojt.synthetic.se190808@example.com","K19","Công nghệ thông tin","Trí tuệ nhân tạo","BIT_AI_K18D-19A","5","60","1176"
"SE190809","Nguyễn Hoàng Nam","ojt.synthetic.se190809@example.com","K19","Công nghệ thông tin","Hệ thống thông tin","BIT_IS_K18D_19A","5","60","2635"
"SE190810","Lý Tuấn Kiệt","ojt.synthetic.se190810@example.com","K19","Công nghệ thông tin","Hệ thống thông tin","BIT_IS_K19C","4","39",""
"SE190811","Trần Đức Anh","ojt.synthetic.se190811@example.com","K19","Công nghệ thông tin","An toàn thông tin","BIT_IA_K19B_FNO","5","57","587"
"SE190812","Lê Phương Thảo","ojt.synthetic.se190812@example.com","K19","Công nghệ thông tin","An toàn thông tin","BIT_IA_K19B_FNO","5","60","586"
"SE190813","Trần Thanh Hà","ojt.synthetic.se190813@example.com","K19","Công nghệ thông tin","Trí tuệ nhân tạo","BIT_AI_K19B_FNO","5","60","1176"
"SE190814","Vũ Minh Anh","ojt.synthetic.se190814@example.com","K19","Công nghệ thông tin","An toàn thông tin","BIT_IA_K18D-19A_FNO","5","60","587"
"SE190815","Dương Minh Anh","ojt.synthetic.se190815@example.com","K19","Công nghệ thông tin","An toàn thông tin","BIT_IA_K18D-19A","5","60","587"
"SE190816","Trần Khánh Vy","ojt.synthetic.se190816@example.com","K19","Công nghệ thông tin","Trí tuệ nhân tạo","BIT_AI_K19B_FNO","5","60","1174"
"SE190817","Hoàng Bảo Ngọc","ojt.synthetic.se190817@example.com","K19","Công nghệ thông tin","An toàn thông tin","BIT_IA_K19D-20A","4","42",""
"SE190818","Ngô Hoàng Nam","ojt.synthetic.se190818@example.com","K19","Công nghệ thông tin","Hệ thống thông tin","BIT_IS_K18D_19A","5","60","2634"
"SE190819","Hồ Ngọc Linh","ojt.synthetic.se190819@example.com","K19","Công nghệ thông tin","Kỹ thuật phần mềm","BIT_SE_K18D_19A","5","60","2566"
"SE190820","Lý Hoàng Nam","ojt.synthetic.se190820@example.com","K19","Công nghệ thông tin","An toàn thông tin","BIT_IA_K19B_FNO","5","60","587"
"SE190821","Huỳnh Thùy Dung","ojt.synthetic.se190821@example.com","K19","Công nghệ thông tin","Hệ thống thông tin","BIT_IS_K19C","4","36",""
"SE190822","Phạm Ngọc Linh","ojt.synthetic.se190822@example.com","K19","Công nghệ thông tin","Trí tuệ nhân tạo","BIT_AI_K19D-20A","4","45",""
"SE190823","Ngô Thu Trang","ojt.synthetic.se190823@example.com","K19","Công nghệ thông tin","Kỹ thuật phần mềm","BIT_SE_K19C","4","42",""
"SE190824","Huỳnh Anh Thư","ojt.synthetic.se190824@example.com","K19","Công nghệ thông tin","Hệ thống thông tin","BIT_IS_K18D_19A","5","60","2634"
"SE190825","Hoàng Gia Bảo","ojt.synthetic.se190825@example.com","K19","Công nghệ thông tin","Hệ thống thông tin","BIT_IS_K19D_K20A","4","42",""
"SE190826","Đặng Hoàng Nam","ojt.synthetic.se190826@example.com","K19","Công nghệ thông tin","Hệ thống thông tin","BIT_IS_K19C","4","45",""
"SE190827","Phạm Thùy Dung","ojt.synthetic.se190827@example.com","K19","Công nghệ thông tin","Trí tuệ nhân tạo","BIT_AI_K19D-20A","4","45",""
"SE190828","Đặng Trung Hiếu","ojt.synthetic.se190828@example.com","K19","Công nghệ thông tin","Trí tuệ nhân tạo","BIT_AI_K19D-20A","4","45",""
"SE190829","Lê Tuấn Kiệt","ojt.synthetic.se190829@example.com","K19","Công nghệ thông tin","Kỹ thuật phần mềm","BIT_SE_K18D_19A","5","60","2640"
"SE190830","Trần Quốc Bảo","ojt.synthetic.se190830@example.com","K19","Công nghệ thông tin","Kỹ thuật phần mềm","BIT_SE_K19D_K20A","4","42",""
"SE190831","Vũ Tuấn Kiệt","ojt.synthetic.se190831@example.com","K19","Công nghệ thông tin","An toàn thông tin","BIT_IA_K19D-20A","4","42",""
"SE190832","Hồ Phương Thảo","ojt.synthetic.se190832@example.com","K19","Công nghệ thông tin","Kỹ thuật phần mềm","BIT_SE_K19B","5","60","340"
"SE190833","Ngô Quang Huy","ojt.synthetic.se190833@example.com","K19","Công nghệ thông tin","Hệ thống thông tin","BIT_IS_K19D_K20A","4","45",""
"SE190834","Hồ Đức Anh","ojt.synthetic.se190834@example.com","K19","Công nghệ thông tin","Trí tuệ nhân tạo","BIT_AI_K19D-20A","4","39",""
"SE190835","Nguyễn Đức Anh","ojt.synthetic.se190835@example.com","K19","Công nghệ thông tin","Trí tuệ nhân tạo","BIT_AI_K19B_FNO","5","60","2620"
"SE190836","Nguyễn Anh Thư","ojt.synthetic.se190836@example.com","K19","Công nghệ thông tin","Trí tuệ nhân tạo","BIT_AI_K19D-20A","4","42",""
"SE190837","Võ Thu Trang","ojt.synthetic.se190837@example.com","K19","Công nghệ thông tin","An toàn thông tin","BIT_IA_K19B_FNO","5","51","586"
"SE190838","Hoàng Phương Thảo","ojt.synthetic.se190838@example.com","K19","Công nghệ thông tin","Trí tuệ nhân tạo","BIT_AI_K19B_FNO","5","60","1174"
"SE190839","Nguyễn Thu Trang","ojt.synthetic.se190839@example.com","K19","Công nghệ thông tin","Kỹ thuật phần mềm","BIT_SE_K18D_19A","5","60","402"
"SE190840","Trần Thùy Dung","ojt.synthetic.se190840@example.com","K19","Công nghệ thông tin","An toàn thông tin","BIT_IA_K19B_FNO","5","57","587"
"SE190841","Hồ Ngọc Hân","ojt.synthetic.se190841@example.com","K19","Công nghệ thông tin","Kỹ thuật phần mềm","BIT_SE_K18D_19A","5","60","340"
"SE190842","Lê Đức Anh","ojt.synthetic.se190842@example.com","K19","Công nghệ thông tin","An toàn thông tin","BIT_IA_K19D-20A","4","42",""
"SE190843","Vũ Minh Anh","ojt.synthetic.se190843@example.com","K19","Công nghệ thông tin","Hệ thống thông tin","BIT_IS_K18D_19A","5","54","2635"
"SE190844","Ngô Ngọc Linh","ojt.synthetic.se190844@example.com","K19","Công nghệ thông tin","Kỹ thuật phần mềm","BIT_SE_K18D_19A","5","60","2686"
"SE190845","Dương Ngọc Linh","ojt.synthetic.se190845@example.com","K19","Công nghệ thông tin","Kỹ thuật phần mềm","BIT_SE_K19D_K20A","4","45",""
"SE190846","Phạm Anh Thư","ojt.synthetic.se190846@example.com","K19","Công nghệ thông tin","An toàn thông tin","BIT_IA_K19B_FNO","5","60","586"
"SE190847","Võ Ngọc Linh","ojt.synthetic.se190847@example.com","K19","Công nghệ thông tin","Trí tuệ nhân tạo","BIT_AI_K18D-19A","5","60","1176"
"SE190848","Ngô Phương Thảo","ojt.synthetic.se190848@example.com","K19","Công nghệ thông tin","An toàn thông tin","BIT_IA_K19D-20A","4","45",""
"SE190849","Ngô Tuấn Kiệt","ojt.synthetic.se190849@example.com","K19","Công nghệ thông tin","Trí tuệ nhân tạo","BIT_AI_K19B_FNO","5","60","1174"
"SE190850","Huỳnh Thanh Hà","ojt.synthetic.se190850@example.com","K19","Công nghệ thông tin","Kỹ thuật phần mềm","BIT_SE_K19B","5","57","402"
"SE190851","Huỳnh Minh Khang","ojt.synthetic.se190851@example.com","K19","Công nghệ thông tin","An toàn thông tin","BIT_IA_K19B_FNO","5","57","587"
"SE190852","Võ Đức Anh","ojt.synthetic.se190852@example.com","K19","Công nghệ thông tin","An toàn thông tin","BIT_IA_K19B_FNO","5","57","587"
"SE190853","Đỗ Trung Hiếu","ojt.synthetic.se190853@example.com","K19","Công nghệ thông tin","Hệ thống thông tin","BIT_IS_K19D_K20A","4","45",""
"SE190854","Dương Minh Khang","ojt.synthetic.se190854@example.com","K19","Công nghệ thông tin","Trí tuệ nhân tạo","BIT_AI_K19D-20A","4","45",""
"SE190855","Nguyễn Phương Thảo","ojt.synthetic.se190855@example.com","K19","Công nghệ thông tin","Hệ thống thông tin","BIT_IS_K19C","4","45",""
"SE190856","Lê Minh Anh","ojt.synthetic.se190856@example.com","K19","Công nghệ thông tin","Hệ thống thông tin","BIT_IS_K19D_K20A","4","45",""
"SE190857","Võ Tuấn Kiệt","ojt.synthetic.se190857@example.com","K19","Công nghệ thông tin","An toàn thông tin","BIT_IA_K18D-19A","5","60","587"
"SE190858","Bùi Bảo Ngọc","ojt.synthetic.se190858@example.com","K19","Công nghệ thông tin","An toàn thông tin","BIT_IA_K19B_FNO","5","57","587"
"SE190859","Huỳnh Trung Hiếu","ojt.synthetic.se190859@example.com","K19","Công nghệ thông tin","An toàn thông tin","BIT_IA_K18D-19A","5","51","587"
"SE190860","Ngô Phương Thảo","ojt.synthetic.se190860@example.com","K19","Công nghệ thông tin","An toàn thông tin","BIT_IA_K19B_FNO","5","57","587"
"SE190861","Huỳnh Hải Đăng","ojt.synthetic.se190861@example.com","K19","Công nghệ thông tin","Trí tuệ nhân tạo","BIT_AI_K19D-20A","4","45",""
"SE190862","Lý Ngọc Linh","ojt.synthetic.se190862@example.com","K19","Công nghệ thông tin","An toàn thông tin","BIT_IA_K19D-20A","4","42",""
"SE190863","Hồ Minh Anh","ojt.synthetic.se190863@example.com","K19","Công nghệ thông tin","Trí tuệ nhân tạo","BIT_AI_K19B_FNO","5","60","1176"
"SE190864","Hồ Thu Trang","ojt.synthetic.se190864@example.com","K19","Công nghệ thông tin","Hệ thống thông tin","BIT_IS_K19B","5","60","2641"
"SE190865","Dương Trung Hiếu","ojt.synthetic.se190865@example.com","K19","Công nghệ thông tin","Trí tuệ nhân tạo","BIT_AI_K19D-20A","4","45",""
"SE190866","Bùi Khánh Vy","ojt.synthetic.se190866@example.com","K19","Công nghệ thông tin","Kỹ thuật phần mềm","BIT_SE_K19D_K20A","4","45",""
"SE190867","Dương Minh Anh","ojt.synthetic.se190867@example.com","K19","Công nghệ thông tin","Trí tuệ nhân tạo","BIT_AI_K18D-19A","5","60","2620"
"SE190868","Phạm Hải Đăng","ojt.synthetic.se190868@example.com","K19","Công nghệ thông tin","An toàn thông tin","BIT_IA_K18D-19A_FNO","5","60","586"
"SE190869","Dương Hải Đăng","ojt.synthetic.se190869@example.com","K19","Công nghệ thông tin","Hệ thống thông tin","BIT_IS_K19D_K20A","4","45",""
"SE190870","Võ Tuấn Kiệt","ojt.synthetic.se190870@example.com","K19","Công nghệ thông tin","Hệ thống thông tin","BIT_IS_K19B","5","60","2641"
"SE190871","Dương Thanh Hà","ojt.synthetic.se190871@example.com","K19","Công nghệ thông tin","Kỹ thuật phần mềm","BIT_SE_K18D_19A","5","60","2605"
"SE190872","Vũ Thanh Hà","ojt.synthetic.se190872@example.com","K19","Công nghệ thông tin","Hệ thống thông tin","BIT_IS_K19C","4","45",""
"SE190873","Huỳnh Bảo Ngọc","ojt.synthetic.se190873@example.com","K19","Công nghệ thông tin","Kỹ thuật phần mềm","BIT_SE_K19D_K20A","4","45",""
"SE190874","Đặng Anh Thư","ojt.synthetic.se190874@example.com","K19","Công nghệ thông tin","An toàn thông tin","BIT_IA_K19B_FNO","5","54","586"
"SE190875","Ngô Hoàng Nam","ojt.synthetic.se190875@example.com","K19","Công nghệ thông tin","Trí tuệ nhân tạo","BIT_AI_K19B_FNO","5","60","1174"
"SE190876","Ngô Ngọc Hân","ojt.synthetic.se190876@example.com","K19","Công nghệ thông tin","Hệ thống thông tin","BIT_IS_K19B","5","60","2635"
"SE190877","Lý Quang Huy","ojt.synthetic.se190877@example.com","K19","Công nghệ thông tin","An toàn thông tin","BIT_IA_K19B_FNO","5","57","587"
"SE190878","Hồ Quốc Bảo","ojt.synthetic.se190878@example.com","K19","Công nghệ thông tin","Hệ thống thông tin","BIT_IS_K18D_19A","5","60","2637"
"SE190879","Hoàng Trung Hiếu","ojt.synthetic.se190879@example.com","K19","Công nghệ thông tin","Hệ thống thông tin","BIT_IS_K19D_K20A","4","42",""
"SE190880","Lý Phương Thảo","ojt.synthetic.se190880@example.com","K19","Công nghệ thông tin","Kỹ thuật phần mềm","BIT_SE_K19D_K20A","4","45",""
"SE190881","Đặng Ngọc Hân","ojt.synthetic.se190881@example.com","K19","Công nghệ thông tin","An toàn thông tin","BIT_IA_K18D-19A","5","54","587"
"SE190882","Võ Minh Khang","ojt.synthetic.se190882@example.com","K19","Công nghệ thông tin","Kỹ thuật phần mềm","BIT_SE_K19B","5","60","2628"
"SE190883","Đặng Phương Thảo","ojt.synthetic.se190883@example.com","K19","Công nghệ thông tin","An toàn thông tin","BIT_IA_K19B_FNO","5","57","586"
"SE190884","Phạm Bảo Ngọc","ojt.synthetic.se190884@example.com","K19","Công nghệ thông tin","Hệ thống thông tin","BIT_IS_K19B","5","57","2634"
"SE190885","Vũ Trung Hiếu","ojt.synthetic.se190885@example.com","K19","Công nghệ thông tin","Trí tuệ nhân tạo","BIT_AI_K19D-20A","4","45",""
"SE190886","Nguyễn Bảo Ngọc","ojt.synthetic.se190886@example.com","K19","Công nghệ thông tin","Trí tuệ nhân tạo","BIT_AI_K18D-19A_FNO","5","60","1174"
"SE190887","Huỳnh Trung Hiếu","ojt.synthetic.se190887@example.com","K19","Công nghệ thông tin","Kỹ thuật phần mềm","BIT_SE_K19B","5","54","402"
"SE190888","Lê Thùy Dung","ojt.synthetic.se190888@example.com","K19","Công nghệ thông tin","Kỹ thuật phần mềm","BIT_SE_K18D_19A","5","60","340"
"SE190889","Nguyễn Hải Đăng","ojt.synthetic.se190889@example.com","K19","Công nghệ thông tin","An toàn thông tin","BIT_IA_K19D-20A","4","45",""
"SE190890","Đỗ Thanh Hà","ojt.synthetic.se190890@example.com","K19","Công nghệ thông tin","Trí tuệ nhân tạo","BIT_AI_K19D-20A","4","42",""
"SE190891","Bùi Gia Bảo","ojt.synthetic.se190891@example.com","K19","Công nghệ thông tin","Kỹ thuật phần mềm","BIT_SE_K19D_K20A","4","45",""
"SE190892","Lê Phương Thảo","ojt.synthetic.se190892@example.com","K19","Công nghệ thông tin","Kỹ thuật phần mềm","BIT_SE_K19B","5","60","2628"
"SE190893","Vũ Khánh Vy","ojt.synthetic.se190893@example.com","K19","Công nghệ thông tin","Trí tuệ nhân tạo","BIT_AI_K18D-19A_FNO","5","57","1175"
"SE190894","Đặng Quang Huy","ojt.synthetic.se190894@example.com","K19","Công nghệ thông tin","Kỹ thuật phần mềm","BIT_SE_K19B","5","57","2497"
"SE190895","Hồ Thu Trang","ojt.synthetic.se190895@example.com","K19","Công nghệ thông tin","Hệ thống thông tin","BIT_IS_K19C","4","39",""
"SE190896","Huỳnh Ngọc Hân","ojt.synthetic.se190896@example.com","K19","Công nghệ thông tin","An toàn thông tin","BIT_IA_K19B_FNO","5","54","586"
"SE190897","Phạm Anh Thư","ojt.synthetic.se190897@example.com","K19","Công nghệ thông tin","An toàn thông tin","BIT_IA_K19D-20A","4","45",""
"SE190898","Dương Phương Thảo","ojt.synthetic.se190898@example.com","K19","Công nghệ thông tin","Hệ thống thông tin","BIT_IS_K19D_K20A","4","42",""
"SE190899","Bùi Thu Trang","ojt.synthetic.se190899@example.com","K19","Công nghệ thông tin","Hệ thống thông tin","BIT_IS_K19B","5","60","2634"
"SE190900","Bùi Quang Huy","ojt.synthetic.se190900@example.com","K19","Công nghệ thông tin","Hệ thống thông tin","BIT_IS_K18D_19A","5","60","2636"
"SE190901","Ngô Gia Bảo","ojt.synthetic.se190901@example.com","K19","Công nghệ thông tin","Hệ thống thông tin","BIT_IS_K19C","4","42",""
"SE190902","Nguyễn Minh Anh","ojt.synthetic.se190902@example.com","K19","Công nghệ thông tin","Hệ thống thông tin","BIT_IS_K18D_19A","5","60","2641"
"SE190903","Võ Đức Anh","ojt.synthetic.se190903@example.com","K19","Công nghệ thông tin","An toàn thông tin","BIT_IA_K19D-20A","4","39",""
"SE190904","Vũ Tuấn Kiệt","ojt.synthetic.se190904@example.com","K19","Công nghệ thông tin","Trí tuệ nhân tạo","BIT_AI_K19D-20A","4","42",""
"SE190905","Trần Hải Đăng","ojt.synthetic.se190905@example.com","K19","Công nghệ thông tin","Hệ thống thông tin","BIT_IS_K19C","4","45",""
"SE190906","Đặng Đức Anh","ojt.synthetic.se190906@example.com","K19","Công nghệ thông tin","Hệ thống thông tin","BIT_IS_K19B","5","60","2635"
"SE190907","Ngô Thu Trang","ojt.synthetic.se190907@example.com","K19","Công nghệ thông tin","Trí tuệ nhân tạo","BIT_AI_K19D-20A","4","45",""
"SE190908","Vũ Quang Huy","ojt.synthetic.se190908@example.com","K19","Công nghệ thông tin","Kỹ thuật phần mềm","BIT_SE_K18D_19A","5","60","402"
"SE190909","Đỗ Ngọc Linh","ojt.synthetic.se190909@example.com","K19","Công nghệ thông tin","An toàn thông tin","BIT_IA_K19B_FNO","5","60","587"
"SE190910","Ngô Phương Thảo","ojt.synthetic.se190910@example.com","K19","Công nghệ thông tin","Trí tuệ nhân tạo","BIT_AI_K18D-19A","5","60","2620"
"SE190911","Vũ Hoàng Nam","ojt.synthetic.se190911@example.com","K19","Công nghệ thông tin","An toàn thông tin","BIT_IA_K18D-19A","5","60","587"
"SE190912","Bùi Quốc Bảo","ojt.synthetic.se190912@example.com","K19","Công nghệ thông tin","An toàn thông tin","BIT_IA_K19D-20A","4","45",""
"SE190913","Nguyễn Đức Anh","ojt.synthetic.se190913@example.com","K19","Công nghệ thông tin","Trí tuệ nhân tạo","BIT_AI_K19B_FNO","5","57","1174"
"SE190914","Đặng Quang Huy","ojt.synthetic.se190914@example.com","K19","Công nghệ thông tin","An toàn thông tin","BIT_IA_K18D-19A_FNO","5","57","587"
"SE190915","Hoàng Thanh Hà","ojt.synthetic.se190915@example.com","K19","Công nghệ thông tin","An toàn thông tin","BIT_IA_K19D-20A","4","42",""
"SE190916","Lý Đức Anh","ojt.synthetic.se190916@example.com","K19","Công nghệ thông tin","Kỹ thuật phần mềm","BIT_SE_K19C","4","39",""
"SE190917","Lê Quang Huy","ojt.synthetic.se190917@example.com","K19","Công nghệ thông tin","Trí tuệ nhân tạo","BIT_AI_K19B_FNO","5","57","2620"
"SE190918","Vũ Minh Anh","ojt.synthetic.se190918@example.com","K19","Công nghệ thông tin","Kỹ thuật phần mềm","BIT_SE_K19D_K20A","4","45",""
"SE190919","Hoàng Thu Trang","ojt.synthetic.se190919@example.com","K19","Công nghệ thông tin","An toàn thông tin","BIT_IA_K19B_FNO","5","57","587"
"SE190920","Trần Bảo Ngọc","ojt.synthetic.se190920@example.com","K19","Công nghệ thông tin","Trí tuệ nhân tạo","BIT_AI_K19D-20A","4","42",""
"SE190921","Hồ Thùy Dung","ojt.synthetic.se190921@example.com","K19","Công nghệ thông tin","Trí tuệ nhân tạo","BIT_AI_K19B_FNO","5","60","2620"
"SE190922","Ngô Trung Hiếu","ojt.synthetic.se190922@example.com","K19","Công nghệ thông tin","An toàn thông tin","BIT_IA_K19D-20A","4","39",""
"SE190923","Vũ Ngọc Linh","ojt.synthetic.se190923@example.com","K19","Công nghệ thông tin","Kỹ thuật phần mềm","BIT_SE_K18D_19A","5","60","2640"
"SE190924","Hoàng Bảo Ngọc","ojt.synthetic.se190924@example.com","K19","Công nghệ thông tin","Kỹ thuật phần mềm","BIT_SE_K19B","5","57","2675"
"SE190925","Lê Anh Thư","ojt.synthetic.se190925@example.com","K19","Công nghệ thông tin","Kỹ thuật phần mềm","BIT_SE_K19C","4","45",""
"SE190926","Vũ Đức Anh","ojt.synthetic.se190926@example.com","K19","Công nghệ thông tin","Trí tuệ nhân tạo","BIT_AI_K18D-19A_FNO","5","60","1175"
"SE190927","Phạm Thùy Dung","ojt.synthetic.se190927@example.com","K19","Công nghệ thông tin","Kỹ thuật phần mềm","BIT_SE_K19B","5","60","1469"
"SE190928","Trần Tuấn Kiệt","ojt.synthetic.se190928@example.com","K19","Công nghệ thông tin","Trí tuệ nhân tạo","BIT_AI_K19D-20A","4","45",""
"SE190929","Nguyễn Đức Anh","ojt.synthetic.se190929@example.com","K19","Công nghệ thông tin","An toàn thông tin","BIT_IA_K18D-19A","5","51","586"
"SE190930","Huỳnh Hải Đăng","ojt.synthetic.se190930@example.com","K19","Công nghệ thông tin","Trí tuệ nhân tạo","BIT_AI_K19D-20A","4","45",""
"SE190931","Dương Đức Anh","ojt.synthetic.se190931@example.com","K19","Công nghệ thông tin","Trí tuệ nhân tạo","BIT_AI_K19D-20A","4","42",""
"SE190932","Hồ Bảo Ngọc","ojt.synthetic.se190932@example.com","K19","Công nghệ thông tin","Trí tuệ nhân tạo","BIT_AI_K18D-19A_FNO","5","60","1174"
"SE190933","Bùi Quang Huy","ojt.synthetic.se190933@example.com","K19","Công nghệ thông tin","An toàn thông tin","BIT_IA_K18D-19A_FNO","5","60","587"
"SE190934","Vũ Bảo Ngọc","ojt.synthetic.se190934@example.com","K19","Công nghệ thông tin","Kỹ thuật phần mềm","BIT_SE_K19D_K20A","4","45",""
"SE190935","Nguyễn Minh Anh","ojt.synthetic.se190935@example.com","K19","Công nghệ thông tin","Trí tuệ nhân tạo","BIT_AI_K18D-19A_FNO","5","60","1176"
"SE190936","Đặng Trung Hiếu","ojt.synthetic.se190936@example.com","K19","Công nghệ thông tin","Trí tuệ nhân tạo","BIT_AI_K19D-20A","4","45",""
"SE190937","Hoàng Bảo Ngọc","ojt.synthetic.se190937@example.com","K19","Công nghệ thông tin","Hệ thống thông tin","BIT_IS_K19C","4","45",""
"SE190938","Nguyễn Quang Huy","ojt.synthetic.se190938@example.com","K19","Công nghệ thông tin","Kỹ thuật phần mềm","BIT_SE_K19D_K20A","4","45",""
"SE190939","Vũ Thùy Dung","ojt.synthetic.se190939@example.com","K19","Công nghệ thông tin","Hệ thống thông tin","BIT_IS_K19B","5","57","2635"
"SE190940","Ngô Ngọc Linh","ojt.synthetic.se190940@example.com","K19","Công nghệ thông tin","Trí tuệ nhân tạo","BIT_AI_K18D-19A","5","60","2620"
"SE190941","Đặng Bảo Ngọc","ojt.synthetic.se190941@example.com","K19","Công nghệ thông tin","Kỹ thuật phần mềm","BIT_SE_K18D_19A","5","60","1469"
"SE190942","Đỗ Ngọc Hân","ojt.synthetic.se190942@example.com","K19","Công nghệ thông tin","Kỹ thuật phần mềm","BIT_SE_K19C","4","42",""
"SE190943","Võ Phương Thảo","ojt.synthetic.se190943@example.com","K19","Công nghệ thông tin","An toàn thông tin","BIT_IA_K19B_FNO","5","57","587"
"SE190944","Dương Quang Huy","ojt.synthetic.se190944@example.com","K19","Công nghệ thông tin","Trí tuệ nhân tạo","BIT_AI_K19B_FNO","5","60","1176"
"SE190945","Nguyễn Bảo Ngọc","ojt.synthetic.se190945@example.com","K19","Công nghệ thông tin","Kỹ thuật phần mềm","BIT_SE_K18D_19A","5","57","2605"
"SE190946","Trần Ngọc Hân","ojt.synthetic.se190946@example.com","K19","Công nghệ thông tin","Kỹ thuật phần mềm","BIT_SE_K19D_K20A","4","39",""
"SE190947","Hồ Bảo Ngọc","ojt.synthetic.se190947@example.com","K19","Công nghệ thông tin","Hệ thống thông tin","BIT_IS_K18D_19A","5","54","2637"
"SE190948","Dương Minh Anh","ojt.synthetic.se190948@example.com","K19","Công nghệ thông tin","Trí tuệ nhân tạo","BIT_AI_K18D-19A_FNO","5","60","1176"
"SE190949","Ngô Nhật Minh","ojt.synthetic.se190949@example.com","K19","Công nghệ thông tin","An toàn thông tin","BIT_IA_K19D-20A","4","42",""
"SE190950","Lý Thu Trang","ojt.synthetic.se190950@example.com","K19","Công nghệ thông tin","Hệ thống thông tin","BIT_IS_K18D_19A","5","60","2634"
"SE190951","Hồ Nhật Minh","ojt.synthetic.se190951@example.com","K19","Công nghệ thông tin","Hệ thống thông tin","BIT_IS_K19D_K20A","4","45",""
"SE190952","Nguyễn Ngọc Linh","ojt.synthetic.se190952@example.com","K19","Công nghệ thông tin","Trí tuệ nhân tạo","BIT_AI_K19D-20A","4","36",""
"SE190953","Đỗ Bảo Ngọc","ojt.synthetic.se190953@example.com","K19","Công nghệ thông tin","An toàn thông tin","BIT_IA_K18D-19A_FNO","5","60","587"
"SE190954","Đặng Ngọc Hân","ojt.synthetic.se190954@example.com","K19","Công nghệ thông tin","Hệ thống thông tin","BIT_IS_K19C","4","45",""
"SE190955","Lê Thùy Dung","ojt.synthetic.se190955@example.com","K19","Công nghệ thông tin","Hệ thống thông tin","BIT_IS_K19D_K20A","4","45",""
"SE190956","Lê Tuấn Kiệt","ojt.synthetic.se190956@example.com","K19","Công nghệ thông tin","Kỹ thuật phần mềm","BIT_SE_K19D_K20A","4","42",""
"SE190957","Lý Hoàng Nam","ojt.synthetic.se190957@example.com","K19","Công nghệ thông tin","Trí tuệ nhân tạo","BIT_AI_K19B_FNO","5","60","2620"
"SE190958","Huỳnh Minh Khang","ojt.synthetic.se190958@example.com","K19","Công nghệ thông tin","Trí tuệ nhân tạo","BIT_AI_K19B_FNO","5","60","1174"
"SE190959","Huỳnh Phương Thảo","ojt.synthetic.se190959@example.com","K19","Công nghệ thông tin","An toàn thông tin","BIT_IA_K19D-20A","4","45",""
"SE190960","Dương Hoàng Nam","ojt.synthetic.se190960@example.com","K19","Công nghệ thông tin","An toàn thông tin","BIT_IA_K19D-20A","4","42",""
"SE190961","Bùi Phương Thảo","ojt.synthetic.se190961@example.com","K19","Công nghệ thông tin","Trí tuệ nhân tạo","BIT_AI_K19D-20A","4","45",""
"SE190962","Vũ Trung Hiếu","ojt.synthetic.se190962@example.com","K19","Công nghệ thông tin","Trí tuệ nhân tạo","BIT_AI_K18D-19A","5","60","1174"
"SE190963","Vũ Ngọc Linh","ojt.synthetic.se190963@example.com","K19","Công nghệ thông tin","Hệ thống thông tin","BIT_IS_K18D_19A","5","60","2634"
"SE190964","Huỳnh Minh Khang","ojt.synthetic.se190964@example.com","K19","Công nghệ thông tin","An toàn thông tin","BIT_IA_K19D-20A","4","45",""
"SE190965","Hồ Quốc Bảo","ojt.synthetic.se190965@example.com","K19","Công nghệ thông tin","Kỹ thuật phần mềm","BIT_SE_K18D_19A","5","60","2605"
"SE190966","Phạm Thanh Hà","ojt.synthetic.se190966@example.com","K19","Công nghệ thông tin","Trí tuệ nhân tạo","BIT_AI_K19D-20A","4","45",""
"SE190967","Nguyễn Thu Trang","ojt.synthetic.se190967@example.com","K19","Công nghệ thông tin","Kỹ thuật phần mềm","BIT_SE_K19B","5","60","2638"
"SE190968","Vũ Minh Khang","ojt.synthetic.se190968@example.com","K19","Công nghệ thông tin","Trí tuệ nhân tạo","BIT_AI_K18D-19A_FNO","5","60","1174"
"SE190969","Ngô Minh Khang","ojt.synthetic.se190969@example.com","K19","Công nghệ thông tin","Kỹ thuật phần mềm","BIT_SE_K18D_19A","5","60","1469"
"SE190970","Ngô Quốc Bảo","ojt.synthetic.se190970@example.com","K19","Công nghệ thông tin","An toàn thông tin","BIT_IA_K18D-19A_FNO","5","60","586"
"SE190971","Hồ Minh Khang","ojt.synthetic.se190971@example.com","K19","Công nghệ thông tin","An toàn thông tin","BIT_IA_K18D-19A","5","60","587"
"SE190972","Đỗ Minh Anh","ojt.synthetic.se190972@example.com","K19","Công nghệ thông tin","An toàn thông tin","BIT_IA_K19D-20A","4","45",""
"SE190973","Đặng Anh Thư","ojt.synthetic.se190973@example.com","K19","Công nghệ thông tin","Kỹ thuật phần mềm","BIT_SE_K19C","4","45",""
"SE190974","Đỗ Thanh Hà","ojt.synthetic.se190974@example.com","K19","Công nghệ thông tin","Trí tuệ nhân tạo","BIT_AI_K19D-20A","4","45",""
"SE190975","Huỳnh Tuấn Kiệt","ojt.synthetic.se190975@example.com","K19","Công nghệ thông tin","Trí tuệ nhân tạo","BIT_AI_K19B_FNO","5","54","1176"
"SE190976","Vũ Gia Bảo","ojt.synthetic.se190976@example.com","K19","Công nghệ thông tin","Kỹ thuật phần mềm","BIT_SE_K19D_K20A","4","45",""
"SE190977","Vũ Thùy Dung","ojt.synthetic.se190977@example.com","K19","Công nghệ thông tin","Hệ thống thông tin","BIT_IS_K18D_19A","5","57","2641"
"SE190978","Lý Anh Thư","ojt.synthetic.se190978@example.com","K19","Công nghệ thông tin","Hệ thống thông tin","BIT_IS_K18D_19A","5","57","2636"
"SE190979","Vũ Ngọc Linh","ojt.synthetic.se190979@example.com","K19","Công nghệ thông tin","Hệ thống thông tin","BIT_IS_K19C","4","45",""
"SE190980","Vũ Minh Khang","ojt.synthetic.se190980@example.com","K19","Công nghệ thông tin","Hệ thống thông tin","BIT_IS_K19C","4","45",""
"SE190981","Bùi Quang Huy","ojt.synthetic.se190981@example.com","K19","Công nghệ thông tin","An toàn thông tin","BIT_IA_K18D-19A_FNO","5","60","586"
"SE190982","Dương Thùy Dung","ojt.synthetic.se190982@example.com","K19","Công nghệ thông tin","Trí tuệ nhân tạo","BIT_AI_K19B_FNO","5","60","1174"
"SE190983","Dương Ngọc Hân","ojt.synthetic.se190983@example.com","K19","Công nghệ thông tin","Trí tuệ nhân tạo","BIT_AI_K19B_FNO","5","60","2620"
"SE190984","Hoàng Thanh Hà","ojt.synthetic.se190984@example.com","K19","Công nghệ thông tin","Kỹ thuật phần mềm","BIT_SE_K19B","5","57","2675"
"SE190985","Phạm Gia Bảo","ojt.synthetic.se190985@example.com","K19","Công nghệ thông tin","Kỹ thuật phần mềm","BIT_SE_K19D_K20A","4","39",""
"SE190986","Huỳnh Quốc Bảo","ojt.synthetic.se190986@example.com","K19","Công nghệ thông tin","An toàn thông tin","BIT_IA_K19D-20A","4","45",""
"SE190987","Bùi Ngọc Linh","ojt.synthetic.se190987@example.com","K19","Công nghệ thông tin","Kỹ thuật phần mềm","BIT_SE_K19C","4","45",""
"SE190988","Nguyễn Ngọc Hân","ojt.synthetic.se190988@example.com","K19","Công nghệ thông tin","An toàn thông tin","BIT_IA_K19D-20A","4","45",""
"SE190989","Lê Hải Đăng","ojt.synthetic.se190989@example.com","K19","Công nghệ thông tin","Hệ thống thông tin","BIT_IS_K19C","4","45",""
"SE190990","Vũ Minh Anh","ojt.synthetic.se190990@example.com","K19","Công nghệ thông tin","Trí tuệ nhân tạo","BIT_AI_K19D-20A","4","45",""
"SE190991","Đỗ Khánh Vy","ojt.synthetic.se190991@example.com","K19","Công nghệ thông tin","Hệ thống thông tin","BIT_IS_K19D_K20A","4","45",""
"SE190992","Ngô Bảo Ngọc","ojt.synthetic.se190992@example.com","K19","Công nghệ thông tin","Hệ thống thông tin","BIT_IS_K19C","4","45",""
"SE190993","Đỗ Minh Khang","ojt.synthetic.se190993@example.com","K19","Công nghệ thông tin","Trí tuệ nhân tạo","BIT_AI_K18D-19A_FNO","5","60","1176"
"SE190994","Huỳnh Thanh Hà","ojt.synthetic.se190994@example.com","K19","Công nghệ thông tin","Kỹ thuật phần mềm","BIT_SE_K19C","4","45",""
"SE190995","Vũ Bảo Ngọc","ojt.synthetic.se190995@example.com","K19","Công nghệ thông tin","An toàn thông tin","BIT_IA_K19B_FNO","5","60","586"
"SE190996","Đặng Ngọc Linh","ojt.synthetic.se190996@example.com","K19","Công nghệ thông tin","Hệ thống thông tin","BIT_IS_K18D_19A","5","60","2641"
"SE190997","Nguyễn Thanh Hà","ojt.synthetic.se190997@example.com","K19","Công nghệ thông tin","An toàn thông tin","BIT_IA_K19B_FNO","5","60","586"
"SE190998","Phạm Quốc Bảo","ojt.synthetic.se190998@example.com","K19","Công nghệ thông tin","An toàn thông tin","BIT_IA_K18D-19A_FNO","5","57","586"
"SE190999","Lê Thu Trang","ojt.synthetic.se190999@example.com","K19","Công nghệ thông tin","Hệ thống thông tin","BIT_IS_K19C","4","45",""
"SE200000","Nguyễn Minh Quân","ojt.synthetic.se200000@example.com","K20","Công nghệ thông tin","An toàn thông tin","BIT_IA_K19D-20A","4","45",""
"SE200001","Vũ Quốc Bảo","ojt.synthetic.se200001@example.com","K20","Công nghệ thông tin","Trí tuệ nhân tạo","BIT_AI_K19D-20A","4","45",""
"SE200002","Phạm Thanh Tâm","ojt.synthetic.se200002@example.com","K20","Công nghệ thông tin","Trí tuệ nhân tạo","BIT_AI_K20C","3","27",""
"SE200003","Vũ Hải Nam","ojt.synthetic.se200003@example.com","K20","Công nghệ thông tin","Trí tuệ nhân tạo","BIT_AI_K20B_FNO","3","30",""
"SE200004","Phạm Gia Hân","ojt.synthetic.se200004@example.com","K20","Công nghệ thông tin","Hệ thống thông tin","BIT_IS_K19D_K20A","4","45",""
"SE200005","Huỳnh Minh Anh","ojt.synthetic.se200005@example.com","K20","Công nghệ thông tin","Hệ thống thông tin","BIT_IS_K20D-21A","2","15",""
"SE200006","Phạm Quốc Bảo","ojt.synthetic.se200006@example.com","K20","Công nghệ thông tin","Kỹ thuật phần mềm","BIT_SE_K20B","3","30",""
"SE200007","Hoàng Phương Thảo","ojt.synthetic.se200007@example.com","K20","Công nghệ thông tin","Kỹ thuật phần mềm","BIT_SE_K20C","3","30",""
"SE200008","Huỳnh Minh Quân","ojt.synthetic.se200008@example.com","K20","Công nghệ thông tin","Trí tuệ nhân tạo","BIT_AI_K20B_FNO","3","30",""
"SE200009","Trần Ngọc Mai","ojt.synthetic.se200009@example.com","K20","Công nghệ thông tin","Hệ thống thông tin","BIT_IS_K20C","3","30",""
"SE200010","Hoàng Bảo Ngọc","ojt.synthetic.se200010@example.com","K20","Công nghệ thông tin","An toàn thông tin","BIT_IA_K20C","3","27",""
"SE200011","Bùi Anh Tuấn","ojt.synthetic.se200011@example.com","K20","Công nghệ thông tin","Trí tuệ nhân tạo","BIT_AI_K20D-21A","2","9",""
"SE200012","Hoàng Anh Tuấn","ojt.synthetic.se200012@example.com","K20","Công nghệ thông tin","Kỹ thuật phần mềm","BIT_SE_K20B","3","30",""
"SE200013","Phạm Thanh Tâm","ojt.synthetic.se200013@example.com","K20","Công nghệ thông tin","Trí tuệ nhân tạo","BIT_AI_K20D-21A","2","15",""
"SE200014","Đỗ Ngọc Mai","ojt.synthetic.se200014@example.com","K20","Công nghệ thông tin","Hệ thống thông tin","BIT_IS_K20C","3","30",""
"SE200015","Lê Phương Thảo","ojt.synthetic.se200015@example.com","K20","Công nghệ thông tin","Hệ thống thông tin","BIT_IS_K19D_K20A","4","45",""
"SE200016","Huỳnh Gia Hân","ojt.synthetic.se200016@example.com","K20","Công nghệ thông tin","Kỹ thuật phần mềm","BIT_SE_K20C","3","30",""
"SE200017","Phan Anh Tuấn","ojt.synthetic.se200017@example.com","K20","Công nghệ thông tin","Kỹ thuật phần mềm","BIT_SE_K20D_K21A","2","12",""
"SE200018","Võ Thanh Tâm","ojt.synthetic.se200018@example.com","K20","Công nghệ thông tin","Kỹ thuật phần mềm","BIT_SE_K20D_K21A","2","15",""
"SE200019","Trần Hoàng Duy","ojt.synthetic.se200019@example.com","K20","Công nghệ thông tin","Kỹ thuật phần mềm","BIT_SE_K20D_K21A","2","12",""
"SE200020","Võ Hoàng Duy","ojt.synthetic.se200020@example.com","K20","Công nghệ thông tin","An toàn thông tin","BIT_IA_K20D-21A","2","15",""
"SE200021","Hoàng Trung Hiếu","ojt.synthetic.se200021@example.com","K20","Công nghệ thông tin","Hệ thống thông tin","BIT_IS_K19D_K20A","4","45",""
"SE200022","Bùi Đức Minh","ojt.synthetic.se200022@example.com","K20","Công nghệ thông tin","Trí tuệ nhân tạo","BIT_AI_K20D-21A","2","6",""
"SE200023","Phạm Minh Anh","ojt.synthetic.se200023@example.com","K20","Công nghệ thông tin","Trí tuệ nhân tạo","BIT_AI_K19D-20A","4","42",""
"SE200024","Vũ Minh Anh","ojt.synthetic.se200024@example.com","K20","Công nghệ thông tin","Trí tuệ nhân tạo","BIT_AI_K20B_FNO","3","30",""
"SE200025","Lê Đức Minh","ojt.synthetic.se200025@example.com","K20","Công nghệ thông tin","Kỹ thuật phần mềm","BIT_SE_K20C","3","30",""
"SE200026","Đỗ Gia Hân","ojt.synthetic.se200026@example.com","K20","Công nghệ thông tin","Trí tuệ nhân tạo","BIT_AI_K20D-21A","2","15",""
"SE200027","Võ Thanh Tâm","ojt.synthetic.se200027@example.com","K20","Công nghệ thông tin","Hệ thống thông tin","BIT_IS_K19D_K20A","4","39",""
"SE200028","Huỳnh Quang Huy","ojt.synthetic.se200028@example.com","K20","Công nghệ thông tin","Trí tuệ nhân tạo","BIT_AI_K20B","3","30",""
"SE200029","Phạm Gia Hân","ojt.synthetic.se200029@example.com","K20","Công nghệ thông tin","Trí tuệ nhân tạo","BIT_AI_K20C","3","21",""
"SE200030","Nguyễn Trung Hiếu","ojt.synthetic.se200030@example.com","K20","Công nghệ thông tin","Trí tuệ nhân tạo","BIT_AI_K20C","3","30",""
"SE200031","Nguyễn Minh Quân","ojt.synthetic.se200031@example.com","K20","Công nghệ thông tin","Hệ thống thông tin","BIT_IS_K19D_K20A","4","42",""
"SE200032","Hoàng Minh Quân","ojt.synthetic.se200032@example.com","K20","Công nghệ thông tin","Kỹ thuật phần mềm","BIT_SE_K20C","3","30",""
"SE200033","Nguyễn Khánh Linh","ojt.synthetic.se200033@example.com","K20","Công nghệ thông tin","An toàn thông tin","BIT_IA_K20B_FNO","3","27",""
"SE200034","Đặng Hoàng Duy","ojt.synthetic.se200034@example.com","K20","Công nghệ thông tin","Hệ thống thông tin","BIT_IS_K20D","2","15",""
"SE200035","Võ Tuấn Kiệt","ojt.synthetic.se200035@example.com","K20","Công nghệ thông tin","An toàn thông tin","BIT_IA_K20D-21A","2","15",""
"SE200036","Lê Bảo Ngọc","ojt.synthetic.se200036@example.com","K20","Công nghệ thông tin","An toàn thông tin","BIT_IA_K20C","3","30",""
"SE200037","Bùi Hoàng Duy","ojt.synthetic.se200037@example.com","K20","Công nghệ thông tin","Kỹ thuật phần mềm","BIT_SE_K19D_K20A","4","39",""
"SE200038","Võ Tuấn Kiệt","ojt.synthetic.se200038@example.com","K20","Công nghệ thông tin","Kỹ thuật phần mềm","BIT_SE_K20C","3","30",""
"SE200039","Nguyễn Ngọc Mai","ojt.synthetic.se200039@example.com","K20","Công nghệ thông tin","Trí tuệ nhân tạo","BIT_AI_K20D-21A","2","12",""
"SE200040","Lê Bảo Ngọc","ojt.synthetic.se200040@example.com","K20","Công nghệ thông tin","Kỹ thuật phần mềm","BIT_SE_K20D_K21A","2","12",""
"SE200041","Huỳnh Trung Hiếu","ojt.synthetic.se200041@example.com","K20","Công nghệ thông tin","Kỹ thuật phần mềm","BIT_SE_K20D_K21A","2","9",""
"SE200042","Võ Bảo Ngọc","ojt.synthetic.se200042@example.com","K20","Công nghệ thông tin","An toàn thông tin","BIT_IA_K20D-21A","2","15",""
"SE200043","Bùi Quang Huy","ojt.synthetic.se200043@example.com","K20","Công nghệ thông tin","Kỹ thuật phần mềm","BIT_SE_K20C","3","30",""
"SE200044","Phạm Ngọc Mai","ojt.synthetic.se200044@example.com","K20","Công nghệ thông tin","An toàn thông tin","BIT_IA_K20B","3","27",""
"SE200045","Hoàng Ngọc Mai","ojt.synthetic.se200045@example.com","K20","Công nghệ thông tin","Hệ thống thông tin","BIT_IS_K20B","3","27",""
"SE200046","Phan Phương Thảo","ojt.synthetic.se200046@example.com","K20","Công nghệ thông tin","An toàn thông tin","BIT_IA_K19D-20A","4","45",""
"SE200047","Nguyễn Hoàng Duy","ojt.synthetic.se200047@example.com","K20","Công nghệ thông tin","Kỹ thuật phần mềm","BIT_SE_K19D_K20A","4","45",""
"SE200048","Bùi Quốc Bảo","ojt.synthetic.se200048@example.com","K20","Công nghệ thông tin","Trí tuệ nhân tạo","BIT_AI_K20D-21A","2","12",""
"SE200049","Võ Khánh Linh","ojt.synthetic.se200049@example.com","K20","Công nghệ thông tin","An toàn thông tin","BIT_IA_K20C","3","27",""
"SE200050","Đỗ Trung Hiếu","ojt.synthetic.se200050@example.com","K20","Công nghệ thông tin","An toàn thông tin","BIT_IA_K20C","3","27",""
"SE200051","Trần Quang Huy","ojt.synthetic.se200051@example.com","K20","Công nghệ thông tin","Kỹ thuật phần mềm","BIT_SE_K20D_K21A","2","6",""
"SE200052","Lê Đức Minh","ojt.synthetic.se200052@example.com","K20","Công nghệ thông tin","Trí tuệ nhân tạo","BIT_AI_K20C","3","21",""
"SE200053","Hoàng Minh Anh","ojt.synthetic.se200053@example.com","K20","Công nghệ thông tin","Hệ thống thông tin","BIT_IS_K20B","3","27",""
"SE200054","Phạm Trung Hiếu","ojt.synthetic.se200054@example.com","K20","Công nghệ thông tin","Trí tuệ nhân tạo","BIT_AI_K20C","3","24",""
"SE200055","Huỳnh Thanh Tâm","ojt.synthetic.se200055@example.com","K20","Công nghệ thông tin","Kỹ thuật phần mềm","BIT_SE_K19D_K20A","4","39",""
"SE200056","Đỗ Khánh Linh","ojt.synthetic.se200056@example.com","K20","Công nghệ thông tin","An toàn thông tin","BIT_IA_K20B_FNO","3","30",""
"SE200057","Trần Bảo Ngọc","ojt.synthetic.se200057@example.com","K20","Công nghệ thông tin","Kỹ thuật phần mềm","BIT_SE_K19D_K20A","4","45",""
"SE200058","Vũ Gia Hân","ojt.synthetic.se200058@example.com","K20","Công nghệ thông tin","An toàn thông tin","BIT_IA_K19D-20A","4","45",""
"SE200059","Huỳnh Bảo Ngọc","ojt.synthetic.se200059@example.com","K20","Công nghệ thông tin","Kỹ thuật phần mềm","BIT_SE_K20B","3","30",""
"SE200060","Vũ Tuấn Kiệt","ojt.synthetic.se200060@example.com","K20","Công nghệ thông tin","Trí tuệ nhân tạo","BIT_AI_K19D-20A","4","42",""
"SE200061","Bùi Tuấn Kiệt","ojt.synthetic.se200061@example.com","K20","Công nghệ thông tin","Kỹ thuật phần mềm","BIT_SE_K20C","3","30",""
"SE200062","Trần Hoàng Duy","ojt.synthetic.se200062@example.com","K20","Công nghệ thông tin","Kỹ thuật phần mềm","BIT_SE_K20C","3","27",""
"SE200063","Trần Quốc Bảo","ojt.synthetic.se200063@example.com","K20","Công nghệ thông tin","Trí tuệ nhân tạo","BIT_AI_K20C","3","30",""
"SE200064","Phan Hoàng Duy","ojt.synthetic.se200064@example.com","K20","Công nghệ thông tin","An toàn thông tin","BIT_IA_K19D-20A","4","36",""
"SE200065","Huỳnh Anh Tuấn","ojt.synthetic.se200065@example.com","K20","Công nghệ thông tin","An toàn thông tin","BIT_IA_K20D-21A","2","15",""
"SE200066","Nguyễn Đức Minh","ojt.synthetic.se200066@example.com","K20","Công nghệ thông tin","Hệ thống thông tin","BIT_IS_K20D-21A","2","15",""
"SE200067","Bùi Anh Tuấn","ojt.synthetic.se200067@example.com","K20","Công nghệ thông tin","An toàn thông tin","BIT_IA_K19D-20A","4","45",""
"SE200068","Phan Quang Huy","ojt.synthetic.se200068@example.com","K20","Công nghệ thông tin","Hệ thống thông tin","BIT_IS_K19D_K20A","4","45",""
"SE200069","Huỳnh Bảo Ngọc","ojt.synthetic.se200069@example.com","K20","Công nghệ thông tin","Trí tuệ nhân tạo","BIT_AI_K19D-20A","4","42",""
"SE200070","Huỳnh Phương Thảo","ojt.synthetic.se200070@example.com","K20","Công nghệ thông tin","Trí tuệ nhân tạo","BIT_AI_K20D-21A","2","15",""
"SE200071","Võ Anh Tuấn","ojt.synthetic.se200071@example.com","K20","Công nghệ thông tin","An toàn thông tin","BIT_IA_K19D-20A","4","45",""
"SE200072","Lê Hải Nam","ojt.synthetic.se200072@example.com","K20","Công nghệ thông tin","Trí tuệ nhân tạo","BIT_AI_K20B_FNO","3","24",""
"SE200073","Trần Trung Hiếu","ojt.synthetic.se200073@example.com","K20","Công nghệ thông tin","An toàn thông tin","BIT_IA_K20C","3","30",""
"SE200074","Lê Ngọc Mai","ojt.synthetic.se200074@example.com","K20","Công nghệ thông tin","An toàn thông tin","BIT_IA_K20D-21A","2","9",""
"SE200075","Phan Bảo Ngọc","ojt.synthetic.se200075@example.com","K20","Công nghệ thông tin","Trí tuệ nhân tạo","BIT_AI_K20B","3","30",""
"SE200076","Huỳnh Quốc Bảo","ojt.synthetic.se200076@example.com","K20","Công nghệ thông tin","Trí tuệ nhân tạo","BIT_AI_K20D-21A","2","9",""
"SE200077","Huỳnh Hải Nam","ojt.synthetic.se200077@example.com","K20","Công nghệ thông tin","Trí tuệ nhân tạo","BIT_AI_K20C","3","27",""
"SE200078","Võ Phương Thảo","ojt.synthetic.se200078@example.com","K20","Công nghệ thông tin","Hệ thống thông tin","BIT_IS_K20C","3","24",""
"SE200079","Lê Trung Hiếu","ojt.synthetic.se200079@example.com","K20","Công nghệ thông tin","An toàn thông tin","BIT_IA_K20C","3","27",""
"SE200080","Bùi Thanh Tâm","ojt.synthetic.se200080@example.com","K20","Công nghệ thông tin","An toàn thông tin","BIT_IA_K20C","3","30",""
"SE200081","Huỳnh Thanh Tâm","ojt.synthetic.se200081@example.com","K20","Công nghệ thông tin","An toàn thông tin","BIT_IA_K20D-21A","2","15",""
"SE200082","Vũ Quang Huy","ojt.synthetic.se200082@example.com","K20","Công nghệ thông tin","Hệ thống thông tin","BIT_IS_K20D","2","15",""
"SE200083","Võ Trung Hiếu","ojt.synthetic.se200083@example.com","K20","Công nghệ thông tin","Kỹ thuật phần mềm","BIT_SE_K20B","3","30",""
"SE200084","Phan Ngọc Mai","ojt.synthetic.se200084@example.com","K20","Công nghệ thông tin","An toàn thông tin","BIT_IA_K20C","3","30",""
"SE200085","Đỗ Anh Tuấn","ojt.synthetic.se200085@example.com","K20","Công nghệ thông tin","Trí tuệ nhân tạo","BIT_AI_K19D-20A","4","45",""
"SE200086","Đặng Minh Anh","ojt.synthetic.se200086@example.com","K20","Công nghệ thông tin","An toàn thông tin","BIT_IA_K19D-20A","4","45",""
"SE200087","Hoàng Quốc Bảo","ojt.synthetic.se200087@example.com","K20","Công nghệ thông tin","An toàn thông tin","BIT_IA_K20C","3","30",""
"SE200088","Trần Tuấn Kiệt","ojt.synthetic.se200088@example.com","K20","Công nghệ thông tin","Hệ thống thông tin","BIT_IS_K19D_K20A","4","42",""
"SE200089","Võ Minh Anh","ojt.synthetic.se200089@example.com","K20","Công nghệ thông tin","Hệ thống thông tin","BIT_IS_K19D_K20A","4","39",""
"SE200090","Đặng Ngọc Mai","ojt.synthetic.se200090@example.com","K20","Công nghệ thông tin","An toàn thông tin","BIT_IA_K20C","3","30",""
"SE200091","Lê Gia Hân","ojt.synthetic.se200091@example.com","K20","Công nghệ thông tin","Trí tuệ nhân tạo","BIT_AI_K20D-21A","2","15",""
"SE200092","Bùi Anh Tuấn","ojt.synthetic.se200092@example.com","K20","Công nghệ thông tin","Kỹ thuật phần mềm","BIT_SE_K20D_K21A","2","9",""
"SE200093","Bùi Ngọc Mai","ojt.synthetic.se200093@example.com","K20","Công nghệ thông tin","Kỹ thuật phần mềm","BIT_SE_K19D_K20A","4","42",""
"SE200094","Bùi Anh Tuấn","ojt.synthetic.se200094@example.com","K20","Công nghệ thông tin","Trí tuệ nhân tạo","BIT_AI_K19D-20A","4","45",""
"SE200095","Lê Ngọc Mai","ojt.synthetic.se200095@example.com","K20","Công nghệ thông tin","An toàn thông tin","BIT_IA_K20D-21A","2","12",""
"SE200096","Đỗ Anh Tuấn","ojt.synthetic.se200096@example.com","K20","Công nghệ thông tin","Hệ thống thông tin","BIT_IS_K20B","3","30",""
"SE200097","Huỳnh Hải Nam","ojt.synthetic.se200097@example.com","K20","Công nghệ thông tin","Kỹ thuật phần mềm","BIT_SE_K20B","3","30",""
"SE200098","Đặng Bảo Ngọc","ojt.synthetic.se200098@example.com","K20","Công nghệ thông tin","Kỹ thuật phần mềm","BIT_SE_K20C","3","30",""
"SE200099","Trần Khánh Linh","ojt.synthetic.se200099@example.com","K20","Công nghệ thông tin","An toàn thông tin","BIT_IA_K19D-20A","4","45",""
"SE200100","Trần Ngọc Mai","ojt.synthetic.se200100@example.com","K20","Công nghệ thông tin","Trí tuệ nhân tạo","BIT_AI_K19D-20A","4","39",""
"SE200101","Phan Tuấn Kiệt","ojt.synthetic.se200101@example.com","K20","Công nghệ thông tin","Trí tuệ nhân tạo","BIT_AI_K20B","3","30",""
"SE200102","Trần Khánh Linh","ojt.synthetic.se200102@example.com","K20","Công nghệ thông tin","An toàn thông tin","BIT_IA_K20D-21A","2","15",""
"SE200103","Phan Quốc Bảo","ojt.synthetic.se200103@example.com","K20","Công nghệ thông tin","Trí tuệ nhân tạo","BIT_AI_K19D-20A","4","45",""
"SE200104","Phan Ngọc Mai","ojt.synthetic.se200104@example.com","K20","Công nghệ thông tin","An toàn thông tin","BIT_IA_K19D-20A","4","45",""
"SE200105","Vũ Hải Nam","ojt.synthetic.se200105@example.com","K20","Công nghệ thông tin","Kỹ thuật phần mềm","BIT_SE_K20D_K21A","2","9",""
"SE200106","Vũ Tuấn Kiệt","ojt.synthetic.se200106@example.com","K20","Công nghệ thông tin","Hệ thống thông tin","BIT_IS_K20B","3","30",""
"SE200107","Võ Phương Thảo","ojt.synthetic.se200107@example.com","K20","Công nghệ thông tin","Trí tuệ nhân tạo","BIT_AI_K20B_FNO","3","27",""
"SE200108","Bùi Trung Hiếu","ojt.synthetic.se200108@example.com","K20","Công nghệ thông tin","An toàn thông tin","BIT_IA_K20B","3","24",""
"SE200109","Đỗ Hải Nam","ojt.synthetic.se200109@example.com","K20","Công nghệ thông tin","Kỹ thuật phần mềm","BIT_SE_K19D_K20A","4","45",""
"SE200110","Nguyễn Anh Tuấn","ojt.synthetic.se200110@example.com","K20","Công nghệ thông tin","Trí tuệ nhân tạo","BIT_AI_K20C","3","27",""
"SE200111","Vũ Phương Thảo","ojt.synthetic.se200111@example.com","K20","Công nghệ thông tin","Trí tuệ nhân tạo","BIT_AI_K20D-21A","2","15",""
"SE200112","Đỗ Khánh Linh","ojt.synthetic.se200112@example.com","K20","Công nghệ thông tin","Kỹ thuật phần mềm","BIT_SE_K20C","3","27",""
"SE200113","Huỳnh Quốc Bảo","ojt.synthetic.se200113@example.com","K20","Công nghệ thông tin","Trí tuệ nhân tạo","BIT_AI_K19D-20A","4","45",""
"SE200114","Bùi Đức Minh","ojt.synthetic.se200114@example.com","K20","Công nghệ thông tin","Hệ thống thông tin","BIT_IS_K20D-21A","2","15",""
"SE200115","Nguyễn Ngọc Mai","ojt.synthetic.se200115@example.com","K20","Công nghệ thông tin","Kỹ thuật phần mềm","BIT_SE_K20C","3","30",""
"SE200116","Trần Hoàng Duy","ojt.synthetic.se200116@example.com","K20","Công nghệ thông tin","Hệ thống thông tin","BIT_IS_K19D_K20A","4","45",""
"SE200117","Lê Bảo Ngọc","ojt.synthetic.se200117@example.com","K20","Công nghệ thông tin","Kỹ thuật phần mềm","BIT_SE_K20B","3","27",""
"SE200118","Phan Khánh Linh","ojt.synthetic.se200118@example.com","K20","Công nghệ thông tin","An toàn thông tin","BIT_IA_K20B_FNO","3","30",""
"SE200119","Huỳnh Thanh Tâm","ojt.synthetic.se200119@example.com","K20","Công nghệ thông tin","Kỹ thuật phần mềm","BIT_SE_K20C","3","27",""
"SE200120","Đỗ Hoàng Duy","ojt.synthetic.se200120@example.com","K20","Công nghệ thông tin","An toàn thông tin","BIT_IA_K20D-21A","2","9",""
"SE200121","Đỗ Minh Quân","ojt.synthetic.se200121@example.com","K20","Công nghệ thông tin","Kỹ thuật phần mềm","BIT_SE_K20B","3","30",""
"SE200122","Vũ Ngọc Mai","ojt.synthetic.se200122@example.com","K20","Công nghệ thông tin","An toàn thông tin","BIT_IA_K20D-21A","2","15",""
"SE200123","Lê Anh Tuấn","ojt.synthetic.se200123@example.com","K20","Công nghệ thông tin","Kỹ thuật phần mềm","BIT_SE_K20B","3","30",""
"SE200124","Vũ Gia Hân","ojt.synthetic.se200124@example.com","K20","Công nghệ thông tin","Trí tuệ nhân tạo","BIT_AI_K19D-20A","4","39",""
"SE200125","Phan Quang Huy","ojt.synthetic.se200125@example.com","K20","Công nghệ thông tin","Trí tuệ nhân tạo","BIT_AI_K20D-21A","2","12",""
"SE200126","Võ Phương Thảo","ojt.synthetic.se200126@example.com","K20","Công nghệ thông tin","Trí tuệ nhân tạo","BIT_AI_K20C","3","27",""
"SE200127","Bùi Quang Huy","ojt.synthetic.se200127@example.com","K20","Công nghệ thông tin","Hệ thống thông tin","BIT_IS_K20B","3","27",""
"SE200128","Võ Phương Thảo","ojt.synthetic.se200128@example.com","K20","Công nghệ thông tin","Kỹ thuật phần mềm","BIT_SE_K20D_K21A","2","15",""
"SE200129","Nguyễn Quốc Bảo","ojt.synthetic.se200129@example.com","K20","Công nghệ thông tin","Hệ thống thông tin","BIT_IS_K20D-21A","2","6",""
"SE200130","Đặng Hải Nam","ojt.synthetic.se200130@example.com","K20","Công nghệ thông tin","Trí tuệ nhân tạo","BIT_AI_K20D-21A","2","6",""
"SE200131","Trần Hải Nam","ojt.synthetic.se200131@example.com","K20","Công nghệ thông tin","Kỹ thuật phần mềm","BIT_SE_K20C","3","30",""
"SE200132","Vũ Ngọc Mai","ojt.synthetic.se200132@example.com","K20","Công nghệ thông tin","Hệ thống thông tin","BIT_IS_K19D_K20A","4","42",""
"SE200133","Phạm Hải Nam","ojt.synthetic.se200133@example.com","K20","Công nghệ thông tin","An toàn thông tin","BIT_IA_K20C","3","24",""
"SE200134","Hoàng Quang Huy","ojt.synthetic.se200134@example.com","K20","Công nghệ thông tin","Trí tuệ nhân tạo","BIT_AI_K19D-20A","4","45",""
"SE200135","Đỗ Thanh Tâm","ojt.synthetic.se200135@example.com","K20","Công nghệ thông tin","Hệ thống thông tin","BIT_IS_K20C","3","27",""
"SE200136","Phan Tuấn Kiệt","ojt.synthetic.se200136@example.com","K20","Công nghệ thông tin","Trí tuệ nhân tạo","BIT_AI_K19D-20A","4","45",""
"SE200137","Đặng Phương Thảo","ojt.synthetic.se200137@example.com","K20","Công nghệ thông tin","An toàn thông tin","BIT_IA_K20C","3","27",""
"SE200138","Phạm Minh Anh","ojt.synthetic.se200138@example.com","K20","Công nghệ thông tin","Hệ thống thông tin","BIT_IS_K20D","2","15",""
"SE200139","Phan Trung Hiếu","ojt.synthetic.se200139@example.com","K20","Công nghệ thông tin","Kỹ thuật phần mềm","BIT_SE_K19D_K20A","4","42",""
"SE200140","Trần Minh Quân","ojt.synthetic.se200140@example.com","K20","Công nghệ thông tin","An toàn thông tin","BIT_IA_K19D-20A","4","45",""
"SE200141","Đặng Đức Minh","ojt.synthetic.se200141@example.com","K20","Công nghệ thông tin","Kỹ thuật phần mềm","BIT_SE_K20B","3","30",""
"SE200142","Hoàng Hải Nam","ojt.synthetic.se200142@example.com","K20","Công nghệ thông tin","An toàn thông tin","BIT_IA_K20B","3","27",""
"SE200143","Bùi Ngọc Mai","ojt.synthetic.se200143@example.com","K20","Công nghệ thông tin","An toàn thông tin","BIT_IA_K20D-21A","2","9",""
"SE200144","Phan Đức Minh","ojt.synthetic.se200144@example.com","K20","Công nghệ thông tin","Kỹ thuật phần mềm","BIT_SE_K19D_K20A","4","45",""
"SE200145","Hoàng Hải Nam","ojt.synthetic.se200145@example.com","K20","Công nghệ thông tin","Trí tuệ nhân tạo","BIT_AI_K20C","3","24",""
"SE200146","Đỗ Anh Tuấn","ojt.synthetic.se200146@example.com","K20","Công nghệ thông tin","Trí tuệ nhân tạo","BIT_AI_K19D-20A","4","39",""
"SE200147","Bùi Hải Nam","ojt.synthetic.se200147@example.com","K20","Công nghệ thông tin","Trí tuệ nhân tạo","BIT_AI_K20C","3","30",""
"SE200148","Bùi Minh Anh","ojt.synthetic.se200148@example.com","K20","Công nghệ thông tin","Hệ thống thông tin","BIT_IS_K20D","2","15",""
"SE200149","Đặng Quang Huy","ojt.synthetic.se200149@example.com","K20","Công nghệ thông tin","Hệ thống thông tin","BIT_IS_K19D_K20A","4","45",""
"SE200150","Võ Quốc Bảo","ojt.synthetic.se200150@example.com","K20","Công nghệ thông tin","Hệ thống thông tin","BIT_IS_K19D_K20A","4","42",""
"SE200151","Đỗ Hoàng Duy","ojt.synthetic.se200151@example.com","K20","Công nghệ thông tin","Hệ thống thông tin","BIT_IS_K20B","3","27",""
"SE200152","Lê Thanh Tâm","ojt.synthetic.se200152@example.com","K20","Công nghệ thông tin","Hệ thống thông tin","BIT_IS_K19D_K20A","4","45",""
"SE200153","Trần Bảo Ngọc","ojt.synthetic.se200153@example.com","K20","Công nghệ thông tin","Kỹ thuật phần mềm","BIT_SE_K20C","3","30",""
"SE200154","Vũ Thanh Tâm","ojt.synthetic.se200154@example.com","K20","Công nghệ thông tin","Kỹ thuật phần mềm","BIT_SE_K20B","3","30",""
"SE200155","Phan Gia Hân","ojt.synthetic.se200155@example.com","K20","Công nghệ thông tin","Trí tuệ nhân tạo","BIT_AI_K19D-20A","4","39",""
"SE200156","Phan Ngọc Mai","ojt.synthetic.se200156@example.com","K20","Công nghệ thông tin","Hệ thống thông tin","BIT_IS_K19D_K20A","4","39",""
"SE200157","Phạm Minh Quân","ojt.synthetic.se200157@example.com","K20","Công nghệ thông tin","Hệ thống thông tin","BIT_IS_K20B","3","30",""
"SE200158","Võ Gia Hân","ojt.synthetic.se200158@example.com","K20","Công nghệ thông tin","Kỹ thuật phần mềm","BIT_SE_K20C","3","30",""
"SE200159","Võ Ngọc Mai","ojt.synthetic.se200159@example.com","K20","Công nghệ thông tin","Kỹ thuật phần mềm","BIT_SE_K19D_K20A","4","45",""
"SE200160","Vũ Thanh Tâm","ojt.synthetic.se200160@example.com","K20","Công nghệ thông tin","Hệ thống thông tin","BIT_IS_K20D","2","15",""
"SE200161","Lê Hoàng Duy","ojt.synthetic.se200161@example.com","K20","Công nghệ thông tin","Hệ thống thông tin","BIT_IS_K20B","3","24",""
"SE200162","Hoàng Minh Quân","ojt.synthetic.se200162@example.com","K20","Công nghệ thông tin","Trí tuệ nhân tạo","BIT_AI_K20B","3","30",""
"SE200163","Huỳnh Hoàng Duy","ojt.synthetic.se200163@example.com","K20","Công nghệ thông tin","An toàn thông tin","BIT_IA_K20D-21A","2","15",""
"SE200164","Phan Phương Thảo","ojt.synthetic.se200164@example.com","K20","Công nghệ thông tin","Hệ thống thông tin","BIT_IS_K19D_K20A","4","45",""
"SE200165","Đỗ Trung Hiếu","ojt.synthetic.se200165@example.com","K20","Công nghệ thông tin","Hệ thống thông tin","BIT_IS_K20D","2","6",""
"SE200166","Nguyễn Khánh Linh","ojt.synthetic.se200166@example.com","K20","Công nghệ thông tin","An toàn thông tin","BIT_IA_K19D-20A","4","45",""
"SE200167","Phạm Gia Hân","ojt.synthetic.se200167@example.com","K20","Công nghệ thông tin","Trí tuệ nhân tạo","BIT_AI_K20D-21A","2","12",""
"SE200168","Đỗ Đức Minh","ojt.synthetic.se200168@example.com","K20","Công nghệ thông tin","Hệ thống thông tin","BIT_IS_K20C","3","27",""
"SE200169","Nguyễn Trung Hiếu","ojt.synthetic.se200169@example.com","K20","Công nghệ thông tin","Hệ thống thông tin","BIT_IS_K20C","3","21",""
"SE200170","Võ Hải Nam","ojt.synthetic.se200170@example.com","K20","Công nghệ thông tin","Trí tuệ nhân tạo","BIT_AI_K19D-20A","4","42",""
"SE200171","Nguyễn Bảo Ngọc","ojt.synthetic.se200171@example.com","K20","Công nghệ thông tin","Trí tuệ nhân tạo","BIT_AI_K19D-20A","4","45",""
"SE200172","Huỳnh Khánh Linh","ojt.synthetic.se200172@example.com","K20","Công nghệ thông tin","Hệ thống thông tin","BIT_IS_K20D-21A","2","15",""
"SE200173","Phạm Hoàng Duy","ojt.synthetic.se200173@example.com","K20","Công nghệ thông tin","Kỹ thuật phần mềm","BIT_SE_K19D_K20A","4","45",""
"SE200174","Trần Minh Anh","ojt.synthetic.se200174@example.com","K20","Công nghệ thông tin","Hệ thống thông tin","BIT_IS_K20D-21A","2","9",""
"SE200175","Võ Anh Tuấn","ojt.synthetic.se200175@example.com","K20","Công nghệ thông tin","Kỹ thuật phần mềm","BIT_SE_K20D_K21A","2","15",""
"SE200176","Hoàng Phương Thảo","ojt.synthetic.se200176@example.com","K20","Công nghệ thông tin","Kỹ thuật phần mềm","BIT_SE_K20B","3","30",""
"SE200177","Hoàng Anh Tuấn","ojt.synthetic.se200177@example.com","K20","Công nghệ thông tin","Kỹ thuật phần mềm","BIT_SE_K20C","3","27",""
"SE200178","Vũ Khánh Linh","ojt.synthetic.se200178@example.com","K20","Công nghệ thông tin","Hệ thống thông tin","BIT_IS_K20C","3","30",""
"SE200179","Đặng Trung Hiếu","ojt.synthetic.se200179@example.com","K20","Công nghệ thông tin","An toàn thông tin","BIT_IA_K19D-20A","4","45",""
"SE200180","Phạm Trung Hiếu","ojt.synthetic.se200180@example.com","K20","Công nghệ thông tin","Kỹ thuật phần mềm","BIT_SE_K20B","3","30",""
"SE200181","Phạm Phương Thảo","ojt.synthetic.se200181@example.com","K20","Công nghệ thông tin","Trí tuệ nhân tạo","BIT_AI_K20B_FNO","3","30",""
"SE200182","Nguyễn Bảo Ngọc","ojt.synthetic.se200182@example.com","K20","Công nghệ thông tin","An toàn thông tin","BIT_IA_K20B","3","30",""
"SE200183","Phạm Đức Minh","ojt.synthetic.se200183@example.com","K20","Công nghệ thông tin","Kỹ thuật phần mềm","BIT_SE_K20D_K21A","2","12",""
"SE200184","Phạm Anh Tuấn","ojt.synthetic.se200184@example.com","K20","Công nghệ thông tin","Kỹ thuật phần mềm","BIT_SE_K20B","3","30",""
"SE200185","Lê Quốc Bảo","ojt.synthetic.se200185@example.com","K20","Công nghệ thông tin","Trí tuệ nhân tạo","BIT_AI_K19D-20A","4","39",""
"SE200186","Lê Trung Hiếu","ojt.synthetic.se200186@example.com","K20","Công nghệ thông tin","Hệ thống thông tin","BIT_IS_K20B","3","30",""
"SE200187","Vũ Thanh Tâm","ojt.synthetic.se200187@example.com","K20","Công nghệ thông tin","Hệ thống thông tin","BIT_IS_K20B","3","21",""
"SE200188","Đỗ Khánh Linh","ojt.synthetic.se200188@example.com","K20","Công nghệ thông tin","Hệ thống thông tin","BIT_IS_K19D_K20A","4","42",""
"SE200189","Lê Đức Minh","ojt.synthetic.se200189@example.com","K20","Công nghệ thông tin","Trí tuệ nhân tạo","BIT_AI_K20D-21A","2","15",""
"SE200190","Phan Anh Tuấn","ojt.synthetic.se200190@example.com","K20","Công nghệ thông tin","An toàn thông tin","BIT_IA_K19D-20A","4","45",""
"SE200191","Võ Tuấn Kiệt","ojt.synthetic.se200191@example.com","K20","Công nghệ thông tin","Hệ thống thông tin","BIT_IS_K19D_K20A","4","42",""
"SE200192","Hoàng Quang Huy","ojt.synthetic.se200192@example.com","K20","Công nghệ thông tin","An toàn thông tin","BIT_IA_K20D-21A","2","15",""
"SE200193","Đỗ Minh Quân","ojt.synthetic.se200193@example.com","K20","Công nghệ thông tin","An toàn thông tin","BIT_IA_K20B","3","30",""
"SE200194","Vũ Quốc Bảo","ojt.synthetic.se200194@example.com","K20","Công nghệ thông tin","Trí tuệ nhân tạo","BIT_AI_K20B_FNO","3","30",""
"SE200195","Nguyễn Minh Anh","ojt.synthetic.se200195@example.com","K20","Công nghệ thông tin","An toàn thông tin","BIT_IA_K20B_FNO","3","30",""
"SE200196","Hoàng Hải Nam","ojt.synthetic.se200196@example.com","K20","Công nghệ thông tin","Kỹ thuật phần mềm","BIT_SE_K20C","3","27",""
"SE200197","Lê Minh Quân","ojt.synthetic.se200197@example.com","K20","Công nghệ thông tin","Hệ thống thông tin","BIT_IS_K20C","3","27",""
"SE200198","Trần Thanh Tâm","ojt.synthetic.se200198@example.com","K20","Công nghệ thông tin","Kỹ thuật phần mềm","BIT_SE_K20D_K21A","2","15",""
"SE200199","Đặng Khánh Linh","ojt.synthetic.se200199@example.com","K20","Công nghệ thông tin","Hệ thống thông tin","BIT_IS_K20D","2","15",""
"SE200200","Nguyễn Quang Huy","ojt.synthetic.se200200@example.com","K20","Công nghệ thông tin","An toàn thông tin","BIT_IA_K20C","3","24",""
"SE200201","Đỗ Phương Thảo","ojt.synthetic.se200201@example.com","K20","Công nghệ thông tin","Kỹ thuật phần mềm","BIT_SE_K20C","3","27",""
"SE200202","Bùi Minh Quân","ojt.synthetic.se200202@example.com","K20","Công nghệ thông tin","Trí tuệ nhân tạo","BIT_AI_K20D-21A","2","6",""
"SE200203","Phạm Quang Huy","ojt.synthetic.se200203@example.com","K20","Công nghệ thông tin","Kỹ thuật phần mềm","BIT_SE_K19D_K20A","4","45",""
"SE200204","Bùi Hoàng Duy","ojt.synthetic.se200204@example.com","K20","Công nghệ thông tin","An toàn thông tin","BIT_IA_K20D-21A","2","15",""
"SE200205","Huỳnh Minh Anh","ojt.synthetic.se200205@example.com","K20","Công nghệ thông tin","An toàn thông tin","BIT_IA_K20C","3","30",""
"SE200206","Trần Tuấn Kiệt","ojt.synthetic.se200206@example.com","K20","Công nghệ thông tin","Hệ thống thông tin","BIT_IS_K19D_K20A","4","39",""
"SE200207","Võ Ngọc Mai","ojt.synthetic.se200207@example.com","K20","Công nghệ thông tin","An toàn thông tin","BIT_IA_K20D-21A","2","15",""
"SE200208","Nguyễn Trung Hiếu","ojt.synthetic.se200208@example.com","K20","Công nghệ thông tin","Kỹ thuật phần mềm","BIT_SE_K20D_K21A","2","15",""
"SE200209","Nguyễn Minh Quân","ojt.synthetic.se200209@example.com","K20","Công nghệ thông tin","Hệ thống thông tin","BIT_IS_K20D","2","15",""
"SE200210","Phạm Bảo Ngọc","ojt.synthetic.se200210@example.com","K20","Công nghệ thông tin","Kỹ thuật phần mềm","BIT_SE_K19D_K20A","4","45",""
"SE200211","Bùi Tuấn Kiệt","ojt.synthetic.se200211@example.com","K20","Công nghệ thông tin","Trí tuệ nhân tạo","BIT_AI_K19D-20A","4","42",""
"SE200212","Nguyễn Thanh Tâm","ojt.synthetic.se200212@example.com","K20","Công nghệ thông tin","Trí tuệ nhân tạo","BIT_AI_K20B","3","27",""
"SE200213","Vũ Hoàng Duy","ojt.synthetic.se200213@example.com","K20","Công nghệ thông tin","Kỹ thuật phần mềm","BIT_SE_K20C","3","30",""
"SE200214","Phạm Quốc Bảo","ojt.synthetic.se200214@example.com","K20","Công nghệ thông tin","An toàn thông tin","BIT_IA_K19D-20A","4","42",""
"SE200215","Đỗ Khánh Linh","ojt.synthetic.se200215@example.com","K20","Công nghệ thông tin","Hệ thống thông tin","BIT_IS_K20C","3","30",""
"SE200216","Hoàng Thanh Tâm","ojt.synthetic.se200216@example.com","K20","Công nghệ thông tin","Kỹ thuật phần mềm","BIT_SE_K20D_K21A","2","15",""
"SE200217","Nguyễn Minh Quân","ojt.synthetic.se200217@example.com","K20","Công nghệ thông tin","Trí tuệ nhân tạo","BIT_AI_K20C","3","30",""
"SE200218","Trần Trung Hiếu","ojt.synthetic.se200218@example.com","K20","Công nghệ thông tin","An toàn thông tin","BIT_IA_K20C","3","30",""
"SE200219","Lê Tuấn Kiệt","ojt.synthetic.se200219@example.com","K20","Công nghệ thông tin","An toàn thông tin","BIT_IA_K19D-20A","4","45",""
"SE200220","Phan Phương Thảo","ojt.synthetic.se200220@example.com","K20","Công nghệ thông tin","Hệ thống thông tin","BIT_IS_K20D","2","12",""
"SE200221","Hoàng Tuấn Kiệt","ojt.synthetic.se200221@example.com","K20","Công nghệ thông tin","Kỹ thuật phần mềm","BIT_SE_K20D_K21A","2","15",""
"SE200222","Đặng Quốc Bảo","ojt.synthetic.se200222@example.com","K20","Công nghệ thông tin","Trí tuệ nhân tạo","BIT_AI_K20D-21A","2","15",""
"SE200223","Bùi Đức Minh","ojt.synthetic.se200223@example.com","K20","Công nghệ thông tin","Hệ thống thông tin","BIT_IS_K20C","3","30",""
"SE200224","Lê Bảo Ngọc","ojt.synthetic.se200224@example.com","K20","Công nghệ thông tin","Trí tuệ nhân tạo","BIT_AI_K19D-20A","4","45",""
"SE200225","Bùi Hải Nam","ojt.synthetic.se200225@example.com","K20","Công nghệ thông tin","An toàn thông tin","BIT_IA_K19D-20A","4","45",""
"SE200226","Hoàng Quốc Bảo","ojt.synthetic.se200226@example.com","K20","Công nghệ thông tin","Trí tuệ nhân tạo","BIT_AI_K20B","3","30",""
"SE200227","Võ Thanh Tâm","ojt.synthetic.se200227@example.com","K20","Công nghệ thông tin","Kỹ thuật phần mềm","BIT_SE_K20B","3","30",""
"SE200228","Đặng Trung Hiếu","ojt.synthetic.se200228@example.com","K20","Công nghệ thông tin","Trí tuệ nhân tạo","BIT_AI_K20D-21A","2","6",""
"SE200229","Nguyễn Anh Tuấn","ojt.synthetic.se200229@example.com","K20","Công nghệ thông tin","Hệ thống thông tin","BIT_IS_K20D-21A","2","15",""
"SE200230","Bùi Phương Thảo","ojt.synthetic.se200230@example.com","K20","Công nghệ thông tin","Hệ thống thông tin","BIT_IS_K20B","3","30",""
"SE200231","Bùi Quốc Bảo","ojt.synthetic.se200231@example.com","K20","Công nghệ thông tin","Kỹ thuật phần mềm","BIT_SE_K20D_K21A","2","15",""
"SE200232","Huỳnh Ngọc Mai","ojt.synthetic.se200232@example.com","K20","Công nghệ thông tin","Hệ thống thông tin","BIT_IS_K19D_K20A","4","45",""
"SE200233","Phạm Quốc Bảo","ojt.synthetic.se200233@example.com","K20","Công nghệ thông tin","An toàn thông tin","BIT_IA_K20D-21A","2","12",""
"SE200234","Lê Hải Nam","ojt.synthetic.se200234@example.com","K20","Công nghệ thông tin","An toàn thông tin","BIT_IA_K19D-20A","4","45",""
"SE200235","Lê Quang Huy","ojt.synthetic.se200235@example.com","K20","Công nghệ thông tin","Hệ thống thông tin","BIT_IS_K20B","3","27",""
"SE200236","Vũ Trung Hiếu","ojt.synthetic.se200236@example.com","K20","Công nghệ thông tin","Kỹ thuật phần mềm","BIT_SE_K20B","3","30",""
"SE200237","Trần Ngọc Mai","ojt.synthetic.se200237@example.com","K20","Công nghệ thông tin","An toàn thông tin","BIT_IA_K20B","3","30",""
"SE200238","Phan Quang Huy","ojt.synthetic.se200238@example.com","K20","Công nghệ thông tin","Hệ thống thông tin","BIT_IS_K20C","3","30",""
"SE200239","Trần Minh Quân","ojt.synthetic.se200239@example.com","K20","Công nghệ thông tin","An toàn thông tin","BIT_IA_K20D-21A","2","15",""
"SE200240","Hoàng Phương Thảo","ojt.synthetic.se200240@example.com","K20","Công nghệ thông tin","Hệ thống thông tin","BIT_IS_K20D-21A","2","12",""
"SE200241","Phan Minh Anh","ojt.synthetic.se200241@example.com","K20","Công nghệ thông tin","An toàn thông tin","BIT_IA_K20D-21A","2","12",""
"SE200242","Võ Khánh Linh","ojt.synthetic.se200242@example.com","K20","Công nghệ thông tin","An toàn thông tin","BIT_IA_K20C","3","27",""
"SE200243","Hoàng Đức Minh","ojt.synthetic.se200243@example.com","K20","Công nghệ thông tin","Kỹ thuật phần mềm","BIT_SE_K19D_K20A","4","45",""
"SE200244","Võ Minh Anh","ojt.synthetic.se200244@example.com","K20","Công nghệ thông tin","An toàn thông tin","BIT_IA_K20B","3","30",""
"SE200245","Võ Bảo Ngọc","ojt.synthetic.se200245@example.com","K20","Công nghệ thông tin","Trí tuệ nhân tạo","BIT_AI_K20D-21A","2","15",""
"SE200246","Vũ Minh Quân","ojt.synthetic.se200246@example.com","K20","Công nghệ thông tin","Kỹ thuật phần mềm","BIT_SE_K20B","3","30",""
"SE200247","Bùi Đức Minh","ojt.synthetic.se200247@example.com","K20","Công nghệ thông tin","Hệ thống thông tin","BIT_IS_K20C","3","30",""
"SE200248","Bùi Anh Tuấn","ojt.synthetic.se200248@example.com","K20","Công nghệ thông tin","Hệ thống thông tin","BIT_IS_K20C","3","30",""
"SE200249","Bùi Khánh Linh","ojt.synthetic.se200249@example.com","K20","Công nghệ thông tin","Kỹ thuật phần mềm","BIT_SE_K20B","3","27",""
"SE200250","Lê Trung Hiếu","ojt.synthetic.se200250@example.com","K20","Công nghệ thông tin","Kỹ thuật phần mềm","BIT_SE_K20C","3","27",""
"SE200251","Hoàng Tuấn Kiệt","ojt.synthetic.se200251@example.com","K20","Công nghệ thông tin","Kỹ thuật phần mềm","BIT_SE_K20D_K21A","2","15",""
"SE200252","Bùi Thanh Tâm","ojt.synthetic.se200252@example.com","K20","Công nghệ thông tin","Trí tuệ nhân tạo","BIT_AI_K19D-20A","4","45",""
"SE200253","Vũ Bảo Ngọc","ojt.synthetic.se200253@example.com","K20","Công nghệ thông tin","Trí tuệ nhân tạo","BIT_AI_K19D-20A","4","39",""
"SE200254","Vũ Gia Hân","ojt.synthetic.se200254@example.com","K20","Công nghệ thông tin","Kỹ thuật phần mềm","BIT_SE_K20D_K21A","2","12",""
"SE200255","Lê Đức Minh","ojt.synthetic.se200255@example.com","K20","Công nghệ thông tin","An toàn thông tin","BIT_IA_K19D-20A","4","45",""
"SE200256","Bùi Phương Thảo","ojt.synthetic.se200256@example.com","K20","Công nghệ thông tin","Hệ thống thông tin","BIT_IS_K20B","3","27",""
"SE200257","Đỗ Hải Nam","ojt.synthetic.se200257@example.com","K20","Công nghệ thông tin","Hệ thống thông tin","BIT_IS_K19D_K20A","4","39",""
"SE200258","Phạm Bảo Ngọc","ojt.synthetic.se200258@example.com","K20","Công nghệ thông tin","Kỹ thuật phần mềm","BIT_SE_K19D_K20A","4","42",""
"SE200259","Bùi Thanh Tâm","ojt.synthetic.se200259@example.com","K20","Công nghệ thông tin","An toàn thông tin","BIT_IA_K19D-20A","4","36",""
"SE200260","Võ Quang Huy","ojt.synthetic.se200260@example.com","K20","Công nghệ thông tin","Trí tuệ nhân tạo","BIT_AI_K20D-21A","2","9",""
"SE200261","Trần Hoàng Duy","ojt.synthetic.se200261@example.com","K20","Công nghệ thông tin","Trí tuệ nhân tạo","BIT_AI_K20D-21A","2","15",""
"SE200262","Phạm Khánh Linh","ojt.synthetic.se200262@example.com","K20","Công nghệ thông tin","An toàn thông tin","BIT_IA_K20D-21A","2","15",""
"SE200263","Vũ Quang Huy","ojt.synthetic.se200263@example.com","K20","Công nghệ thông tin","An toàn thông tin","BIT_IA_K19D-20A","4","45",""
"SE200264","Võ Minh Anh","ojt.synthetic.se200264@example.com","K20","Công nghệ thông tin","Kỹ thuật phần mềm","BIT_SE_K20B","3","27",""
"SE200265","Đỗ Hoàng Duy","ojt.synthetic.se200265@example.com","K20","Công nghệ thông tin","Kỹ thuật phần mềm","BIT_SE_K20C","3","30",""
"SE200266","Vũ Thanh Tâm","ojt.synthetic.se200266@example.com","K20","Công nghệ thông tin","Trí tuệ nhân tạo","BIT_AI_K20C","3","30",""
"SE200267","Nguyễn Tuấn Kiệt","ojt.synthetic.se200267@example.com","K20","Công nghệ thông tin","An toàn thông tin","BIT_IA_K20D-21A","2","15",""
"SE200268","Nguyễn Trung Hiếu","ojt.synthetic.se200268@example.com","K20","Công nghệ thông tin","Trí tuệ nhân tạo","BIT_AI_K20B","3","30",""
"SE200269","Phạm Minh Anh","ojt.synthetic.se200269@example.com","K20","Công nghệ thông tin","An toàn thông tin","BIT_IA_K20D-21A","2","15",""
"SE200270","Nguyễn Tuấn Kiệt","ojt.synthetic.se200270@example.com","K20","Công nghệ thông tin","Hệ thống thông tin","BIT_IS_K19D_K20A","4","42",""
"SE200271","Trần Ngọc Mai","ojt.synthetic.se200271@example.com","K20","Công nghệ thông tin","Hệ thống thông tin","BIT_IS_K20C","3","30",""
"SE200272","Phan Hải Nam","ojt.synthetic.se200272@example.com","K20","Công nghệ thông tin","Trí tuệ nhân tạo","BIT_AI_K20C","3","27",""
"SE200273","Võ Ngọc Mai","ojt.synthetic.se200273@example.com","K20","Công nghệ thông tin","An toàn thông tin","BIT_IA_K20B","3","30",""
"SE200274","Đặng Gia Hân","ojt.synthetic.se200274@example.com","K20","Công nghệ thông tin","Kỹ thuật phần mềm","BIT_SE_K19D_K20A","4","45",""
"SE200275","Hoàng Gia Hân","ojt.synthetic.se200275@example.com","K20","Công nghệ thông tin","An toàn thông tin","BIT_IA_K19D-20A","4","42",""
"SE200276","Đỗ Đức Minh","ojt.synthetic.se200276@example.com","K20","Công nghệ thông tin","An toàn thông tin","BIT_IA_K20D-21A","2","15",""
"SE200277","Lê Khánh Linh","ojt.synthetic.se200277@example.com","K20","Công nghệ thông tin","An toàn thông tin","BIT_IA_K20D-21A","2","9",""
"SE200278","Nguyễn Thanh Tâm","ojt.synthetic.se200278@example.com","K20","Công nghệ thông tin","Kỹ thuật phần mềm","BIT_SE_K20D_K21A","2","15",""
"SE200279","Hoàng Hoàng Duy","ojt.synthetic.se200279@example.com","K20","Công nghệ thông tin","Trí tuệ nhân tạo","BIT_AI_K19D-20A","4","45",""
"SE200280","Phạm Minh Anh","ojt.synthetic.se200280@example.com","K20","Công nghệ thông tin","Trí tuệ nhân tạo","BIT_AI_K20D-21A","2","15",""
"SE200281","Võ Minh Quân","ojt.synthetic.se200281@example.com","K20","Công nghệ thông tin","An toàn thông tin","BIT_IA_K20C","3","27",""
"SE200282","Đặng Minh Quân","ojt.synthetic.se200282@example.com","K20","Công nghệ thông tin","Hệ thống thông tin","BIT_IS_K20B","3","30",""
"SE200283","Hoàng Đức Minh","ojt.synthetic.se200283@example.com","K20","Công nghệ thông tin","Trí tuệ nhân tạo","BIT_AI_K19D-20A","4","42",""
"SE200284","Nguyễn Quang Huy","ojt.synthetic.se200284@example.com","K20","Công nghệ thông tin","Trí tuệ nhân tạo","BIT_AI_K20C","3","27",""
"SE200285","Phạm Trung Hiếu","ojt.synthetic.se200285@example.com","K20","Công nghệ thông tin","An toàn thông tin","BIT_IA_K19D-20A","4","36",""
"SE200286","Vũ Minh Quân","ojt.synthetic.se200286@example.com","K20","Công nghệ thông tin","Hệ thống thông tin","BIT_IS_K20B","3","30",""
"SE200287","Hoàng Trung Hiếu","ojt.synthetic.se200287@example.com","K20","Công nghệ thông tin","Kỹ thuật phần mềm","BIT_SE_K19D_K20A","4","36",""
"SE200288","Nguyễn Quang Huy","ojt.synthetic.se200288@example.com","K20","Công nghệ thông tin","An toàn thông tin","BIT_IA_K20B_FNO","3","30",""
"SE200289","Trần Quốc Bảo","ojt.synthetic.se200289@example.com","K20","Công nghệ thông tin","Hệ thống thông tin","BIT_IS_K20B","3","30",""
"SE200290","Đặng Hoàng Duy","ojt.synthetic.se200290@example.com","K20","Công nghệ thông tin","Kỹ thuật phần mềm","BIT_SE_K20C","3","30",""
"SE200291","Lê Đức Minh","ojt.synthetic.se200291@example.com","K20","Công nghệ thông tin","Kỹ thuật phần mềm","BIT_SE_K19D_K20A","4","45",""
"SE200292","Võ Quốc Bảo","ojt.synthetic.se200292@example.com","K20","Công nghệ thông tin","Trí tuệ nhân tạo","BIT_AI_K20C","3","30",""
"SE200293","Trần Bảo Ngọc","ojt.synthetic.se200293@example.com","K20","Công nghệ thông tin","Kỹ thuật phần mềm","BIT_SE_K20C","3","27",""
"SE200294","Hoàng Minh Quân","ojt.synthetic.se200294@example.com","K20","Công nghệ thông tin","An toàn thông tin","BIT_IA_K19D-20A","4","42",""
"SE200295","Vũ Quốc Bảo","ojt.synthetic.se200295@example.com","K20","Công nghệ thông tin","Kỹ thuật phần mềm","BIT_SE_K20B","3","30",""
"SE200296","Lê Anh Tuấn","ojt.synthetic.se200296@example.com","K20","Công nghệ thông tin","Kỹ thuật phần mềm","BIT_SE_K20D_K21A","2","15",""
"SE200297","Trần Phương Thảo","ojt.synthetic.se200297@example.com","K20","Công nghệ thông tin","Hệ thống thông tin","BIT_IS_K20D-21A","2","12",""
"SE200298","Đặng Tuấn Kiệt","ojt.synthetic.se200298@example.com","K20","Công nghệ thông tin","An toàn thông tin","BIT_IA_K19D-20A","4","45",""
"SE200299","Võ Minh Quân","ojt.synthetic.se200299@example.com","K20","Công nghệ thông tin","Hệ thống thông tin","BIT_IS_K20C","3","30",""
"SE200300","Lê Anh Tuấn","ojt.synthetic.se200300@example.com","K20","Công nghệ thông tin","Trí tuệ nhân tạo","BIT_AI_K20B_FNO","3","30",""
"SE200301","Đặng Thanh Tâm","ojt.synthetic.se200301@example.com","K20","Công nghệ thông tin","Hệ thống thông tin","BIT_IS_K20B","3","30",""
"SE200302","Hoàng Quang Huy","ojt.synthetic.se200302@example.com","K20","Công nghệ thông tin","Kỹ thuật phần mềm","BIT_SE_K20C","3","30",""
"SE200303","Bùi Minh Quân","ojt.synthetic.se200303@example.com","K20","Công nghệ thông tin","Kỹ thuật phần mềm","BIT_SE_K20B","3","30",""
"SE200304","Trần Hải Nam","ojt.synthetic.se200304@example.com","K20","Công nghệ thông tin","Kỹ thuật phần mềm","BIT_SE_K20D_K21A","2","15",""
"SE200305","Huỳnh Tuấn Kiệt","ojt.synthetic.se200305@example.com","K20","Công nghệ thông tin","An toàn thông tin","BIT_IA_K20B_FNO","3","27",""
"SE200306","Vũ Đức Minh","ojt.synthetic.se200306@example.com","K20","Công nghệ thông tin","Hệ thống thông tin","BIT_IS_K20D","2","12",""
"SE200307","Lê Ngọc Mai","ojt.synthetic.se200307@example.com","K20","Công nghệ thông tin","Trí tuệ nhân tạo","BIT_AI_K20B","3","30",""
"SE200308","Đỗ Thanh Tâm","ojt.synthetic.se200308@example.com","K20","Công nghệ thông tin","Trí tuệ nhân tạo","BIT_AI_K20D-21A","2","15",""
"SE200309","Đặng Đức Minh","ojt.synthetic.se200309@example.com","K20","Công nghệ thông tin","Trí tuệ nhân tạo","BIT_AI_K20C","3","24",""
"SE200310","Trần Minh Anh","ojt.synthetic.se200310@example.com","K20","Công nghệ thông tin","Trí tuệ nhân tạo","BIT_AI_K20B_FNO","3","30",""
"SE200311","Bùi Tuấn Kiệt","ojt.synthetic.se200311@example.com","K20","Công nghệ thông tin","Kỹ thuật phần mềm","BIT_SE_K20B","3","30",""
"SE200312","Trần Bảo Ngọc","ojt.synthetic.se200312@example.com","K20","Công nghệ thông tin","Trí tuệ nhân tạo","BIT_AI_K19D-20A","4","45",""
"SE200313","Võ Trung Hiếu","ojt.synthetic.se200313@example.com","K20","Công nghệ thông tin","Kỹ thuật phần mềm","BIT_SE_K20D_K21A","2","15",""
"SE200314","Nguyễn Trung Hiếu","ojt.synthetic.se200314@example.com","K20","Công nghệ thông tin","Kỹ thuật phần mềm","BIT_SE_K20D_K21A","2","15",""
"SE200315","Lê Minh Anh","ojt.synthetic.se200315@example.com","K20","Công nghệ thông tin","Trí tuệ nhân tạo","BIT_AI_K20C","3","30",""
"SE200316","Huỳnh Khánh Linh","ojt.synthetic.se200316@example.com","K20","Công nghệ thông tin","An toàn thông tin","BIT_IA_K20B_FNO","3","30",""
"SE200317","Nguyễn Minh Anh","ojt.synthetic.se200317@example.com","K20","Công nghệ thông tin","Trí tuệ nhân tạo","BIT_AI_K19D-20A","4","45",""
"SE200318","Đỗ Tuấn Kiệt","ojt.synthetic.se200318@example.com","K20","Công nghệ thông tin","Hệ thống thông tin","BIT_IS_K20B","3","30",""
"SE200319","Trần Ngọc Mai","ojt.synthetic.se200319@example.com","K20","Công nghệ thông tin","Trí tuệ nhân tạo","BIT_AI_K20C","3","30",""
"SE200320","Đỗ Minh Quân","ojt.synthetic.se200320@example.com","K20","Công nghệ thông tin","An toàn thông tin","BIT_IA_K20C","3","21",""
"SE200321","Nguyễn Anh Tuấn","ojt.synthetic.se200321@example.com","K20","Công nghệ thông tin","Trí tuệ nhân tạo","BIT_AI_K20B_FNO","3","27",""
"SE200322","Vũ Gia Hân","ojt.synthetic.se200322@example.com","K20","Công nghệ thông tin","An toàn thông tin","BIT_IA_K20B","3","30",""
"SE200323","Lê Khánh Linh","ojt.synthetic.se200323@example.com","K20","Công nghệ thông tin","Trí tuệ nhân tạo","BIT_AI_K20D-21A","2","12",""
"SE200324","Đặng Ngọc Mai","ojt.synthetic.se200324@example.com","K20","Công nghệ thông tin","An toàn thông tin","BIT_IA_K20D-21A","2","15",""
"SE200325","Phan Gia Hân","ojt.synthetic.se200325@example.com","K20","Công nghệ thông tin","Hệ thống thông tin","BIT_IS_K19D_K20A","4","45",""
"SE200326","Lê Anh Tuấn","ojt.synthetic.se200326@example.com","K20","Công nghệ thông tin","Kỹ thuật phần mềm","BIT_SE_K20D_K21A","2","15",""
"SE200327","Đỗ Trung Hiếu","ojt.synthetic.se200327@example.com","K20","Công nghệ thông tin","Hệ thống thông tin","BIT_IS_K20B","3","27",""
"SE200328","Hoàng Hoàng Duy","ojt.synthetic.se200328@example.com","K20","Công nghệ thông tin","Kỹ thuật phần mềm","BIT_SE_K19D_K20A","4","45",""
"SE200329","Hoàng Ngọc Mai","ojt.synthetic.se200329@example.com","K20","Công nghệ thông tin","Hệ thống thông tin","BIT_IS_K20D-21A","2","12",""
"SE200330","Nguyễn Tuấn Kiệt","ojt.synthetic.se200330@example.com","K20","Công nghệ thông tin","Trí tuệ nhân tạo","BIT_AI_K19D-20A","4","42",""
"SE200331","Bùi Phương Thảo","ojt.synthetic.se200331@example.com","K20","Công nghệ thông tin","Trí tuệ nhân tạo","BIT_AI_K20C","3","30",""
"SE200332","Đặng Tuấn Kiệt","ojt.synthetic.se200332@example.com","K20","Công nghệ thông tin","Trí tuệ nhân tạo","BIT_AI_K20B","3","27",""
"SE200333","Vũ Bảo Ngọc","ojt.synthetic.se200333@example.com","K20","Công nghệ thông tin","Trí tuệ nhân tạo","BIT_AI_K20D-21A","2","15",""
"SE200334","Đặng Trung Hiếu","ojt.synthetic.se200334@example.com","K20","Công nghệ thông tin","An toàn thông tin","BIT_IA_K20B_FNO","3","30",""
"SE200335","Vũ Gia Hân","ojt.synthetic.se200335@example.com","K20","Công nghệ thông tin","Trí tuệ nhân tạo","BIT_AI_K20D-21A","2","15",""
"SE200336","Nguyễn Hải Nam","ojt.synthetic.se200336@example.com","K20","Công nghệ thông tin","An toàn thông tin","BIT_IA_K20D-21A","2","15",""
"SE200337","Trần Ngọc Mai","ojt.synthetic.se200337@example.com","K20","Công nghệ thông tin","Hệ thống thông tin","BIT_IS_K19D_K20A","4","45",""
"SE200338","Hoàng Tuấn Kiệt","ojt.synthetic.se200338@example.com","K20","Công nghệ thông tin","Trí tuệ nhân tạo","BIT_AI_K20C","3","21",""
"SE200339","Hoàng Thanh Tâm","ojt.synthetic.se200339@example.com","K20","Công nghệ thông tin","An toàn thông tin","BIT_IA_K20B","3","30",""
"SE200340","Phan Trung Hiếu","ojt.synthetic.se200340@example.com","K20","Công nghệ thông tin","Hệ thống thông tin","BIT_IS_K19D_K20A","4","39",""
"SE200341","Phan Gia Hân","ojt.synthetic.se200341@example.com","K20","Công nghệ thông tin","Hệ thống thông tin","BIT_IS_K20D","2","15",""
"SE200342","Đặng Ngọc Mai","ojt.synthetic.se200342@example.com","K20","Công nghệ thông tin","An toàn thông tin","BIT_IA_K20B_FNO","3","30",""
"SE200343","Huỳnh Anh Tuấn","ojt.synthetic.se200343@example.com","K20","Công nghệ thông tin","Trí tuệ nhân tạo","BIT_AI_K20D-21A","2","12",""
"SE200344","Nguyễn Minh Quân","ojt.synthetic.se200344@example.com","K20","Công nghệ thông tin","An toàn thông tin","BIT_IA_K20D-21A","2","6",""
"SE200345","Bùi Hoàng Duy","ojt.synthetic.se200345@example.com","K20","Công nghệ thông tin","An toàn thông tin","BIT_IA_K19D-20A","4","42",""
"SE200346","Nguyễn Phương Thảo","ojt.synthetic.se200346@example.com","K20","Công nghệ thông tin","Trí tuệ nhân tạo","BIT_AI_K20B_FNO","3","27",""
"SE200347","Đỗ Khánh Linh","ojt.synthetic.se200347@example.com","K20","Công nghệ thông tin","Trí tuệ nhân tạo","BIT_AI_K19D-20A","4","42",""
"SE200348","Lê Quang Huy","ojt.synthetic.se200348@example.com","K20","Công nghệ thông tin","Hệ thống thông tin","BIT_IS_K19D_K20A","4","45",""
"SE200349","Huỳnh Hải Nam","ojt.synthetic.se200349@example.com","K20","Công nghệ thông tin","Trí tuệ nhân tạo","BIT_AI_K20B_FNO","3","30",""
"SE200350","Huỳnh Hải Nam","ojt.synthetic.se200350@example.com","K20","Công nghệ thông tin","Kỹ thuật phần mềm","BIT_SE_K19D_K20A","4","45",""
"SE200351","Nguyễn Quốc Bảo","ojt.synthetic.se200351@example.com","K20","Công nghệ thông tin","An toàn thông tin","BIT_IA_K19D-20A","4","42",""
"SE200352","Huỳnh Trung Hiếu","ojt.synthetic.se200352@example.com","K20","Công nghệ thông tin","Kỹ thuật phần mềm","BIT_SE_K20B","3","30",""
"SE200353","Võ Quang Huy","ojt.synthetic.se200353@example.com","K20","Công nghệ thông tin","Hệ thống thông tin","BIT_IS_K19D_K20A","4","45",""
"SE200354","Bùi Bảo Ngọc","ojt.synthetic.se200354@example.com","K20","Công nghệ thông tin","An toàn thông tin","BIT_IA_K20B_FNO","3","30",""
"SE200355","Phan Quốc Bảo","ojt.synthetic.se200355@example.com","K20","Công nghệ thông tin","An toàn thông tin","BIT_IA_K20C","3","30",""
"SE200356","Đỗ Bảo Ngọc","ojt.synthetic.se200356@example.com","K20","Công nghệ thông tin","Kỹ thuật phần mềm","BIT_SE_K20B","3","30",""
"SE200357","Lê Trung Hiếu","ojt.synthetic.se200357@example.com","K20","Công nghệ thông tin","An toàn thông tin","BIT_IA_K20C","3","24",""
"SE200358","Vũ Bảo Ngọc","ojt.synthetic.se200358@example.com","K20","Công nghệ thông tin","Hệ thống thông tin","BIT_IS_K20D","2","9",""
"SE200359","Bùi Trung Hiếu","ojt.synthetic.se200359@example.com","K20","Công nghệ thông tin","Kỹ thuật phần mềm","BIT_SE_K20B","3","27",""
"SE200360","Phạm Trung Hiếu","ojt.synthetic.se200360@example.com","K20","Công nghệ thông tin","Kỹ thuật phần mềm","BIT_SE_K20C","3","30",""
"SE200361","Phạm Minh Anh","ojt.synthetic.se200361@example.com","K20","Công nghệ thông tin","Trí tuệ nhân tạo","BIT_AI_K19D-20A","4","45",""
"SE200362","Bùi Minh Anh","ojt.synthetic.se200362@example.com","K20","Công nghệ thông tin","Hệ thống thông tin","BIT_IS_K20C","3","27",""
"SE200363","Đỗ Đức Minh","ojt.synthetic.se200363@example.com","K20","Công nghệ thông tin","Trí tuệ nhân tạo","BIT_AI_K20C","3","30",""
"SE200364","Đỗ Đức Minh","ojt.synthetic.se200364@example.com","K20","Công nghệ thông tin","Hệ thống thông tin","BIT_IS_K20C","3","27",""
"SE200365","Võ Minh Anh","ojt.synthetic.se200365@example.com","K20","Công nghệ thông tin","Kỹ thuật phần mềm","BIT_SE_K20C","3","30",""
"SE200366","Võ Thanh Tâm","ojt.synthetic.se200366@example.com","K20","Công nghệ thông tin","Trí tuệ nhân tạo","BIT_AI_K20D-21A","2","12",""
"SE200367","Võ Hải Nam","ojt.synthetic.se200367@example.com","K20","Công nghệ thông tin","Hệ thống thông tin","BIT_IS_K19D_K20A","4","39",""
"SE200368","Nguyễn Gia Hân","ojt.synthetic.se200368@example.com","K20","Công nghệ thông tin","An toàn thông tin","BIT_IA_K20B","3","30",""
"SE200369","Phan Đức Minh","ojt.synthetic.se200369@example.com","K20","Công nghệ thông tin","An toàn thông tin","BIT_IA_K20D-21A","2","15",""
"SE200370","Phạm Bảo Ngọc","ojt.synthetic.se200370@example.com","K20","Công nghệ thông tin","Hệ thống thông tin","BIT_IS_K20B","3","27",""
"SE200371","Võ Đức Minh","ojt.synthetic.se200371@example.com","K20","Công nghệ thông tin","Hệ thống thông tin","BIT_IS_K20D","2","12",""
"SE200372","Bùi Minh Quân","ojt.synthetic.se200372@example.com","K20","Công nghệ thông tin","An toàn thông tin","BIT_IA_K19D-20A","4","36",""
"SE200373","Huỳnh Anh Tuấn","ojt.synthetic.se200373@example.com","K20","Công nghệ thông tin","Kỹ thuật phần mềm","BIT_SE_K20B","3","27",""
"SE200374","Bùi Minh Anh","ojt.synthetic.se200374@example.com","K20","Công nghệ thông tin","Trí tuệ nhân tạo","BIT_AI_K20D-21A","2","12",""
"SE200375","Bùi Trung Hiếu","ojt.synthetic.se200375@example.com","K20","Công nghệ thông tin","An toàn thông tin","BIT_IA_K20D-21A","2","12",""
"SE200376","Đặng Ngọc Mai","ojt.synthetic.se200376@example.com","K20","Công nghệ thông tin","Trí tuệ nhân tạo","BIT_AI_K20C","3","21",""
"SE200377","Trần Hoàng Duy","ojt.synthetic.se200377@example.com","K20","Công nghệ thông tin","Kỹ thuật phần mềm","BIT_SE_K19D_K20A","4","42",""
"SE200378","Phan Bảo Ngọc","ojt.synthetic.se200378@example.com","K20","Công nghệ thông tin","Kỹ thuật phần mềm","BIT_SE_K19D_K20A","4","45",""
"SE200379","Huỳnh Trung Hiếu","ojt.synthetic.se200379@example.com","K20","Công nghệ thông tin","Hệ thống thông tin","BIT_IS_K20D-21A","2","15",""
"SE200380","Trần Khánh Linh","ojt.synthetic.se200380@example.com","K20","Công nghệ thông tin","An toàn thông tin","BIT_IA_K20C","3","30",""
"SE200381","Bùi Minh Quân","ojt.synthetic.se200381@example.com","K20","Công nghệ thông tin","An toàn thông tin","BIT_IA_K19D-20A","4","42",""
"SE200382","Bùi Gia Hân","ojt.synthetic.se200382@example.com","K20","Công nghệ thông tin","Trí tuệ nhân tạo","BIT_AI_K20D-21A","2","15",""
"SE200383","Huỳnh Quang Huy","ojt.synthetic.se200383@example.com","K20","Công nghệ thông tin","An toàn thông tin","BIT_IA_K20B_FNO","3","30",""
"SE200384","Phạm Trung Hiếu","ojt.synthetic.se200384@example.com","K20","Công nghệ thông tin","Trí tuệ nhân tạo","BIT_AI_K20C","3","30",""
"SE200385","Võ Ngọc Mai","ojt.synthetic.se200385@example.com","K20","Công nghệ thông tin","An toàn thông tin","BIT_IA_K20D-21A","2","9",""
"SE200386","Bùi Hoàng Duy","ojt.synthetic.se200386@example.com","K20","Công nghệ thông tin","Hệ thống thông tin","BIT_IS_K20D-21A","2","12",""
"SE200387","Lê Anh Tuấn","ojt.synthetic.se200387@example.com","K20","Công nghệ thông tin","Kỹ thuật phần mềm","BIT_SE_K20C","3","30",""
"SE200388","Nguyễn Gia Hân","ojt.synthetic.se200388@example.com","K20","Công nghệ thông tin","An toàn thông tin","BIT_IA_K20B","3","30",""
"SE200389","Hoàng Hoàng Duy","ojt.synthetic.se200389@example.com","K20","Công nghệ thông tin","An toàn thông tin","BIT_IA_K19D-20A","4","45",""
"SE200390","Võ Đức Minh","ojt.synthetic.se200390@example.com","K20","Công nghệ thông tin","Kỹ thuật phần mềm","BIT_SE_K19D_K20A","4","45",""
"SE200391","Võ Khánh Linh","ojt.synthetic.se200391@example.com","K20","Công nghệ thông tin","Hệ thống thông tin","BIT_IS_K19D_K20A","4","42",""
"SE200392","Hoàng Tuấn Kiệt","ojt.synthetic.se200392@example.com","K20","Công nghệ thông tin","Trí tuệ nhân tạo","BIT_AI_K20B","3","27",""
"SE200393","Lê Minh Anh","ojt.synthetic.se200393@example.com","K20","Công nghệ thông tin","Hệ thống thông tin","BIT_IS_K20C","3","30",""
"SE200394","Đỗ Khánh Linh","ojt.synthetic.se200394@example.com","K20","Công nghệ thông tin","Hệ thống thông tin","BIT_IS_K20B","3","30",""
"SE200395","Nguyễn Quang Huy","ojt.synthetic.se200395@example.com","K20","Công nghệ thông tin","Kỹ thuật phần mềm","BIT_SE_K20D_K21A","2","12",""
"SE200396","Vũ Quang Huy","ojt.synthetic.se200396@example.com","K20","Công nghệ thông tin","Kỹ thuật phần mềm","BIT_SE_K20D_K21A","2","15",""
"SE200397","Hoàng Minh Quân","ojt.synthetic.se200397@example.com","K20","Công nghệ thông tin","An toàn thông tin","BIT_IA_K20C","3","30",""
"SE200398","Bùi Quang Huy","ojt.synthetic.se200398@example.com","K20","Công nghệ thông tin","Kỹ thuật phần mềm","BIT_SE_K20D_K21A","2","15",""
"SE200399","Trần Quang Huy","ojt.synthetic.se200399@example.com","K20","Công nghệ thông tin","Trí tuệ nhân tạo","BIT_AI_K20C","3","30",""
"SE200400","Huỳnh Hải Nam","ojt.synthetic.se200400@example.com","K20","Công nghệ thông tin","An toàn thông tin","BIT_IA_K19D-20A","4","45",""
"SE200401","Trần Phương Thảo","ojt.synthetic.se200401@example.com","K20","Công nghệ thông tin","Hệ thống thông tin","BIT_IS_K20D-21A","2","15",""
"SE200402","Trần Bảo Ngọc","ojt.synthetic.se200402@example.com","K20","Công nghệ thông tin","Hệ thống thông tin","BIT_IS_K19D_K20A","4","45",""
"SE200403","Vũ Trung Hiếu","ojt.synthetic.se200403@example.com","K20","Công nghệ thông tin","Trí tuệ nhân tạo","BIT_AI_K20C","3","30",""
"SE200404","Đỗ Minh Quân","ojt.synthetic.se200404@example.com","K20","Công nghệ thông tin","An toàn thông tin","BIT_IA_K20C","3","21",""
"SE200405","Bùi Trung Hiếu","ojt.synthetic.se200405@example.com","K20","Công nghệ thông tin","An toàn thông tin","BIT_IA_K20B_FNO","3","27",""
"SE200406","Huỳnh Minh Anh","ojt.synthetic.se200406@example.com","K20","Công nghệ thông tin","Hệ thống thông tin","BIT_IS_K19D_K20A","4","45",""
"SE200407","Phan Phương Thảo","ojt.synthetic.se200407@example.com","K20","Công nghệ thông tin","Kỹ thuật phần mềm","BIT_SE_K19D_K20A","4","42",""
"SE200408","Lê Trung Hiếu","ojt.synthetic.se200408@example.com","K20","Công nghệ thông tin","Hệ thống thông tin","BIT_IS_K20D-21A","2","15",""
"SE200409","Lê Quang Huy","ojt.synthetic.se200409@example.com","K20","Công nghệ thông tin","An toàn thông tin","BIT_IA_K19D-20A","4","45",""
"SE200410","Đặng Trung Hiếu","ojt.synthetic.se200410@example.com","K20","Công nghệ thông tin","Hệ thống thông tin","BIT_IS_K19D_K20A","4","45",""
"SE200411","Nguyễn Anh Tuấn","ojt.synthetic.se200411@example.com","K20","Công nghệ thông tin","An toàn thông tin","BIT_IA_K20D-21A","2","12",""
"SE200412","Nguyễn Quang Huy","ojt.synthetic.se200412@example.com","K20","Công nghệ thông tin","Trí tuệ nhân tạo","BIT_AI_K20C","3","21",""
"SE200413","Vũ Ngọc Mai","ojt.synthetic.se200413@example.com","K20","Công nghệ thông tin","An toàn thông tin","BIT_IA_K20C","3","30",""
"SE200414","Đỗ Minh Anh","ojt.synthetic.se200414@example.com","K20","Công nghệ thông tin","Trí tuệ nhân tạo","BIT_AI_K19D-20A","4","42",""
"SE200415","Đặng Đức Minh","ojt.synthetic.se200415@example.com","K20","Công nghệ thông tin","Kỹ thuật phần mềm","BIT_SE_K19D_K20A","4","45",""
"SE200416","Đỗ Minh Anh","ojt.synthetic.se200416@example.com","K20","Công nghệ thông tin","An toàn thông tin","BIT_IA_K19D-20A","4","45",""
"SE200417","Lê Anh Tuấn","ojt.synthetic.se200417@example.com","K20","Công nghệ thông tin","An toàn thông tin","BIT_IA_K20D-21A","2","12",""
"SE200418","Nguyễn Tuấn Kiệt","ojt.synthetic.se200418@example.com","K20","Công nghệ thông tin","Trí tuệ nhân tạo","BIT_AI_K20B_FNO","3","30",""
"SE200419","Võ Ngọc Mai","ojt.synthetic.se200419@example.com","K20","Công nghệ thông tin","Hệ thống thông tin","BIT_IS_K20C","3","27",""
"SE200420","Vũ Tuấn Kiệt","ojt.synthetic.se200420@example.com","K20","Công nghệ thông tin","Hệ thống thông tin","BIT_IS_K20D-21A","2","15",""
"SE200421","Hoàng Quang Huy","ojt.synthetic.se200421@example.com","K20","Công nghệ thông tin","Hệ thống thông tin","BIT_IS_K20C","3","27",""
"SE200422","Võ Ngọc Mai","ojt.synthetic.se200422@example.com","K20","Công nghệ thông tin","Trí tuệ nhân tạo","BIT_AI_K19D-20A","4","45",""
"SE200423","Phan Quang Huy","ojt.synthetic.se200423@example.com","K20","Công nghệ thông tin","Kỹ thuật phần mềm","BIT_SE_K20C","3","27",""
"SE200424","Bùi Phương Thảo","ojt.synthetic.se200424@example.com","K20","Công nghệ thông tin","Hệ thống thông tin","BIT_IS_K20D-21A","2","15",""
"SE200425","Nguyễn Bảo Ngọc","ojt.synthetic.se200425@example.com","K20","Công nghệ thông tin","Trí tuệ nhân tạo","BIT_AI_K19D-20A","4","42",""
"SE200426","Đặng Hải Nam","ojt.synthetic.se200426@example.com","K20","Công nghệ thông tin","Hệ thống thông tin","BIT_IS_K20C","3","27",""
"SE200427","Đặng Gia Hân","ojt.synthetic.se200427@example.com","K20","Công nghệ thông tin","Trí tuệ nhân tạo","BIT_AI_K20D-21A","2","9",""
"SE200428","Đỗ Bảo Ngọc","ojt.synthetic.se200428@example.com","K20","Công nghệ thông tin","An toàn thông tin","BIT_IA_K20D-21A","2","15",""
"SE200429","Hoàng Minh Anh","ojt.synthetic.se200429@example.com","K20","Công nghệ thông tin","Kỹ thuật phần mềm","BIT_SE_K20D_K21A","2","9",""
"SE200430","Bùi Khánh Linh","ojt.synthetic.se200430@example.com","K20","Công nghệ thông tin","Hệ thống thông tin","BIT_IS_K20B","3","30",""
"SE200431","Nguyễn Tuấn Kiệt","ojt.synthetic.se200431@example.com","K20","Công nghệ thông tin","Hệ thống thông tin","BIT_IS_K20B","3","27",""
"SE200432","Vũ Minh Quân","ojt.synthetic.se200432@example.com","K20","Công nghệ thông tin","Hệ thống thông tin","BIT_IS_K20C","3","24",""
"SE200433","Phan Minh Anh","ojt.synthetic.se200433@example.com","K20","Công nghệ thông tin","Hệ thống thông tin","BIT_IS_K20C","3","30",""
"SE200434","Trần Đức Minh","ojt.synthetic.se200434@example.com","K20","Công nghệ thông tin","Kỹ thuật phần mềm","BIT_SE_K20B","3","27",""
"SE200435","Trần Khánh Linh","ojt.synthetic.se200435@example.com","K20","Công nghệ thông tin","Trí tuệ nhân tạo","BIT_AI_K20D-21A","2","15",""
"SE200436","Vũ Tuấn Kiệt","ojt.synthetic.se200436@example.com","K20","Công nghệ thông tin","An toàn thông tin","BIT_IA_K20B_FNO","3","30",""
"SE200437","Đỗ Tuấn Kiệt","ojt.synthetic.se200437@example.com","K20","Công nghệ thông tin","Trí tuệ nhân tạo","BIT_AI_K20D-21A","2","15",""
"SE200438","Võ Quang Huy","ojt.synthetic.se200438@example.com","K20","Công nghệ thông tin","An toàn thông tin","BIT_IA_K20D-21A","2","15",""
"SE200439","Đỗ Đức Minh","ojt.synthetic.se200439@example.com","K20","Công nghệ thông tin","Kỹ thuật phần mềm","BIT_SE_K20B","3","30",""
"SE200440","Huỳnh Khánh Linh","ojt.synthetic.se200440@example.com","K20","Công nghệ thông tin","An toàn thông tin","BIT_IA_K20C","3","30",""
"SE200441","Trần Thanh Tâm","ojt.synthetic.se200441@example.com","K20","Công nghệ thông tin","Hệ thống thông tin","BIT_IS_K19D_K20A","4","45",""
"SE200442","Huỳnh Quang Huy","ojt.synthetic.se200442@example.com","K20","Công nghệ thông tin","Trí tuệ nhân tạo","BIT_AI_K19D-20A","4","45",""
"SE200443","Lê Hải Nam","ojt.synthetic.se200443@example.com","K20","Công nghệ thông tin","Trí tuệ nhân tạo","BIT_AI_K20B","3","30",""
"SE200444","Vũ Gia Hân","ojt.synthetic.se200444@example.com","K20","Công nghệ thông tin","Hệ thống thông tin","BIT_IS_K20D-21A","2","12",""
"SE200445","Phạm Thanh Tâm","ojt.synthetic.se200445@example.com","K20","Công nghệ thông tin","An toàn thông tin","BIT_IA_K20C","3","30",""
"SE200446","Phan Quang Huy","ojt.synthetic.se200446@example.com","K20","Công nghệ thông tin","Trí tuệ nhân tạo","BIT_AI_K20C","3","27",""
"SE200447","Vũ Phương Thảo","ojt.synthetic.se200447@example.com","K20","Công nghệ thông tin","Trí tuệ nhân tạo","BIT_AI_K20B_FNO","3","30",""
"SE200448","Phạm Tuấn Kiệt","ojt.synthetic.se200448@example.com","K20","Công nghệ thông tin","Kỹ thuật phần mềm","BIT_SE_K20D_K21A","2","12",""
"SE200449","Phan Khánh Linh","ojt.synthetic.se200449@example.com","K20","Công nghệ thông tin","Kỹ thuật phần mềm","BIT_SE_K19D_K20A","4","45",""
"SE200450","Lê Thanh Tâm","ojt.synthetic.se200450@example.com","K20","Công nghệ thông tin","An toàn thông tin","BIT_IA_K19D-20A","4","39",""
"SE200451","Bùi Minh Anh","ojt.synthetic.se200451@example.com","K20","Công nghệ thông tin","Hệ thống thông tin","BIT_IS_K20B","3","30",""
"SE200452","Võ Tuấn Kiệt","ojt.synthetic.se200452@example.com","K20","Công nghệ thông tin","Hệ thống thông tin","BIT_IS_K20B","3","27",""
"SE200453","Võ Minh Quân","ojt.synthetic.se200453@example.com","K20","Công nghệ thông tin","An toàn thông tin","BIT_IA_K20C","3","27",""
"SE200454","Trần Đức Minh","ojt.synthetic.se200454@example.com","K20","Công nghệ thông tin","Trí tuệ nhân tạo","BIT_AI_K20D-21A","2","15",""
"SE200455","Phan Khánh Linh","ojt.synthetic.se200455@example.com","K20","Công nghệ thông tin","Hệ thống thông tin","BIT_IS_K19D_K20A","4","45",""
"SE200456","Đỗ Khánh Linh","ojt.synthetic.se200456@example.com","K20","Công nghệ thông tin","Trí tuệ nhân tạo","BIT_AI_K20B","3","27",""
"SE200457","Bùi Khánh Linh","ojt.synthetic.se200457@example.com","K20","Công nghệ thông tin","An toàn thông tin","BIT_IA_K20C","3","30",""
"SE200458","Trần Quang Huy","ojt.synthetic.se200458@example.com","K20","Công nghệ thông tin","Kỹ thuật phần mềm","BIT_SE_K20C","3","30",""
"SE200459","Đặng Ngọc Mai","ojt.synthetic.se200459@example.com","K20","Công nghệ thông tin","Trí tuệ nhân tạo","BIT_AI_K20C","3","27",""
"SE200460","Trần Tuấn Kiệt","ojt.synthetic.se200460@example.com","K20","Công nghệ thông tin","Kỹ thuật phần mềm","BIT_SE_K20C","3","30",""
"SE200461","Võ Tuấn Kiệt","ojt.synthetic.se200461@example.com","K20","Công nghệ thông tin","An toàn thông tin","BIT_IA_K20D-21A","2","15",""
"SE200462","Võ Anh Tuấn","ojt.synthetic.se200462@example.com","K20","Công nghệ thông tin","Trí tuệ nhân tạo","BIT_AI_K20C","3","30",""
"SE200463","Đặng Thanh Tâm","ojt.synthetic.se200463@example.com","K20","Công nghệ thông tin","An toàn thông tin","BIT_IA_K20B","3","30",""
"SE200464","Nguyễn Quang Huy","ojt.synthetic.se200464@example.com","K20","Công nghệ thông tin","Hệ thống thông tin","BIT_IS_K20D-21A","2","12",""
"SE200465","Võ Hải Nam","ojt.synthetic.se200465@example.com","K20","Công nghệ thông tin","Hệ thống thông tin","BIT_IS_K20B","3","30",""
"SE200466","Phan Anh Tuấn","ojt.synthetic.se200466@example.com","K20","Công nghệ thông tin","Kỹ thuật phần mềm","BIT_SE_K20B","3","30",""
"SE200467","Vũ Bảo Ngọc","ojt.synthetic.se200467@example.com","K20","Công nghệ thông tin","An toàn thông tin","BIT_IA_K19D-20A","4","45",""
"SE200468","Đỗ Trung Hiếu","ojt.synthetic.se200468@example.com","K20","Công nghệ thông tin","Kỹ thuật phần mềm","BIT_SE_K20D_K21A","2","15",""
"SE200469","Vũ Phương Thảo","ojt.synthetic.se200469@example.com","K20","Công nghệ thông tin","Trí tuệ nhân tạo","BIT_AI_K20D-21A","2","15",""
"SE200470","Nguyễn Quang Huy","ojt.synthetic.se200470@example.com","K20","Công nghệ thông tin","Hệ thống thông tin","BIT_IS_K20C","3","27",""
"SE200471","Nguyễn Minh Quân","ojt.synthetic.se200471@example.com","K20","Công nghệ thông tin","Kỹ thuật phần mềm","BIT_SE_K20D_K21A","2","15",""
"SE200472","Đỗ Đức Minh","ojt.synthetic.se200472@example.com","K20","Công nghệ thông tin","Kỹ thuật phần mềm","BIT_SE_K20D_K21A","2","15",""
"SE200473","Võ Quang Huy","ojt.synthetic.se200473@example.com","K20","Công nghệ thông tin","Trí tuệ nhân tạo","BIT_AI_K20B","3","21",""
"SE200474","Phan Hoàng Duy","ojt.synthetic.se200474@example.com","K20","Công nghệ thông tin","An toàn thông tin","BIT_IA_K20D-21A","2","15",""
"SE200475","Huỳnh Quang Huy","ojt.synthetic.se200475@example.com","K20","Công nghệ thông tin","Hệ thống thông tin","BIT_IS_K20B","3","21",""
"SE200476","Phạm Đức Minh","ojt.synthetic.se200476@example.com","K20","Công nghệ thông tin","An toàn thông tin","BIT_IA_K20B_FNO","3","21",""
"SE200477","Phạm Trung Hiếu","ojt.synthetic.se200477@example.com","K20","Công nghệ thông tin","Hệ thống thông tin","BIT_IS_K20B","3","30",""
"SE200478","Trần Hải Nam","ojt.synthetic.se200478@example.com","K20","Công nghệ thông tin","An toàn thông tin","BIT_IA_K19D-20A","4","45",""
"SE200479","Phan Phương Thảo","ojt.synthetic.se200479@example.com","K20","Công nghệ thông tin","An toàn thông tin","BIT_IA_K20B","3","30",""
"SE200480","Phan Minh Anh","ojt.synthetic.se200480@example.com","K20","Công nghệ thông tin","Kỹ thuật phần mềm","BIT_SE_K20D_K21A","2","15",""
"SE200481","Đỗ Phương Thảo","ojt.synthetic.se200481@example.com","K20","Công nghệ thông tin","An toàn thông tin","BIT_IA_K20D-21A","2","12",""
"SE200482","Võ Minh Anh","ojt.synthetic.se200482@example.com","K20","Công nghệ thông tin","Hệ thống thông tin","BIT_IS_K19D_K20A","4","45",""
"SE200483","Vũ Phương Thảo","ojt.synthetic.se200483@example.com","K20","Công nghệ thông tin","Trí tuệ nhân tạo","BIT_AI_K20C","3","27",""
"SE200484","Bùi Phương Thảo","ojt.synthetic.se200484@example.com","K20","Công nghệ thông tin","Hệ thống thông tin","BIT_IS_K20B","3","27",""
"SE200485","Đỗ Minh Anh","ojt.synthetic.se200485@example.com","K20","Công nghệ thông tin","Kỹ thuật phần mềm","BIT_SE_K20B","3","24",""
"SE200486","Lê Hải Nam","ojt.synthetic.se200486@example.com","K20","Công nghệ thông tin","An toàn thông tin","BIT_IA_K19D-20A","4","45",""
"SE200487","Đặng Đức Minh","ojt.synthetic.se200487@example.com","K20","Công nghệ thông tin","Kỹ thuật phần mềm","BIT_SE_K20C","3","30",""
"SE200488","Đặng Anh Tuấn","ojt.synthetic.se200488@example.com","K20","Công nghệ thông tin","Trí tuệ nhân tạo","BIT_AI_K20C","3","30",""
"SE200489","Bùi Ngọc Mai","ojt.synthetic.se200489@example.com","K20","Công nghệ thông tin","An toàn thông tin","BIT_IA_K20D-21A","2","15",""
"SE200490","Lê Khánh Linh","ojt.synthetic.se200490@example.com","K20","Công nghệ thông tin","Kỹ thuật phần mềm","BIT_SE_K20D_K21A","2","15",""
"SE200491","Đặng Gia Hân","ojt.synthetic.se200491@example.com","K20","Công nghệ thông tin","Hệ thống thông tin","BIT_IS_K20C","3","30",""
"SE200492","Vũ Minh Quân","ojt.synthetic.se200492@example.com","K20","Công nghệ thông tin","An toàn thông tin","BIT_IA_K20B","3","30",""
"SE200493","Đỗ Phương Thảo","ojt.synthetic.se200493@example.com","K20","Công nghệ thông tin","Kỹ thuật phần mềm","BIT_SE_K19D_K20A","4","45",""
"SE200494","Lê Thanh Tâm","ojt.synthetic.se200494@example.com","K20","Công nghệ thông tin","Trí tuệ nhân tạo","BIT_AI_K19D-20A","4","45",""
"SE200495","Hoàng Đức Minh","ojt.synthetic.se200495@example.com","K20","Công nghệ thông tin","Hệ thống thông tin","BIT_IS_K20C","3","30",""
"SE200496","Phạm Quốc Bảo","ojt.synthetic.se200496@example.com","K20","Công nghệ thông tin","Kỹ thuật phần mềm","BIT_SE_K19D_K20A","4","42",""
"SE200497","Nguyễn Khánh Linh","ojt.synthetic.se200497@example.com","K20","Công nghệ thông tin","Kỹ thuật phần mềm","BIT_SE_K20D_K21A","2","9",""
"SE200498","Lê Anh Tuấn","ojt.synthetic.se200498@example.com","K20","Công nghệ thông tin","Kỹ thuật phần mềm","BIT_SE_K19D_K20A","4","45",""
"SE200499","Vũ Hoàng Duy","ojt.synthetic.se200499@example.com","K20","Công nghệ thông tin","Kỹ thuật phần mềm","BIT_SE_K20C","3","30",""
"SE200500","Lê Phương Thảo","ojt.synthetic.se200500@example.com","K20","Công nghệ thông tin","Trí tuệ nhân tạo","BIT_AI_K20C","3","27",""
"SE200501","Lê Đức Minh","ojt.synthetic.se200501@example.com","K20","Công nghệ thông tin","Hệ thống thông tin","BIT_IS_K20C","3","21",""
"SE200502","Hoàng Hoàng Duy","ojt.synthetic.se200502@example.com","K20","Công nghệ thông tin","Kỹ thuật phần mềm","BIT_SE_K19D_K20A","4","39",""
"SE200503","Trần Khánh Linh","ojt.synthetic.se200503@example.com","K20","Công nghệ thông tin","Trí tuệ nhân tạo","BIT_AI_K20B_FNO","3","30",""
"SE200504","Nguyễn Trung Hiếu","ojt.synthetic.se200504@example.com","K20","Công nghệ thông tin","An toàn thông tin","BIT_IA_K20B","3","27",""
"SE200505","Vũ Bảo Ngọc","ojt.synthetic.se200505@example.com","K20","Công nghệ thông tin","Trí tuệ nhân tạo","BIT_AI_K20D-21A","2","15",""
"SE200506","Võ Hải Nam","ojt.synthetic.se200506@example.com","K20","Công nghệ thông tin","Kỹ thuật phần mềm","BIT_SE_K20D_K21A","2","15",""
"SE200507","Trần Minh Quân","ojt.synthetic.se200507@example.com","K20","Công nghệ thông tin","Hệ thống thông tin","BIT_IS_K20C","3","30",""
"SE200508","Vũ Hoàng Duy","ojt.synthetic.se200508@example.com","K20","Công nghệ thông tin","An toàn thông tin","BIT_IA_K20B_FNO","3","27",""
"SE200509","Hoàng Bảo Ngọc","ojt.synthetic.se200509@example.com","K20","Công nghệ thông tin","Trí tuệ nhân tạo","BIT_AI_K20C","3","27",""
"SE200510","Trần Minh Anh","ojt.synthetic.se200510@example.com","K20","Công nghệ thông tin","Hệ thống thông tin","BIT_IS_K19D_K20A","4","42",""
"SE200511","Phạm Phương Thảo","ojt.synthetic.se200511@example.com","K20","Công nghệ thông tin","Kỹ thuật phần mềm","BIT_SE_K19D_K20A","4","42",""
"SE200512","Vũ Minh Anh","ojt.synthetic.se200512@example.com","K20","Công nghệ thông tin","Hệ thống thông tin","BIT_IS_K20D","2","15",""
"SE200513","Lê Ngọc Mai","ojt.synthetic.se200513@example.com","K20","Công nghệ thông tin","An toàn thông tin","BIT_IA_K20B","3","24",""
"SE200514","Bùi Gia Hân","ojt.synthetic.se200514@example.com","K20","Công nghệ thông tin","Trí tuệ nhân tạo","BIT_AI_K20D-21A","2","15",""
"SE200515","Đỗ Minh Anh","ojt.synthetic.se200515@example.com","K20","Công nghệ thông tin","Hệ thống thông tin","BIT_IS_K19D_K20A","4","45",""
"SE200516","Vũ Bảo Ngọc","ojt.synthetic.se200516@example.com","K20","Công nghệ thông tin","Hệ thống thông tin","BIT_IS_K20C","3","30",""
"SE200517","Đỗ Ngọc Mai","ojt.synthetic.se200517@example.com","K20","Công nghệ thông tin","Kỹ thuật phần mềm","BIT_SE_K20C","3","30",""
"SE200518","Võ Minh Anh","ojt.synthetic.se200518@example.com","K20","Công nghệ thông tin","Hệ thống thông tin","BIT_IS_K20D-21A","2","12",""
"SE200519","Hoàng Bảo Ngọc","ojt.synthetic.se200519@example.com","K20","Công nghệ thông tin","Hệ thống thông tin","BIT_IS_K20B","3","24",""
"SE200520","Hoàng Minh Anh","ojt.synthetic.se200520@example.com","K20","Công nghệ thông tin","Kỹ thuật phần mềm","BIT_SE_K20B","3","27",""
"SE200521","Trần Tuấn Kiệt","ojt.synthetic.se200521@example.com","K20","Công nghệ thông tin","Kỹ thuật phần mềm","BIT_SE_K20D_K21A","2","15",""
"SE200522","Nguyễn Thanh Tâm","ojt.synthetic.se200522@example.com","K20","Công nghệ thông tin","Trí tuệ nhân tạo","BIT_AI_K19D-20A","4","39",""
"SE200523","Võ Minh Anh","ojt.synthetic.se200523@example.com","K20","Công nghệ thông tin","Kỹ thuật phần mềm","BIT_SE_K20C","3","30",""
"SE200524","Huỳnh Hải Nam","ojt.synthetic.se200524@example.com","K20","Công nghệ thông tin","Trí tuệ nhân tạo","BIT_AI_K20D-21A","2","15",""
"SE200525","Trần Trung Hiếu","ojt.synthetic.se200525@example.com","K20","Công nghệ thông tin","Hệ thống thông tin","BIT_IS_K20B","3","27",""
"SE200526","Nguyễn Thanh Tâm","ojt.synthetic.se200526@example.com","K20","Công nghệ thông tin","Trí tuệ nhân tạo","BIT_AI_K19D-20A","4","42",""
"SE200527","Đỗ Anh Tuấn","ojt.synthetic.se200527@example.com","K20","Công nghệ thông tin","An toàn thông tin","BIT_IA_K20D-21A","2","12",""
"SE200528","Phạm Gia Hân","ojt.synthetic.se200528@example.com","K20","Công nghệ thông tin","Trí tuệ nhân tạo","BIT_AI_K20C","3","30",""
"SE200529","Võ Thanh Tâm","ojt.synthetic.se200529@example.com","K20","Công nghệ thông tin","Hệ thống thông tin","BIT_IS_K20C","3","27",""
"SE200530","Võ Khánh Linh","ojt.synthetic.se200530@example.com","K20","Công nghệ thông tin","Trí tuệ nhân tạo","BIT_AI_K19D-20A","4","45",""
"SE200531","Đỗ Ngọc Mai","ojt.synthetic.se200531@example.com","K20","Công nghệ thông tin","Trí tuệ nhân tạo","BIT_AI_K19D-20A","4","45",""
"SE200532","Vũ Phương Thảo","ojt.synthetic.se200532@example.com","K20","Công nghệ thông tin","Trí tuệ nhân tạo","BIT_AI_K20C","3","30",""
"SE200533","Phan Tuấn Kiệt","ojt.synthetic.se200533@example.com","K20","Công nghệ thông tin","Kỹ thuật phần mềm","BIT_SE_K19D_K20A","4","45",""
"SE200534","Phan Ngọc Mai","ojt.synthetic.se200534@example.com","K20","Công nghệ thông tin","An toàn thông tin","BIT_IA_K20D-21A","2","12",""
"SE200535","Võ Hải Nam","ojt.synthetic.se200535@example.com","K20","Công nghệ thông tin","Kỹ thuật phần mềm","BIT_SE_K20C","3","30",""
"SE200536","Lê Bảo Ngọc","ojt.synthetic.se200536@example.com","K20","Công nghệ thông tin","Trí tuệ nhân tạo","BIT_AI_K20C","3","27",""
"SE200537","Bùi Khánh Linh","ojt.synthetic.se200537@example.com","K20","Công nghệ thông tin","Trí tuệ nhân tạo","BIT_AI_K19D-20A","4","45",""
"SE200538","Trần Đức Minh","ojt.synthetic.se200538@example.com","K20","Công nghệ thông tin","Hệ thống thông tin","BIT_IS_K20D","2","15",""
"SE200539","Vũ Phương Thảo","ojt.synthetic.se200539@example.com","K20","Công nghệ thông tin","Trí tuệ nhân tạo","BIT_AI_K19D-20A","4","36",""
"SE200540","Trần Trung Hiếu","ojt.synthetic.se200540@example.com","K20","Công nghệ thông tin","Kỹ thuật phần mềm","BIT_SE_K20C","3","27",""
"SE200541","Đặng Minh Anh","ojt.synthetic.se200541@example.com","K20","Công nghệ thông tin","An toàn thông tin","BIT_IA_K20D-21A","2","12",""
"SE200542","Đỗ Hải Nam","ojt.synthetic.se200542@example.com","K20","Công nghệ thông tin","An toàn thông tin","BIT_IA_K20B_FNO","3","30",""
"SE200543","Vũ Hải Nam","ojt.synthetic.se200543@example.com","K20","Công nghệ thông tin","Kỹ thuật phần mềm","BIT_SE_K19D_K20A","4","45",""
"SE200544","Trần Bảo Ngọc","ojt.synthetic.se200544@example.com","K20","Công nghệ thông tin","Hệ thống thông tin","BIT_IS_K20C","3","21",""
"SE200545","Đặng Đức Minh","ojt.synthetic.se200545@example.com","K20","Công nghệ thông tin","An toàn thông tin","BIT_IA_K20B","3","30",""
"SE200546","Huỳnh Minh Quân","ojt.synthetic.se200546@example.com","K20","Công nghệ thông tin","An toàn thông tin","BIT_IA_K20C","3","27",""
"SE200547","Đặng Bảo Ngọc","ojt.synthetic.se200547@example.com","K20","Công nghệ thông tin","Trí tuệ nhân tạo","BIT_AI_K20D-21A","2","12",""
"SE200548","Đỗ Quang Huy","ojt.synthetic.se200548@example.com","K20","Công nghệ thông tin","Hệ thống thông tin","BIT_IS_K20D","2","15",""
"SE200549","Vũ Quang Huy","ojt.synthetic.se200549@example.com","K20","Công nghệ thông tin","Hệ thống thông tin","BIT_IS_K20D-21A","2","15",""
"SE200550","Phan Minh Anh","ojt.synthetic.se200550@example.com","K20","Công nghệ thông tin","Hệ thống thông tin","BIT_IS_K20B","3","21",""
"SE200551","Huỳnh Đức Minh","ojt.synthetic.se200551@example.com","K20","Công nghệ thông tin","Trí tuệ nhân tạo","BIT_AI_K20D-21A","2","15",""
"SE200552","Phạm Quang Huy","ojt.synthetic.se200552@example.com","K20","Công nghệ thông tin","Kỹ thuật phần mềm","BIT_SE_K20C","3","27",""
"SE200553","Bùi Thanh Tâm","ojt.synthetic.se200553@example.com","K20","Công nghệ thông tin","An toàn thông tin","BIT_IA_K20B","3","30",""
"SE200554","Đặng Bảo Ngọc","ojt.synthetic.se200554@example.com","K20","Công nghệ thông tin","Trí tuệ nhân tạo","BIT_AI_K19D-20A","4","42",""
"SE200555","Phạm Phương Thảo","ojt.synthetic.se200555@example.com","K20","Công nghệ thông tin","An toàn thông tin","BIT_IA_K20B","3","27",""
"SE200556","Lê Khánh Linh","ojt.synthetic.se200556@example.com","K20","Công nghệ thông tin","Kỹ thuật phần mềm","BIT_SE_K20D_K21A","2","12",""
"SE200557","Huỳnh Gia Hân","ojt.synthetic.se200557@example.com","K20","Công nghệ thông tin","Hệ thống thông tin","BIT_IS_K20C","3","30",""
"SE200558","Nguyễn Khánh Linh","ojt.synthetic.se200558@example.com","K20","Công nghệ thông tin","Trí tuệ nhân tạo","BIT_AI_K20B_FNO","3","21",""
"SE200559","Đỗ Phương Thảo","ojt.synthetic.se200559@example.com","K20","Công nghệ thông tin","Trí tuệ nhân tạo","BIT_AI_K20B_FNO","3","27",""
"SE200560","Võ Đức Minh","ojt.synthetic.se200560@example.com","K20","Công nghệ thông tin","Hệ thống thông tin","BIT_IS_K19D_K20A","4","42",""
"SE200561","Trần Quốc Bảo","ojt.synthetic.se200561@example.com","K20","Công nghệ thông tin","An toàn thông tin","BIT_IA_K20D-21A","2","12",""
"SE200562","Phan Minh Quân","ojt.synthetic.se200562@example.com","K20","Công nghệ thông tin","Hệ thống thông tin","BIT_IS_K20B","3","30",""
"SE200563","Đỗ Hải Nam","ojt.synthetic.se200563@example.com","K20","Công nghệ thông tin","An toàn thông tin","BIT_IA_K20D-21A","2","15",""
"SE200564","Đỗ Bảo Ngọc","ojt.synthetic.se200564@example.com","K20","Công nghệ thông tin","Trí tuệ nhân tạo","BIT_AI_K20D-21A","2","15",""
"SE200565","Đặng Tuấn Kiệt","ojt.synthetic.se200565@example.com","K20","Công nghệ thông tin","Hệ thống thông tin","BIT_IS_K20B","3","30",""
"SE200566","Đỗ Thanh Tâm","ojt.synthetic.se200566@example.com","K20","Công nghệ thông tin","Trí tuệ nhân tạo","BIT_AI_K20C","3","30",""
"SE200567","Lê Đức Minh","ojt.synthetic.se200567@example.com","K20","Công nghệ thông tin","Hệ thống thông tin","BIT_IS_K20C","3","30",""
"SE200568","Phan Minh Anh","ojt.synthetic.se200568@example.com","K20","Công nghệ thông tin","An toàn thông tin","BIT_IA_K20C","3","30",""
"SE200569","Đặng Hải Nam","ojt.synthetic.se200569@example.com","K20","Công nghệ thông tin","An toàn thông tin","BIT_IA_K20C","3","27",""
"SE200570","Đỗ Khánh Linh","ojt.synthetic.se200570@example.com","K20","Công nghệ thông tin","An toàn thông tin","BIT_IA_K19D-20A","4","45",""
"SE200571","Vũ Gia Hân","ojt.synthetic.se200571@example.com","K20","Công nghệ thông tin","Hệ thống thông tin","BIT_IS_K20D","2","15",""
"SE200572","Phạm Thanh Tâm","ojt.synthetic.se200572@example.com","K20","Công nghệ thông tin","Trí tuệ nhân tạo","BIT_AI_K20C","3","30",""
"SE200573","Võ Anh Tuấn","ojt.synthetic.se200573@example.com","K20","Công nghệ thông tin","Hệ thống thông tin","BIT_IS_K20D-21A","2","15",""
"SE200574","Võ Trung Hiếu","ojt.synthetic.se200574@example.com","K20","Công nghệ thông tin","Kỹ thuật phần mềm","BIT_SE_K20D_K21A","2","15",""
"SE200575","Hoàng Hải Nam","ojt.synthetic.se200575@example.com","K20","Công nghệ thông tin","An toàn thông tin","BIT_IA_K19D-20A","4","45",""
"SE200576","Lê Gia Hân","ojt.synthetic.se200576@example.com","K20","Công nghệ thông tin","An toàn thông tin","BIT_IA_K20D-21A","2","6",""
"SE200577","Đặng Tuấn Kiệt","ojt.synthetic.se200577@example.com","K20","Công nghệ thông tin","Hệ thống thông tin","BIT_IS_K20D","2","12",""
"SE200578","Trần Bảo Ngọc","ojt.synthetic.se200578@example.com","K20","Công nghệ thông tin","An toàn thông tin","BIT_IA_K20C","3","30",""
"SE200579","Trần Minh Quân","ojt.synthetic.se200579@example.com","K20","Công nghệ thông tin","Kỹ thuật phần mềm","BIT_SE_K20C","3","30",""
"SE200580","Phan Phương Thảo","ojt.synthetic.se200580@example.com","K20","Công nghệ thông tin","Hệ thống thông tin","BIT_IS_K20D","2","15",""
"SE200581","Nguyễn Minh Anh","ojt.synthetic.se200581@example.com","K20","Công nghệ thông tin","Kỹ thuật phần mềm","BIT_SE_K19D_K20A","4","42",""
"SE200582","Phan Khánh Linh","ojt.synthetic.se200582@example.com","K20","Công nghệ thông tin","Hệ thống thông tin","BIT_IS_K20C","3","30",""
"SE200583","Vũ Hải Nam","ojt.synthetic.se200583@example.com","K20","Công nghệ thông tin","Trí tuệ nhân tạo","BIT_AI_K20B","3","30",""
"SE200584","Phan Khánh Linh","ojt.synthetic.se200584@example.com","K20","Công nghệ thông tin","Trí tuệ nhân tạo","BIT_AI_K20C","3","30",""
"SE200585","Bùi Hải Nam","ojt.synthetic.se200585@example.com","K20","Công nghệ thông tin","Kỹ thuật phần mềm","BIT_SE_K20C","3","24",""
"SE200586","Vũ Hoàng Duy","ojt.synthetic.se200586@example.com","K20","Công nghệ thông tin","Kỹ thuật phần mềm","BIT_SE_K19D_K20A","4","45",""
"SE200587","Lê Bảo Ngọc","ojt.synthetic.se200587@example.com","K20","Công nghệ thông tin","Kỹ thuật phần mềm","BIT_SE_K19D_K20A","4","45",""
"SE200588","Võ Hoàng Duy","ojt.synthetic.se200588@example.com","K20","Công nghệ thông tin","Kỹ thuật phần mềm","BIT_SE_K20C","3","30",""
"SE200589","Bùi Bảo Ngọc","ojt.synthetic.se200589@example.com","K20","Công nghệ thông tin","An toàn thông tin","BIT_IA_K20D-21A","2","15",""
"SE200590","Phạm Gia Hân","ojt.synthetic.se200590@example.com","K20","Công nghệ thông tin","Trí tuệ nhân tạo","BIT_AI_K20B_FNO","3","24",""
"SE200591","Hoàng Quốc Bảo","ojt.synthetic.se200591@example.com","K20","Công nghệ thông tin","An toàn thông tin","BIT_IA_K20D-21A","2","9",""
"SE200592","Nguyễn Thanh Tâm","ojt.synthetic.se200592@example.com","K20","Công nghệ thông tin","Kỹ thuật phần mềm","BIT_SE_K20D_K21A","2","6",""
"SE200593","Đặng Phương Thảo","ojt.synthetic.se200593@example.com","K20","Công nghệ thông tin","Hệ thống thông tin","BIT_IS_K20C","3","27",""
"SE200594","Phạm Minh Quân","ojt.synthetic.se200594@example.com","K20","Công nghệ thông tin","Hệ thống thông tin","BIT_IS_K20D","2","15",""
"SE200595","Nguyễn Gia Hân","ojt.synthetic.se200595@example.com","K20","Công nghệ thông tin","Trí tuệ nhân tạo","BIT_AI_K20B_FNO","3","30",""
"SE200596","Lê Trung Hiếu","ojt.synthetic.se200596@example.com","K20","Công nghệ thông tin","Trí tuệ nhân tạo","BIT_AI_K20B","3","27",""
"SE200597","Bùi Hải Nam","ojt.synthetic.se200597@example.com","K20","Công nghệ thông tin","An toàn thông tin","BIT_IA_K20D-21A","2","12",""
"SE200598","Phan Đức Minh","ojt.synthetic.se200598@example.com","K20","Công nghệ thông tin","Hệ thống thông tin","BIT_IS_K20B","3","30",""
"SE200599","Đỗ Khánh Linh","ojt.synthetic.se200599@example.com","K20","Công nghệ thông tin","Trí tuệ nhân tạo","BIT_AI_K19D-20A","4","42",""
"SE200600","Võ Thanh Tâm","ojt.synthetic.se200600@example.com","K20","Công nghệ thông tin","Hệ thống thông tin","BIT_IS_K20C","3","30",""
"SE200601","Vũ Trung Hiếu","ojt.synthetic.se200601@example.com","K20","Công nghệ thông tin","Trí tuệ nhân tạo","BIT_AI_K19D-20A","4","45",""
"SE200602","Lê Hoàng Duy","ojt.synthetic.se200602@example.com","K20","Công nghệ thông tin","An toàn thông tin","BIT_IA_K20D-21A","2","6",""
"SE200603","Đỗ Phương Thảo","ojt.synthetic.se200603@example.com","K20","Công nghệ thông tin","Trí tuệ nhân tạo","BIT_AI_K20C","3","30",""
"SE200604","Đỗ Ngọc Mai","ojt.synthetic.se200604@example.com","K20","Công nghệ thông tin","Kỹ thuật phần mềm","BIT_SE_K20D_K21A","2","15",""
"SE200605","Hoàng Ngọc Mai","ojt.synthetic.se200605@example.com","K20","Công nghệ thông tin","An toàn thông tin","BIT_IA_K20C","3","30",""
"SE200606","Huỳnh Thanh Tâm","ojt.synthetic.se200606@example.com","K20","Công nghệ thông tin","Kỹ thuật phần mềm","BIT_SE_K20C","3","30",""
"SE200607","Đặng Thanh Tâm","ojt.synthetic.se200607@example.com","K20","Công nghệ thông tin","Hệ thống thông tin","BIT_IS_K20B","3","27",""
"SE200608","Vũ Hải Nam","ojt.synthetic.se200608@example.com","K20","Công nghệ thông tin","Hệ thống thông tin","BIT_IS_K20D","2","12",""
"SE200609","Vũ Quang Huy","ojt.synthetic.se200609@example.com","K20","Công nghệ thông tin","Kỹ thuật phần mềm","BIT_SE_K20D_K21A","2","12",""
"SE200610","Võ Hoàng Duy","ojt.synthetic.se200610@example.com","K20","Công nghệ thông tin","An toàn thông tin","BIT_IA_K20B_FNO","3","30",""
"SE200611","Phạm Quốc Bảo","ojt.synthetic.se200611@example.com","K20","Công nghệ thông tin","Hệ thống thông tin","BIT_IS_K20C","3","24",""
"SE200612","Hoàng Thanh Tâm","ojt.synthetic.se200612@example.com","K20","Công nghệ thông tin","Trí tuệ nhân tạo","BIT_AI_K19D-20A","4","39",""
"SE200613","Phan Quang Huy","ojt.synthetic.se200613@example.com","K20","Công nghệ thông tin","An toàn thông tin","BIT_IA_K20C","3","30",""
"SE200614","Hoàng Trung Hiếu","ojt.synthetic.se200614@example.com","K20","Công nghệ thông tin","Trí tuệ nhân tạo","BIT_AI_K20D-21A","2","15",""
"SE200615","Phạm Ngọc Mai","ojt.synthetic.se200615@example.com","K20","Công nghệ thông tin","Hệ thống thông tin","BIT_IS_K20D-21A","2","12",""
"SE200616","Trần Quốc Bảo","ojt.synthetic.se200616@example.com","K20","Công nghệ thông tin","Hệ thống thông tin","BIT_IS_K20D-21A","2","15",""
"SE200617","Phạm Hải Nam","ojt.synthetic.se200617@example.com","K20","Công nghệ thông tin","Kỹ thuật phần mềm","BIT_SE_K20B","3","30",""
"SE200618","Đỗ Ngọc Mai","ojt.synthetic.se200618@example.com","K20","Công nghệ thông tin","Hệ thống thông tin","BIT_IS_K20B","3","27",""
"SE200619","Phan Minh Anh","ojt.synthetic.se200619@example.com","K20","Công nghệ thông tin","Trí tuệ nhân tạo","BIT_AI_K20C","3","30",""
"SE200620","Huỳnh Minh Quân","ojt.synthetic.se200620@example.com","K20","Công nghệ thông tin","An toàn thông tin","BIT_IA_K19D-20A","4","45",""
"SE200621","Phan Gia Hân","ojt.synthetic.se200621@example.com","K20","Công nghệ thông tin","Kỹ thuật phần mềm","BIT_SE_K20D_K21A","2","6",""
"SE200622","Hoàng Minh Quân","ojt.synthetic.se200622@example.com","K20","Công nghệ thông tin","An toàn thông tin","BIT_IA_K20C","3","30",""
"SE200623","Lê Minh Anh","ojt.synthetic.se200623@example.com","K20","Công nghệ thông tin","Trí tuệ nhân tạo","BIT_AI_K20C","3","27",""
"SE200624","Vũ Quang Huy","ojt.synthetic.se200624@example.com","K20","Công nghệ thông tin","Hệ thống thông tin","BIT_IS_K20B","3","30",""
"SE200625","Bùi Khánh Linh","ojt.synthetic.se200625@example.com","K20","Công nghệ thông tin","Kỹ thuật phần mềm","BIT_SE_K20C","3","30",""
"SE200626","Đặng Khánh Linh","ojt.synthetic.se200626@example.com","K20","Công nghệ thông tin","Kỹ thuật phần mềm","BIT_SE_K20D_K21A","2","15",""
"SE200627","Trần Hải Nam","ojt.synthetic.se200627@example.com","K20","Công nghệ thông tin","Hệ thống thông tin","BIT_IS_K19D_K20A","4","42",""
"SE200628","Lê Đức Minh","ojt.synthetic.se200628@example.com","K20","Công nghệ thông tin","Trí tuệ nhân tạo","BIT_AI_K20C","3","30",""
"SE200629","Võ Trung Hiếu","ojt.synthetic.se200629@example.com","K20","Công nghệ thông tin","Trí tuệ nhân tạo","BIT_AI_K20D-21A","2","12",""
"SE200630","Trần Phương Thảo","ojt.synthetic.se200630@example.com","K20","Công nghệ thông tin","Trí tuệ nhân tạo","BIT_AI_K19D-20A","4","45",""
"SE200631","Huỳnh Minh Anh","ojt.synthetic.se200631@example.com","K20","Công nghệ thông tin","Trí tuệ nhân tạo","BIT_AI_K20B","3","27",""
"SE200632","Đặng Ngọc Mai","ojt.synthetic.se200632@example.com","K20","Công nghệ thông tin","Trí tuệ nhân tạo","BIT_AI_K20C","3","30",""
"SE200633","Đặng Quang Huy","ojt.synthetic.se200633@example.com","K20","Công nghệ thông tin","An toàn thông tin","BIT_IA_K19D-20A","4","45",""
"SE200634","Đặng Ngọc Mai","ojt.synthetic.se200634@example.com","K20","Công nghệ thông tin","Kỹ thuật phần mềm","BIT_SE_K20C","3","30",""
"SE200635","Lê Anh Tuấn","ojt.synthetic.se200635@example.com","K20","Công nghệ thông tin","Trí tuệ nhân tạo","BIT_AI_K20C","3","30",""
"SE200636","Bùi Hoàng Duy","ojt.synthetic.se200636@example.com","K20","Công nghệ thông tin","Kỹ thuật phần mềm","BIT_SE_K19D_K20A","4","45",""
"SE200637","Vũ Quang Huy","ojt.synthetic.se200637@example.com","K20","Công nghệ thông tin","Kỹ thuật phần mềm","BIT_SE_K20B","3","30",""
"SE200638","Lê Khánh Linh","ojt.synthetic.se200638@example.com","K20","Công nghệ thông tin","An toàn thông tin","BIT_IA_K20C","3","30",""
"SE200639","Phan Khánh Linh","ojt.synthetic.se200639@example.com","K20","Công nghệ thông tin","Kỹ thuật phần mềm","BIT_SE_K20B","3","30",""
"SE200640","Nguyễn Anh Tuấn","ojt.synthetic.se200640@example.com","K20","Công nghệ thông tin","Hệ thống thông tin","BIT_IS_K19D_K20A","4","42",""
"SE200641","Võ Quốc Bảo","ojt.synthetic.se200641@example.com","K20","Công nghệ thông tin","Trí tuệ nhân tạo","BIT_AI_K20B","3","27",""
"SE200642","Vũ Hoàng Duy","ojt.synthetic.se200642@example.com","K20","Công nghệ thông tin","An toàn thông tin","BIT_IA_K19D-20A","4","45",""
"SE200643","Phan Quốc Bảo","ojt.synthetic.se200643@example.com","K20","Công nghệ thông tin","Kỹ thuật phần mềm","BIT_SE_K20C","3","24",""
"SE200644","Hoàng Tuấn Kiệt","ojt.synthetic.se200644@example.com","K20","Công nghệ thông tin","Hệ thống thông tin","BIT_IS_K20C","3","30",""
"SE200645","Phạm Đức Minh","ojt.synthetic.se200645@example.com","K20","Công nghệ thông tin","Trí tuệ nhân tạo","BIT_AI_K20D-21A","2","6",""
"SE200646","Võ Tuấn Kiệt","ojt.synthetic.se200646@example.com","K20","Công nghệ thông tin","An toàn thông tin","BIT_IA_K20D-21A","2","12",""
"SE200647","Nguyễn Quang Huy","ojt.synthetic.se200647@example.com","K20","Công nghệ thông tin","Hệ thống thông tin","BIT_IS_K19D_K20A","4","45",""
"SE200648","Phan Bảo Ngọc","ojt.synthetic.se200648@example.com","K20","Công nghệ thông tin","An toàn thông tin","BIT_IA_K20D-21A","2","6",""
"SE200649","Đỗ Gia Hân","ojt.synthetic.se200649@example.com","K20","Công nghệ thông tin","Trí tuệ nhân tạo","BIT_AI_K20D-21A","2","15",""
"SE200650","Trần Gia Hân","ojt.synthetic.se200650@example.com","K20","Công nghệ thông tin","An toàn thông tin","BIT_IA_K20B_FNO","3","27",""
"SE200651","Lê Phương Thảo","ojt.synthetic.se200651@example.com","K20","Công nghệ thông tin","An toàn thông tin","BIT_IA_K20B_FNO","3","27",""
"SE200652","Đỗ Quốc Bảo","ojt.synthetic.se200652@example.com","K20","Công nghệ thông tin","An toàn thông tin","BIT_IA_K20D-21A","2","15",""
"SE200653","Đặng Minh Quân","ojt.synthetic.se200653@example.com","K20","Công nghệ thông tin","Kỹ thuật phần mềm","BIT_SE_K19D_K20A","4","42",""
"SE200654","Đặng Trung Hiếu","ojt.synthetic.se200654@example.com","K20","Công nghệ thông tin","An toàn thông tin","BIT_IA_K20C","3","27",""
"SE200655","Nguyễn Gia Hân","ojt.synthetic.se200655@example.com","K20","Công nghệ thông tin","Trí tuệ nhân tạo","BIT_AI_K19D-20A","4","45",""
"SE200656","Trần Tuấn Kiệt","ojt.synthetic.se200656@example.com","K20","Công nghệ thông tin","Trí tuệ nhân tạo","BIT_AI_K19D-20A","4","45",""
"SE200657","Phan Ngọc Mai","ojt.synthetic.se200657@example.com","K20","Công nghệ thông tin","Trí tuệ nhân tạo","BIT_AI_K20B","3","24",""
"SE200658","Trần Minh Anh","ojt.synthetic.se200658@example.com","K20","Công nghệ thông tin","Kỹ thuật phần mềm","BIT_SE_K20B","3","27",""
"SE200659","Trần Quốc Bảo","ojt.synthetic.se200659@example.com","K20","Công nghệ thông tin","Hệ thống thông tin","BIT_IS_K19D_K20A","4","39",""
"SE200660","Phạm Anh Tuấn","ojt.synthetic.se200660@example.com","K20","Công nghệ thông tin","Trí tuệ nhân tạo","BIT_AI_K20C","3","30",""
"SE200661","Trần Hải Nam","ojt.synthetic.se200661@example.com","K20","Công nghệ thông tin","Hệ thống thông tin","BIT_IS_K20D","2","15",""
"SE200662","Đỗ Quốc Bảo","ojt.synthetic.se200662@example.com","K20","Công nghệ thông tin","Kỹ thuật phần mềm","BIT_SE_K19D_K20A","4","45",""
"SE200663","Hoàng Khánh Linh","ojt.synthetic.se200663@example.com","K20","Công nghệ thông tin","Kỹ thuật phần mềm","BIT_SE_K19D_K20A","4","42",""
"SE200664","Võ Quang Huy","ojt.synthetic.se200664@example.com","K20","Công nghệ thông tin","Kỹ thuật phần mềm","BIT_SE_K20C","3","30",""
"SE200665","Trần Gia Hân","ojt.synthetic.se200665@example.com","K20","Công nghệ thông tin","An toàn thông tin","BIT_IA_K19D-20A","4","45",""
"SE200666","Nguyễn Hải Nam","ojt.synthetic.se200666@example.com","K20","Công nghệ thông tin","Trí tuệ nhân tạo","BIT_AI_K20C","3","30",""
"SE200667","Hồ Minh Khang","ojt.synthetic.se200667@example.com","K20","Công nghệ thông tin","Hệ thống thông tin","BIT_IS_K20C","3","27",""
"SE200668","Ngô Trung Hiếu","ojt.synthetic.se200668@example.com","K20","Công nghệ thông tin","Kỹ thuật phần mềm","BIT_SE_K20D_K21A","2","12",""
"SE200669","Dương Trung Hiếu","ojt.synthetic.se200669@example.com","K20","Công nghệ thông tin","Kỹ thuật phần mềm","BIT_SE_K19D_K20A","4","36",""
"SE200670","Dương Nhật Minh","ojt.synthetic.se200670@example.com","K20","Công nghệ thông tin","Hệ thống thông tin","BIT_IS_K19D_K20A","4","45",""
"SE200671","Lê Trung Hiếu","ojt.synthetic.se200671@example.com","K20","Công nghệ thông tin","Kỹ thuật phần mềm","BIT_SE_K20B","3","30",""
"SE200672","Đỗ Ngọc Hân","ojt.synthetic.se200672@example.com","K20","Công nghệ thông tin","An toàn thông tin","BIT_IA_K20D-21A","2","15",""
"SE200673","Bùi Minh Anh","ojt.synthetic.se200673@example.com","K20","Công nghệ thông tin","Hệ thống thông tin","BIT_IS_K20D-21A","2","15",""
"SE200674","Dương Trung Hiếu","ojt.synthetic.se200674@example.com","K20","Công nghệ thông tin","Trí tuệ nhân tạo","BIT_AI_K20D-21A","2","15",""
"SE200675","Nguyễn Trung Hiếu","ojt.synthetic.se200675@example.com","K20","Công nghệ thông tin","Kỹ thuật phần mềm","BIT_SE_K20C","3","24",""
"SE200676","Hoàng Thùy Dung","ojt.synthetic.se200676@example.com","K20","Công nghệ thông tin","Kỹ thuật phần mềm","BIT_SE_K20D_K21A","2","6",""
"SE200677","Đặng Hải Đăng","ojt.synthetic.se200677@example.com","K20","Công nghệ thông tin","Hệ thống thông tin","BIT_IS_K19D_K20A","4","45",""
"SE200678","Lê Anh Thư","ojt.synthetic.se200678@example.com","K20","Công nghệ thông tin","Hệ thống thông tin","BIT_IS_K20B","3","30",""
"SE200679","Đỗ Ngọc Linh","ojt.synthetic.se200679@example.com","K20","Công nghệ thông tin","An toàn thông tin","BIT_IA_K20C","3","27",""
"SE200680","Trần Ngọc Linh","ojt.synthetic.se200680@example.com","K20","Công nghệ thông tin","Kỹ thuật phần mềm","BIT_SE_K20B","3","30",""
"SE200681","Lý Ngọc Linh","ojt.synthetic.se200681@example.com","K20","Công nghệ thông tin","Kỹ thuật phần mềm","BIT_SE_K20C","3","30",""
"SE200682","Lê Thùy Dung","ojt.synthetic.se200682@example.com","K20","Công nghệ thông tin","Hệ thống thông tin","BIT_IS_K20D","2","9",""
"SE200683","Nguyễn Khánh Vy","ojt.synthetic.se200683@example.com","K20","Công nghệ thông tin","Hệ thống thông tin","BIT_IS_K20B","3","30",""
"SE200684","Đặng Ngọc Linh","ojt.synthetic.se200684@example.com","K20","Công nghệ thông tin","Hệ thống thông tin","BIT_IS_K20D-21A","2","15",""
"SE200685","Trần Quang Huy","ojt.synthetic.se200685@example.com","K20","Công nghệ thông tin","Trí tuệ nhân tạo","BIT_AI_K19D-20A","4","45",""
"SE200686","Huỳnh Phương Thảo","ojt.synthetic.se200686@example.com","K20","Công nghệ thông tin","Kỹ thuật phần mềm","BIT_SE_K20C","3","27",""
"SE200687","Vũ Tuấn Kiệt","ojt.synthetic.se200687@example.com","K20","Công nghệ thông tin","Kỹ thuật phần mềm","BIT_SE_K19D_K20A","4","42",""
"SE200688","Võ Nhật Minh","ojt.synthetic.se200688@example.com","K20","Công nghệ thông tin","Hệ thống thông tin","BIT_IS_K19D_K20A","4","45",""
"SE200689","Bùi Tuấn Kiệt","ojt.synthetic.se200689@example.com","K20","Công nghệ thông tin","Hệ thống thông tin","BIT_IS_K20B","3","27",""
"SE200690","Hoàng Anh Thư","ojt.synthetic.se200690@example.com","K20","Công nghệ thông tin","An toàn thông tin","BIT_IA_K20B_FNO","3","24",""
"SE200691","Phạm Bảo Ngọc","ojt.synthetic.se200691@example.com","K20","Công nghệ thông tin","An toàn thông tin","BIT_IA_K20B","3","24",""
"SE200692","Bùi Thu Trang","ojt.synthetic.se200692@example.com","K20","Công nghệ thông tin","Trí tuệ nhân tạo","BIT_AI_K20B","3","30",""
"SE200693","Ngô Đức Anh","ojt.synthetic.se200693@example.com","K20","Công nghệ thông tin","Trí tuệ nhân tạo","BIT_AI_K20C","3","27",""
"SE200694","Đặng Ngọc Linh","ojt.synthetic.se200694@example.com","K20","Công nghệ thông tin","Trí tuệ nhân tạo","BIT_AI_K20B","3","27",""
"SE200695","Phạm Quốc Bảo","ojt.synthetic.se200695@example.com","K20","Công nghệ thông tin","Hệ thống thông tin","BIT_IS_K19D_K20A","4","45",""
"SE200696","Đỗ Minh Khang","ojt.synthetic.se200696@example.com","K20","Công nghệ thông tin","Hệ thống thông tin","BIT_IS_K20D-21A","2","15",""
"SE200697","Bùi Hoàng Nam","ojt.synthetic.se200697@example.com","K20","Công nghệ thông tin","Trí tuệ nhân tạo","BIT_AI_K20B_FNO","3","30",""
"SE200698","Trần Ngọc Hân","ojt.synthetic.se200698@example.com","K20","Công nghệ thông tin","Hệ thống thông tin","BIT_IS_K19D_K20A","4","42",""
"SE200699","Ngô Thùy Dung","ojt.synthetic.se200699@example.com","K20","Công nghệ thông tin","An toàn thông tin","BIT_IA_K20B_FNO","3","30",""
"SE200700","Vũ Tuấn Kiệt","ojt.synthetic.se200700@example.com","K20","Công nghệ thông tin","An toàn thông tin","BIT_IA_K20C","3","24",""
"SE200701","Bùi Đức Anh","ojt.synthetic.se200701@example.com","K20","Công nghệ thông tin","An toàn thông tin","BIT_IA_K20B_FNO","3","30",""
"SE200702","Ngô Hải Đăng","ojt.synthetic.se200702@example.com","K20","Công nghệ thông tin","Hệ thống thông tin","BIT_IS_K20C","3","27",""
"SE200703","Hoàng Minh Anh","ojt.synthetic.se200703@example.com","K20","Công nghệ thông tin","Hệ thống thông tin","BIT_IS_K20B","3","27",""
"SE200704","Võ Khánh Vy","ojt.synthetic.se200704@example.com","K20","Công nghệ thông tin","An toàn thông tin","BIT_IA_K19D-20A","4","45",""
"SE200705","Hồ Ngọc Hân","ojt.synthetic.se200705@example.com","K20","Công nghệ thông tin","Kỹ thuật phần mềm","BIT_SE_K19D_K20A","4","42",""
"SE200706","Ngô Nhật Minh","ojt.synthetic.se200706@example.com","K20","Công nghệ thông tin","Kỹ thuật phần mềm","BIT_SE_K20C","3","30",""
"SE200707","Vũ Hải Đăng","ojt.synthetic.se200707@example.com","K20","Công nghệ thông tin","Hệ thống thông tin","BIT_IS_K20B","3","27",""
"SE200708","Lê Thùy Dung","ojt.synthetic.se200708@example.com","K20","Công nghệ thông tin","An toàn thông tin","BIT_IA_K20C","3","30",""
"SE200709","Hồ Quang Huy","ojt.synthetic.se200709@example.com","K20","Công nghệ thông tin","An toàn thông tin","BIT_IA_K20C","3","30",""
"SE200710","Vũ Quang Huy","ojt.synthetic.se200710@example.com","K20","Công nghệ thông tin","Hệ thống thông tin","BIT_IS_K20B","3","24",""
"SE200711","Vũ Phương Thảo","ojt.synthetic.se200711@example.com","K20","Công nghệ thông tin","Kỹ thuật phần mềm","BIT_SE_K20C","3","30",""
"SE200712","Vũ Thu Trang","ojt.synthetic.se200712@example.com","K20","Công nghệ thông tin","Hệ thống thông tin","BIT_IS_K19D_K20A","4","42",""
"SE200713","Đặng Minh Anh","ojt.synthetic.se200713@example.com","K20","Công nghệ thông tin","Hệ thống thông tin","BIT_IS_K20B","3","30",""
"SE200714","Dương Minh Anh","ojt.synthetic.se200714@example.com","K20","Công nghệ thông tin","Kỹ thuật phần mềm","BIT_SE_K20D_K21A","2","15",""
"SE200715","Trần Thùy Dung","ojt.synthetic.se200715@example.com","K20","Công nghệ thông tin","Hệ thống thông tin","BIT_IS_K20D","2","6",""
"SE200716","Đỗ Gia Bảo","ojt.synthetic.se200716@example.com","K20","Công nghệ thông tin","An toàn thông tin","BIT_IA_K20B","3","27",""
"SE200717","Đặng Hoàng Nam","ojt.synthetic.se200717@example.com","K20","Công nghệ thông tin","Kỹ thuật phần mềm","BIT_SE_K20B","3","27",""
"SE200718","Phạm Nhật Minh","ojt.synthetic.se200718@example.com","K20","Công nghệ thông tin","Kỹ thuật phần mềm","BIT_SE_K20B","3","27",""
"SE200719","Đặng Thanh Hà","ojt.synthetic.se200719@example.com","K20","Công nghệ thông tin","An toàn thông tin","BIT_IA_K20C","3","21",""
"SE200720","Võ Thu Trang","ojt.synthetic.se200720@example.com","K20","Công nghệ thông tin","An toàn thông tin","BIT_IA_K19D-20A","4","36",""
"SE200721","Hoàng Hải Đăng","ojt.synthetic.se200721@example.com","K20","Công nghệ thông tin","An toàn thông tin","BIT_IA_K20D-21A","2","9",""
"SE200722","Bùi Minh Khang","ojt.synthetic.se200722@example.com","K20","Công nghệ thông tin","An toàn thông tin","BIT_IA_K19D-20A","4","45",""
"SE200723","Nguyễn Thanh Hà","ojt.synthetic.se200723@example.com","K20","Công nghệ thông tin","Trí tuệ nhân tạo","BIT_AI_K20D-21A","2","9",""
"SE200724","Đỗ Gia Bảo","ojt.synthetic.se200724@example.com","K20","Công nghệ thông tin","An toàn thông tin","BIT_IA_K19D-20A","4","39",""
"SE200725","Vũ Thanh Hà","ojt.synthetic.se200725@example.com","K20","Công nghệ thông tin","An toàn thông tin","BIT_IA_K20B","3","30",""
"SE200726","Ngô Minh Khang","ojt.synthetic.se200726@example.com","K20","Công nghệ thông tin","An toàn thông tin","BIT_IA_K20C","3","30",""
"SE200727","Dương Phương Thảo","ojt.synthetic.se200727@example.com","K20","Công nghệ thông tin","Kỹ thuật phần mềm","BIT_SE_K20B","3","27",""
"SE200728","Dương Thùy Dung","ojt.synthetic.se200728@example.com","K20","Công nghệ thông tin","Trí tuệ nhân tạo","BIT_AI_K20B_FNO","3","27",""
"SE200729","Vũ Ngọc Hân","ojt.synthetic.se200729@example.com","K20","Công nghệ thông tin","Hệ thống thông tin","BIT_IS_K20B","3","30",""
"SE200730","Lê Tuấn Kiệt","ojt.synthetic.se200730@example.com","K20","Công nghệ thông tin","Trí tuệ nhân tạo","BIT_AI_K20D-21A","2","15",""
"SE200731","Vũ Gia Bảo","ojt.synthetic.se200731@example.com","K20","Công nghệ thông tin","Trí tuệ nhân tạo","BIT_AI_K19D-20A","4","36",""
"SE200732","Phạm Gia Bảo","ojt.synthetic.se200732@example.com","K20","Công nghệ thông tin","Trí tuệ nhân tạo","BIT_AI_K19D-20A","4","45",""
"SE200733","Đặng Khánh Vy","ojt.synthetic.se200733@example.com","K20","Công nghệ thông tin","Kỹ thuật phần mềm","BIT_SE_K19D_K20A","4","45",""
"SE200734","Phạm Quang Huy","ojt.synthetic.se200734@example.com","K20","Công nghệ thông tin","Trí tuệ nhân tạo","BIT_AI_K20B","3","24",""
"SE200735","Hoàng Khánh Vy","ojt.synthetic.se200735@example.com","K20","Công nghệ thông tin","Kỹ thuật phần mềm","BIT_SE_K19D_K20A","4","45",""
"SE200736","Phạm Nhật Minh","ojt.synthetic.se200736@example.com","K20","Công nghệ thông tin","Trí tuệ nhân tạo","BIT_AI_K20D-21A","2","12",""
"SE200737","Đỗ Ngọc Linh","ojt.synthetic.se200737@example.com","K20","Công nghệ thông tin","Kỹ thuật phần mềm","BIT_SE_K19D_K20A","4","45",""
"SE200738","Phạm Ngọc Linh","ojt.synthetic.se200738@example.com","K20","Công nghệ thông tin","Kỹ thuật phần mềm","BIT_SE_K19D_K20A","4","45",""
"SE200739","Trần Minh Anh","ojt.synthetic.se200739@example.com","K20","Công nghệ thông tin","Trí tuệ nhân tạo","BIT_AI_K20B_FNO","3","30",""
"SE200740","Bùi Thùy Dung","ojt.synthetic.se200740@example.com","K20","Công nghệ thông tin","Trí tuệ nhân tạo","BIT_AI_K19D-20A","4","42",""
"SE200741","Hồ Thanh Hà","ojt.synthetic.se200741@example.com","K20","Công nghệ thông tin","Kỹ thuật phần mềm","BIT_SE_K20D_K21A","2","15",""
"SE200742","Hồ Hoàng Nam","ojt.synthetic.se200742@example.com","K20","Công nghệ thông tin","Hệ thống thông tin","BIT_IS_K20C","3","27",""
"SE200743","Huỳnh Phương Thảo","ojt.synthetic.se200743@example.com","K20","Công nghệ thông tin","Kỹ thuật phần mềm","BIT_SE_K19D_K20A","4","45",""
"SE200744","Đỗ Nhật Minh","ojt.synthetic.se200744@example.com","K20","Công nghệ thông tin","Kỹ thuật phần mềm","BIT_SE_K20D_K21A","2","15",""
"SE200745","Lý Hải Đăng","ojt.synthetic.se200745@example.com","K20","Công nghệ thông tin","Trí tuệ nhân tạo","BIT_AI_K19D-20A","4","42",""
"SE200746","Ngô Ngọc Linh","ojt.synthetic.se200746@example.com","K20","Công nghệ thông tin","An toàn thông tin","BIT_IA_K20B_FNO","3","24",""
"SE200747","Bùi Gia Bảo","ojt.synthetic.se200747@example.com","K20","Công nghệ thông tin","An toàn thông tin","BIT_IA_K20B","3","30",""
"SE200748","Huỳnh Trung Hiếu","ojt.synthetic.se200748@example.com","K20","Công nghệ thông tin","Trí tuệ nhân tạo","BIT_AI_K20C","3","30",""
"SE200749","Lê Hải Đăng","ojt.synthetic.se200749@example.com","K20","Công nghệ thông tin","Kỹ thuật phần mềm","BIT_SE_K20B","3","30",""
"SE200750","Đặng Hoàng Nam","ojt.synthetic.se200750@example.com","K20","Công nghệ thông tin","Trí tuệ nhân tạo","BIT_AI_K19D-20A","4","42",""
"SE200751","Phạm Gia Bảo","ojt.synthetic.se200751@example.com","K20","Công nghệ thông tin","Trí tuệ nhân tạo","BIT_AI_K19D-20A","4","45",""
"SE200752","Đặng Trung Hiếu","ojt.synthetic.se200752@example.com","K20","Công nghệ thông tin","An toàn thông tin","BIT_IA_K20D-21A","2","15",""
"SE200753","Đỗ Thu Trang","ojt.synthetic.se200753@example.com","K20","Công nghệ thông tin","Kỹ thuật phần mềm","BIT_SE_K20B","3","30",""
"SE200754","Vũ Phương Thảo","ojt.synthetic.se200754@example.com","K20","Công nghệ thông tin","An toàn thông tin","BIT_IA_K19D-20A","4","45",""
"SE200755","Lý Quốc Bảo","ojt.synthetic.se200755@example.com","K20","Công nghệ thông tin","An toàn thông tin","BIT_IA_K19D-20A","4","45",""
"SE200756","Dương Minh Khang","ojt.synthetic.se200756@example.com","K20","Công nghệ thông tin","Kỹ thuật phần mềm","BIT_SE_K20D_K21A","2","15",""
"SE200757","Phạm Tuấn Kiệt","ojt.synthetic.se200757@example.com","K20","Công nghệ thông tin","Trí tuệ nhân tạo","BIT_AI_K20B_FNO","3","30",""
"SE200758","Dương Thùy Dung","ojt.synthetic.se200758@example.com","K20","Công nghệ thông tin","An toàn thông tin","BIT_IA_K19D-20A","4","42",""
"SE200759","Huỳnh Phương Thảo","ojt.synthetic.se200759@example.com","K20","Công nghệ thông tin","Hệ thống thông tin","BIT_IS_K20C","3","27",""
"SE200760","Vũ Quang Huy","ojt.synthetic.se200760@example.com","K20","Công nghệ thông tin","Trí tuệ nhân tạo","BIT_AI_K20D-21A","2","15",""
"SE200761","Phạm Anh Thư","ojt.synthetic.se200761@example.com","K20","Công nghệ thông tin","Hệ thống thông tin","BIT_IS_K19D_K20A","4","42",""
"SE200762","Lê Gia Bảo","ojt.synthetic.se200762@example.com","K20","Công nghệ thông tin","An toàn thông tin","BIT_IA_K20D-21A","2","15",""
"SE200763","Phạm Tuấn Kiệt","ojt.synthetic.se200763@example.com","K20","Công nghệ thông tin","An toàn thông tin","BIT_IA_K20C","3","27",""
"SE200764","Lê Thùy Dung","ojt.synthetic.se200764@example.com","K20","Công nghệ thông tin","Kỹ thuật phần mềm","BIT_SE_K20D_K21A","2","15",""
"SE200765","Vũ Khánh Vy","ojt.synthetic.se200765@example.com","K20","Công nghệ thông tin","An toàn thông tin","BIT_IA_K20B","3","30",""
"SE200766","Võ Minh Anh","ojt.synthetic.se200766@example.com","K20","Công nghệ thông tin","An toàn thông tin","BIT_IA_K20C","3","30",""
"SE200767","Hoàng Bảo Ngọc","ojt.synthetic.se200767@example.com","K20","Công nghệ thông tin","Trí tuệ nhân tạo","BIT_AI_K20B","3","27",""
"SE200768","Võ Quang Huy","ojt.synthetic.se200768@example.com","K20","Công nghệ thông tin","Trí tuệ nhân tạo","BIT_AI_K19D-20A","4","45",""
"SE200769","Lê Đức Anh","ojt.synthetic.se200769@example.com","K20","Công nghệ thông tin","Kỹ thuật phần mềm","BIT_SE_K20B","3","27",""
"SE200770","Vũ Quang Huy","ojt.synthetic.se200770@example.com","K20","Công nghệ thông tin","An toàn thông tin","BIT_IA_K20C","3","21",""
"SE200771","Võ Khánh Vy","ojt.synthetic.se200771@example.com","K20","Công nghệ thông tin","Trí tuệ nhân tạo","BIT_AI_K20B","3","27",""
"SE200772","Nguyễn Ngọc Linh","ojt.synthetic.se200772@example.com","K20","Công nghệ thông tin","Kỹ thuật phần mềm","BIT_SE_K19D_K20A","4","45",""
"SE200773","Lê Anh Thư","ojt.synthetic.se200773@example.com","K20","Công nghệ thông tin","Hệ thống thông tin","BIT_IS_K19D_K20A","4","42",""
"SE200774","Hồ Minh Khang","ojt.synthetic.se200774@example.com","K20","Công nghệ thông tin","Trí tuệ nhân tạo","BIT_AI_K20D-21A","2","12",""
"SE200775","Võ Gia Bảo","ojt.synthetic.se200775@example.com","K20","Công nghệ thông tin","Kỹ thuật phần mềm","BIT_SE_K20B","3","21",""
"SE200776","Dương Quốc Bảo","ojt.synthetic.se200776@example.com","K20","Công nghệ thông tin","An toàn thông tin","BIT_IA_K20D-21A","2","12",""
"SE200777","Vũ Phương Thảo","ojt.synthetic.se200777@example.com","K20","Công nghệ thông tin","Hệ thống thông tin","BIT_IS_K20B","3","27",""
"SE200778","Hồ Gia Bảo","ojt.synthetic.se200778@example.com","K20","Công nghệ thông tin","Kỹ thuật phần mềm","BIT_SE_K20C","3","30",""
"SE200779","Lý Tuấn Kiệt","ojt.synthetic.se200779@example.com","K20","Công nghệ thông tin","Kỹ thuật phần mềm","BIT_SE_K20C","3","27",""
"SE200780","Phạm Ngọc Linh","ojt.synthetic.se200780@example.com","K20","Công nghệ thông tin","Trí tuệ nhân tạo","BIT_AI_K19D-20A","4","45",""
"SE200781","Hoàng Thanh Hà","ojt.synthetic.se200781@example.com","K20","Công nghệ thông tin","Kỹ thuật phần mềm","BIT_SE_K20D_K21A","2","12",""
"SE200782","Hoàng Anh Thư","ojt.synthetic.se200782@example.com","K20","Công nghệ thông tin","Trí tuệ nhân tạo","BIT_AI_K20B","3","27",""
"SE200783","Lê Thùy Dung","ojt.synthetic.se200783@example.com","K20","Công nghệ thông tin","Trí tuệ nhân tạo","BIT_AI_K20B_FNO","3","24",""
"SE200784","Nguyễn Đức Anh","ojt.synthetic.se200784@example.com","K20","Công nghệ thông tin","Hệ thống thông tin","BIT_IS_K20B","3","30",""
"SE200785","Trần Bảo Ngọc","ojt.synthetic.se200785@example.com","K20","Công nghệ thông tin","Trí tuệ nhân tạo","BIT_AI_K20B","3","30",""
"SE200786","Đỗ Nhật Minh","ojt.synthetic.se200786@example.com","K20","Công nghệ thông tin","An toàn thông tin","BIT_IA_K20B_FNO","3","30",""
"SE200787","Trần Thu Trang","ojt.synthetic.se200787@example.com","K20","Công nghệ thông tin","Kỹ thuật phần mềm","BIT_SE_K20B","3","30",""
"SE200788","Lê Thùy Dung","ojt.synthetic.se200788@example.com","K20","Công nghệ thông tin","An toàn thông tin","BIT_IA_K19D-20A","4","45",""
"SE200789","Huỳnh Nhật Minh","ojt.synthetic.se200789@example.com","K20","Công nghệ thông tin","Hệ thống thông tin","BIT_IS_K20C","3","30",""
"SE200790","Ngô Thanh Hà","ojt.synthetic.se200790@example.com","K20","Công nghệ thông tin","Hệ thống thông tin","BIT_IS_K19D_K20A","4","42",""
"SE200791","Lê Minh Anh","ojt.synthetic.se200791@example.com","K20","Công nghệ thông tin","Hệ thống thông tin","BIT_IS_K20D","2","15",""
"SE200792","Dương Nhật Minh","ojt.synthetic.se200792@example.com","K20","Công nghệ thông tin","An toàn thông tin","BIT_IA_K20B","3","30",""
"SE200793","Trần Thu Trang","ojt.synthetic.se200793@example.com","K20","Công nghệ thông tin","Hệ thống thông tin","BIT_IS_K20D","2","15",""
"SE200794","Võ Quốc Bảo","ojt.synthetic.se200794@example.com","K20","Công nghệ thông tin","Hệ thống thông tin","BIT_IS_K20D-21A","2","15",""
"SE200795","Trần Hoàng Nam","ojt.synthetic.se200795@example.com","K20","Công nghệ thông tin","Hệ thống thông tin","BIT_IS_K19D_K20A","4","45",""
"SE200796","Đỗ Đức Anh","ojt.synthetic.se200796@example.com","K20","Công nghệ thông tin","Kỹ thuật phần mềm","BIT_SE_K20B","3","30",""
"SE200797","Phạm Ngọc Hân","ojt.synthetic.se200797@example.com","K20","Công nghệ thông tin","Hệ thống thông tin","BIT_IS_K19D_K20A","4","45",""
"SE200798","Lý Bảo Ngọc","ojt.synthetic.se200798@example.com","K20","Công nghệ thông tin","Hệ thống thông tin","BIT_IS_K19D_K20A","4","45",""
"SE200799","Bùi Quang Huy","ojt.synthetic.se200799@example.com","K20","Công nghệ thông tin","Hệ thống thông tin","BIT_IS_K20D","2","15",""
"SE200800","Hoàng Hải Đăng","ojt.synthetic.se200800@example.com","K20","Công nghệ thông tin","Trí tuệ nhân tạo","BIT_AI_K20B","3","27",""
"SE200801","Lý Thu Trang","ojt.synthetic.se200801@example.com","K20","Công nghệ thông tin","Hệ thống thông tin","BIT_IS_K20C","3","24",""
"SE200802","Nguyễn Nhật Minh","ojt.synthetic.se200802@example.com","K20","Công nghệ thông tin","Kỹ thuật phần mềm","BIT_SE_K20C","3","30",""
"SE200803","Vũ Minh Anh","ojt.synthetic.se200803@example.com","K20","Công nghệ thông tin","An toàn thông tin","BIT_IA_K20B_FNO","3","30",""
"SE200804","Lý Minh Anh","ojt.synthetic.se200804@example.com","K20","Công nghệ thông tin","Trí tuệ nhân tạo","BIT_AI_K20D-21A","2","15",""
"SE200805","Đỗ Thùy Dung","ojt.synthetic.se200805@example.com","K20","Công nghệ thông tin","Hệ thống thông tin","BIT_IS_K20B","3","30",""
"SE200806","Phạm Trung Hiếu","ojt.synthetic.se200806@example.com","K20","Công nghệ thông tin","Hệ thống thông tin","BIT_IS_K20D","2","6",""
"SE200807","Ngô Bảo Ngọc","ojt.synthetic.se200807@example.com","K20","Công nghệ thông tin","An toàn thông tin","BIT_IA_K19D-20A","4","45",""
"SE200808","Hoàng Quang Huy","ojt.synthetic.se200808@example.com","K20","Công nghệ thông tin","An toàn thông tin","BIT_IA_K20D-21A","2","12",""
"SE200809","Ngô Ngọc Hân","ojt.synthetic.se200809@example.com","K20","Công nghệ thông tin","Trí tuệ nhân tạo","BIT_AI_K20C","3","27",""
"SE200810","Bùi Thu Trang","ojt.synthetic.se200810@example.com","K20","Công nghệ thông tin","An toàn thông tin","BIT_IA_K20C","3","30",""
"SE200811","Võ Hoàng Nam","ojt.synthetic.se200811@example.com","K20","Công nghệ thông tin","An toàn thông tin","BIT_IA_K20B_FNO","3","30",""
"SE200812","Hoàng Quốc Bảo","ojt.synthetic.se200812@example.com","K20","Công nghệ thông tin","Hệ thống thông tin","BIT_IS_K20B","3","21",""
"SE200813","Đặng Hải Đăng","ojt.synthetic.se200813@example.com","K20","Công nghệ thông tin","An toàn thông tin","BIT_IA_K20B_FNO","3","27",""
"SE200814","Võ Bảo Ngọc","ojt.synthetic.se200814@example.com","K20","Công nghệ thông tin","Kỹ thuật phần mềm","BIT_SE_K20B","3","27",""
"SE200815","Hoàng Đức Anh","ojt.synthetic.se200815@example.com","K20","Công nghệ thông tin","Hệ thống thông tin","BIT_IS_K20C","3","30",""
"SE200816","Võ Trung Hiếu","ojt.synthetic.se200816@example.com","K20","Công nghệ thông tin","Trí tuệ nhân tạo","BIT_AI_K20B","3","30",""
"SE200817","Trần Minh Khang","ojt.synthetic.se200817@example.com","K20","Công nghệ thông tin","Kỹ thuật phần mềm","BIT_SE_K20C","3","30",""
"SE200818","Đỗ Thùy Dung","ojt.synthetic.se200818@example.com","K20","Công nghệ thông tin","Hệ thống thông tin","BIT_IS_K20D-21A","2","12",""
"SE200819","Hồ Anh Thư","ojt.synthetic.se200819@example.com","K20","Công nghệ thông tin","An toàn thông tin","BIT_IA_K20D-21A","2","15",""
"SE200820","Hồ Anh Thư","ojt.synthetic.se200820@example.com","K20","Công nghệ thông tin","Kỹ thuật phần mềm","BIT_SE_K20B","3","27",""
"SE200821","Huỳnh Anh Thư","ojt.synthetic.se200821@example.com","K20","Công nghệ thông tin","An toàn thông tin","BIT_IA_K20C","3","30",""
"SE200822","Trần Ngọc Hân","ojt.synthetic.se200822@example.com","K20","Công nghệ thông tin","An toàn thông tin","BIT_IA_K19D-20A","4","45",""
"SE200823","Lý Đức Anh","ojt.synthetic.se200823@example.com","K20","Công nghệ thông tin","Trí tuệ nhân tạo","BIT_AI_K20C","3","30",""
"SE200824","Lê Trung Hiếu","ojt.synthetic.se200824@example.com","K20","Công nghệ thông tin","Hệ thống thông tin","BIT_IS_K20C","3","30",""
"SE200825","Vũ Thanh Hà","ojt.synthetic.se200825@example.com","K20","Công nghệ thông tin","Trí tuệ nhân tạo","BIT_AI_K20D-21A","2","9",""
"SE200826","Hồ Anh Thư","ojt.synthetic.se200826@example.com","K20","Công nghệ thông tin","Hệ thống thông tin","BIT_IS_K20B","3","27",""
"SE200827","Huỳnh Bảo Ngọc","ojt.synthetic.se200827@example.com","K20","Công nghệ thông tin","An toàn thông tin","BIT_IA_K20C","3","30",""
"SE200828","Hoàng Quốc Bảo","ojt.synthetic.se200828@example.com","K20","Công nghệ thông tin","An toàn thông tin","BIT_IA_K20C","3","30",""
"SE200829","Lê Nhật Minh","ojt.synthetic.se200829@example.com","K20","Công nghệ thông tin","Kỹ thuật phần mềm","BIT_SE_K20B","3","27",""
"SE200830","Võ Nhật Minh","ojt.synthetic.se200830@example.com","K20","Công nghệ thông tin","Kỹ thuật phần mềm","BIT_SE_K20C","3","30",""
"SE200831","Ngô Minh Anh","ojt.synthetic.se200831@example.com","K20","Công nghệ thông tin","An toàn thông tin","BIT_IA_K20D-21A","2","15",""
"SE200832","Ngô Minh Anh","ojt.synthetic.se200832@example.com","K20","Công nghệ thông tin","Hệ thống thông tin","BIT_IS_K20D-21A","2","15",""
"SE200833","Hoàng Anh Thư","ojt.synthetic.se200833@example.com","K20","Công nghệ thông tin","An toàn thông tin","BIT_IA_K20D-21A","2","12",""
"SE200834","Nguyễn Quang Huy","ojt.synthetic.se200834@example.com","K20","Công nghệ thông tin","An toàn thông tin","BIT_IA_K20C","3","27",""
"SE200835","Ngô Nhật Minh","ojt.synthetic.se200835@example.com","K20","Công nghệ thông tin","Trí tuệ nhân tạo","BIT_AI_K20C","3","30",""
"SE200836","Hoàng Thu Trang","ojt.synthetic.se200836@example.com","K20","Công nghệ thông tin","Trí tuệ nhân tạo","BIT_AI_K20B","3","21",""
"SE200837","Vũ Quốc Bảo","ojt.synthetic.se200837@example.com","K20","Công nghệ thông tin","Kỹ thuật phần mềm","BIT_SE_K20B","3","30",""
"SE200838","Hoàng Hoàng Nam","ojt.synthetic.se200838@example.com","K20","Công nghệ thông tin","Hệ thống thông tin","BIT_IS_K19D_K20A","4","39",""
"SE200839","Dương Đức Anh","ojt.synthetic.se200839@example.com","K20","Công nghệ thông tin","An toàn thông tin","BIT_IA_K20C","3","27",""
"SE200840","Vũ Trung Hiếu","ojt.synthetic.se200840@example.com","K20","Công nghệ thông tin","Kỹ thuật phần mềm","BIT_SE_K20B","3","30",""
"SE200841","Nguyễn Nhật Minh","ojt.synthetic.se200841@example.com","K20","Công nghệ thông tin","Kỹ thuật phần mềm","BIT_SE_K20D_K21A","2","15",""
"SE200842","Đỗ Thùy Dung","ojt.synthetic.se200842@example.com","K20","Công nghệ thông tin","Kỹ thuật phần mềm","BIT_SE_K20B","3","24",""
"SE200843","Phạm Ngọc Hân","ojt.synthetic.se200843@example.com","K20","Công nghệ thông tin","Kỹ thuật phần mềm","BIT_SE_K20D_K21A","2","15",""
"SE200844","Bùi Trung Hiếu","ojt.synthetic.se200844@example.com","K20","Công nghệ thông tin","An toàn thông tin","BIT_IA_K19D-20A","4","45",""
"SE200845","Hồ Trung Hiếu","ojt.synthetic.se200845@example.com","K20","Công nghệ thông tin","Hệ thống thông tin","BIT_IS_K20C","3","27",""
"SE200846","Đặng Anh Thư","ojt.synthetic.se200846@example.com","K20","Công nghệ thông tin","An toàn thông tin","BIT_IA_K20B","3","30",""
"SE200847","Hồ Hoàng Nam","ojt.synthetic.se200847@example.com","K20","Công nghệ thông tin","An toàn thông tin","BIT_IA_K20C","3","30",""
"SE200848","Đỗ Ngọc Hân","ojt.synthetic.se200848@example.com","K20","Công nghệ thông tin","Trí tuệ nhân tạo","BIT_AI_K20B_FNO","3","27",""
"SE200849","Vũ Thanh Hà","ojt.synthetic.se200849@example.com","K20","Công nghệ thông tin","Hệ thống thông tin","BIT_IS_K20B","3","30",""
"SE200850","Lý Quốc Bảo","ojt.synthetic.se200850@example.com","K20","Công nghệ thông tin","An toàn thông tin","BIT_IA_K20B_FNO","3","30",""
"SE200851","Bùi Hải Đăng","ojt.synthetic.se200851@example.com","K20","Công nghệ thông tin","Kỹ thuật phần mềm","BIT_SE_K20B","3","21",""
"SE200852","Trần Quang Huy","ojt.synthetic.se200852@example.com","K20","Công nghệ thông tin","An toàn thông tin","BIT_IA_K19D-20A","4","42",""
"SE200853","Hồ Khánh Vy","ojt.synthetic.se200853@example.com","K20","Công nghệ thông tin","Trí tuệ nhân tạo","BIT_AI_K20C","3","30",""
"SE200854","Vũ Quốc Bảo","ojt.synthetic.se200854@example.com","K20","Công nghệ thông tin","Hệ thống thông tin","BIT_IS_K20C","3","27",""
"SE200855","Dương Nhật Minh","ojt.synthetic.se200855@example.com","K20","Công nghệ thông tin","Hệ thống thông tin","BIT_IS_K20B","3","30",""
"SE200856","Huỳnh Anh Thư","ojt.synthetic.se200856@example.com","K20","Công nghệ thông tin","An toàn thông tin","BIT_IA_K20D-21A","2","12",""
"SE200857","Ngô Hải Đăng","ojt.synthetic.se200857@example.com","K20","Công nghệ thông tin","Kỹ thuật phần mềm","BIT_SE_K19D_K20A","4","42",""
"SE200858","Đỗ Bảo Ngọc","ojt.synthetic.se200858@example.com","K20","Công nghệ thông tin","Hệ thống thông tin","BIT_IS_K20C","3","30",""
"SE200859","Phạm Anh Thư","ojt.synthetic.se200859@example.com","K20","Công nghệ thông tin","An toàn thông tin","BIT_IA_K19D-20A","4","45",""
"SE200860","Hồ Minh Khang","ojt.synthetic.se200860@example.com","K20","Công nghệ thông tin","An toàn thông tin","BIT_IA_K20C","3","24",""
"SE200861","Hồ Thanh Hà","ojt.synthetic.se200861@example.com","K20","Công nghệ thông tin","Kỹ thuật phần mềm","BIT_SE_K19D_K20A","4","45",""
"SE200862","Trần Quốc Bảo","ojt.synthetic.se200862@example.com","K20","Công nghệ thông tin","Hệ thống thông tin","BIT_IS_K20C","3","21",""
"SE200863","Đỗ Minh Khang","ojt.synthetic.se200863@example.com","K20","Công nghệ thông tin","Trí tuệ nhân tạo","BIT_AI_K20C","3","30",""
"SE200864","Đặng Tuấn Kiệt","ojt.synthetic.se200864@example.com","K20","Công nghệ thông tin","Hệ thống thông tin","BIT_IS_K20B","3","27",""
"SE200865","Bùi Bảo Ngọc","ojt.synthetic.se200865@example.com","K20","Công nghệ thông tin","Kỹ thuật phần mềm","BIT_SE_K20B","3","27",""
"SE200866","Đặng Minh Anh","ojt.synthetic.se200866@example.com","K20","Công nghệ thông tin","Hệ thống thông tin","BIT_IS_K20D-21A","2","12",""
"SE200867","Dương Quốc Bảo","ojt.synthetic.se200867@example.com","K20","Công nghệ thông tin","Trí tuệ nhân tạo","BIT_AI_K20D-21A","2","15",""
"SE200868","Lê Quang Huy","ojt.synthetic.se200868@example.com","K20","Công nghệ thông tin","Hệ thống thông tin","BIT_IS_K19D_K20A","4","42",""
"SE200869","Hồ Quang Huy","ojt.synthetic.se200869@example.com","K20","Công nghệ thông tin","Trí tuệ nhân tạo","BIT_AI_K20D-21A","2","15",""
"SE200870","Lê Minh Anh","ojt.synthetic.se200870@example.com","K20","Công nghệ thông tin","Trí tuệ nhân tạo","BIT_AI_K20C","3","30",""
"SE200871","Phạm Gia Bảo","ojt.synthetic.se200871@example.com","K20","Công nghệ thông tin","Kỹ thuật phần mềm","BIT_SE_K20D_K21A","2","15",""
"SE200872","Trần Minh Khang","ojt.synthetic.se200872@example.com","K20","Công nghệ thông tin","Trí tuệ nhân tạo","BIT_AI_K19D-20A","4","45",""
"SE200873","Hoàng Hải Đăng","ojt.synthetic.se200873@example.com","K20","Công nghệ thông tin","Trí tuệ nhân tạo","BIT_AI_K19D-20A","4","45",""
"SE200874","Huỳnh Ngọc Hân","ojt.synthetic.se200874@example.com","K20","Công nghệ thông tin","An toàn thông tin","BIT_IA_K20B","3","27",""
"SE200875","Nguyễn Minh Khang","ojt.synthetic.se200875@example.com","K20","Công nghệ thông tin","Hệ thống thông tin","BIT_IS_K19D_K20A","4","42",""
"SE200876","Hồ Quốc Bảo","ojt.synthetic.se200876@example.com","K20","Công nghệ thông tin","Trí tuệ nhân tạo","BIT_AI_K20D-21A","2","15",""
"SE200877","Lê Ngọc Hân","ojt.synthetic.se200877@example.com","K20","Công nghệ thông tin","Trí tuệ nhân tạo","BIT_AI_K20B","3","30",""
"SE200878","Phạm Bảo Ngọc","ojt.synthetic.se200878@example.com","K20","Công nghệ thông tin","Kỹ thuật phần mềm","BIT_SE_K20D_K21A","2","15",""
"SE200879","Trần Bảo Ngọc","ojt.synthetic.se200879@example.com","K20","Công nghệ thông tin","Hệ thống thông tin","BIT_IS_K20C","3","27",""
"SE200880","Ngô Phương Thảo","ojt.synthetic.se200880@example.com","K20","Công nghệ thông tin","Hệ thống thông tin","BIT_IS_K20C","3","30",""
"SE200881","Lê Thanh Hà","ojt.synthetic.se200881@example.com","K20","Công nghệ thông tin","Kỹ thuật phần mềm","BIT_SE_K19D_K20A","4","45",""
"SE200882","Huỳnh Bảo Ngọc","ojt.synthetic.se200882@example.com","K20","Công nghệ thông tin","Trí tuệ nhân tạo","BIT_AI_K19D-20A","4","42",""
"SE200883","Đặng Bảo Ngọc","ojt.synthetic.se200883@example.com","K20","Công nghệ thông tin","Kỹ thuật phần mềm","BIT_SE_K20B","3","30",""
"SE200884","Nguyễn Anh Thư","ojt.synthetic.se200884@example.com","K20","Công nghệ thông tin","An toàn thông tin","BIT_IA_K20C","3","27",""
"SE200885","Đặng Tuấn Kiệt","ojt.synthetic.se200885@example.com","K20","Công nghệ thông tin","An toàn thông tin","BIT_IA_K20D-21A","2","12",""
"SE200886","Hồ Tuấn Kiệt","ojt.synthetic.se200886@example.com","K20","Công nghệ thông tin","Kỹ thuật phần mềm","BIT_SE_K20C","3","30",""
"SE200887","Lê Quang Huy","ojt.synthetic.se200887@example.com","K20","Công nghệ thông tin","Trí tuệ nhân tạo","BIT_AI_K20D-21A","2","12",""
"SE200888","Lý Trung Hiếu","ojt.synthetic.se200888@example.com","K20","Công nghệ thông tin","An toàn thông tin","BIT_IA_K20C","3","30",""
"SE200889","Trần Minh Anh","ojt.synthetic.se200889@example.com","K20","Công nghệ thông tin","Hệ thống thông tin","BIT_IS_K19D_K20A","4","45",""
"SE200890","Đặng Quốc Bảo","ojt.synthetic.se200890@example.com","K20","Công nghệ thông tin","An toàn thông tin","BIT_IA_K20B","3","30",""
"SE200891","Đặng Minh Khang","ojt.synthetic.se200891@example.com","K20","Công nghệ thông tin","Kỹ thuật phần mềm","BIT_SE_K20C","3","30",""
"SE200892","Lê Phương Thảo","ojt.synthetic.se200892@example.com","K20","Công nghệ thông tin","Hệ thống thông tin","BIT_IS_K20C","3","30",""
"SE200893","Hồ Hải Đăng","ojt.synthetic.se200893@example.com","K20","Công nghệ thông tin","Kỹ thuật phần mềm","BIT_SE_K19D_K20A","4","45",""
"SE200894","Lý Quang Huy","ojt.synthetic.se200894@example.com","K20","Công nghệ thông tin","Trí tuệ nhân tạo","BIT_AI_K20C","3","24",""
"SE200895","Huỳnh Đức Anh","ojt.synthetic.se200895@example.com","K20","Công nghệ thông tin","Hệ thống thông tin","BIT_IS_K20B","3","30",""
"SE200896","Lê Trung Hiếu","ojt.synthetic.se200896@example.com","K20","Công nghệ thông tin","An toàn thông tin","BIT_IA_K20B_FNO","3","24",""
"SE200897","Đặng Hoàng Nam","ojt.synthetic.se200897@example.com","K20","Công nghệ thông tin","Kỹ thuật phần mềm","BIT_SE_K20D_K21A","2","15",""
"SE200898","Trần Hải Đăng","ojt.synthetic.se200898@example.com","K20","Công nghệ thông tin","Trí tuệ nhân tạo","BIT_AI_K20B_FNO","3","30",""
"SE200899","Lê Khánh Vy","ojt.synthetic.se200899@example.com","K20","Công nghệ thông tin","An toàn thông tin","BIT_IA_K19D-20A","4","45",""
"SE200900","Dương Tuấn Kiệt","ojt.synthetic.se200900@example.com","K20","Công nghệ thông tin","Trí tuệ nhân tạo","BIT_AI_K20C","3","30",""
"SE200901","Lê Hoàng Nam","ojt.synthetic.se200901@example.com","K20","Công nghệ thông tin","Hệ thống thông tin","BIT_IS_K20D","2","12",""
"SE200902","Võ Minh Khang","ojt.synthetic.se200902@example.com","K20","Công nghệ thông tin","Trí tuệ nhân tạo","BIT_AI_K20D-21A","2","12",""
"SE200903","Hồ Đức Anh","ojt.synthetic.se200903@example.com","K20","Công nghệ thông tin","An toàn thông tin","BIT_IA_K19D-20A","4","45",""
"SE200904","Phạm Gia Bảo","ojt.synthetic.se200904@example.com","K20","Công nghệ thông tin","Trí tuệ nhân tạo","BIT_AI_K19D-20A","4","45",""
"SE200905","Trần Khánh Vy","ojt.synthetic.se200905@example.com","K20","Công nghệ thông tin","An toàn thông tin","BIT_IA_K20B_FNO","3","30",""
"SE200906","Vũ Minh Khang","ojt.synthetic.se200906@example.com","K20","Công nghệ thông tin","Trí tuệ nhân tạo","BIT_AI_K20C","3","30",""
"SE200907","Hoàng Đức Anh","ojt.synthetic.se200907@example.com","K20","Công nghệ thông tin","Trí tuệ nhân tạo","BIT_AI_K20D-21A","2","15",""
"SE200908","Phạm Khánh Vy","ojt.synthetic.se200908@example.com","K20","Công nghệ thông tin","Hệ thống thông tin","BIT_IS_K20B","3","27",""
"SE200909","Nguyễn Trung Hiếu","ojt.synthetic.se200909@example.com","K20","Công nghệ thông tin","Trí tuệ nhân tạo","BIT_AI_K20C","3","24",""
"SE200910","Phạm Bảo Ngọc","ojt.synthetic.se200910@example.com","K20","Công nghệ thông tin","Kỹ thuật phần mềm","BIT_SE_K20D_K21A","2","15",""
"SE200911","Lý Hoàng Nam","ojt.synthetic.se200911@example.com","K20","Công nghệ thông tin","Kỹ thuật phần mềm","BIT_SE_K19D_K20A","4","45",""
"SE200912","Lê Hoàng Nam","ojt.synthetic.se200912@example.com","K20","Công nghệ thông tin","An toàn thông tin","BIT_IA_K19D-20A","4","45",""
"SE200913","Võ Trung Hiếu","ojt.synthetic.se200913@example.com","K20","Công nghệ thông tin","Trí tuệ nhân tạo","BIT_AI_K20B","3","30",""
"SE200914","Ngô Thùy Dung","ojt.synthetic.se200914@example.com","K20","Công nghệ thông tin","Kỹ thuật phần mềm","BIT_SE_K19D_K20A","4","45",""
"SE200915","Đặng Đức Anh","ojt.synthetic.se200915@example.com","K20","Công nghệ thông tin","Kỹ thuật phần mềm","BIT_SE_K20B","3","30",""
"SE200916","Võ Tuấn Kiệt","ojt.synthetic.se200916@example.com","K20","Công nghệ thông tin","An toàn thông tin","BIT_IA_K20C","3","30",""
"SE200917","Nguyễn Anh Thư","ojt.synthetic.se200917@example.com","K20","Công nghệ thông tin","Kỹ thuật phần mềm","BIT_SE_K19D_K20A","4","45",""
"SE200918","Hoàng Bảo Ngọc","ojt.synthetic.se200918@example.com","K20","Công nghệ thông tin","Kỹ thuật phần mềm","BIT_SE_K20B","3","30",""
"SE200919","Phạm Ngọc Hân","ojt.synthetic.se200919@example.com","K20","Công nghệ thông tin","Trí tuệ nhân tạo","BIT_AI_K20B","3","27",""
"SE200920","Võ Minh Khang","ojt.synthetic.se200920@example.com","K20","Công nghệ thông tin","An toàn thông tin","BIT_IA_K19D-20A","4","42",""
"SE200921","Huỳnh Quang Huy","ojt.synthetic.se200921@example.com","K20","Công nghệ thông tin","An toàn thông tin","BIT_IA_K19D-20A","4","42",""
"SE200922","Đặng Trung Hiếu","ojt.synthetic.se200922@example.com","K20","Công nghệ thông tin","Kỹ thuật phần mềm","BIT_SE_K20C","3","30",""
"SE200923","Lê Ngọc Linh","ojt.synthetic.se200923@example.com","K20","Công nghệ thông tin","Kỹ thuật phần mềm","BIT_SE_K20C","3","27",""
"SE200924","Ngô Khánh Vy","ojt.synthetic.se200924@example.com","K20","Công nghệ thông tin","Hệ thống thông tin","BIT_IS_K20D","2","15",""
"SE200925","Lê Trung Hiếu","ojt.synthetic.se200925@example.com","K20","Công nghệ thông tin","Hệ thống thông tin","BIT_IS_K19D_K20A","4","45",""
"SE200926","Bùi Phương Thảo","ojt.synthetic.se200926@example.com","K20","Công nghệ thông tin","Trí tuệ nhân tạo","BIT_AI_K20B_FNO","3","27",""
"SE200927","Lê Trung Hiếu","ojt.synthetic.se200927@example.com","K20","Công nghệ thông tin","Hệ thống thông tin","BIT_IS_K19D_K20A","4","39",""
"SE200928","Bùi Thùy Dung","ojt.synthetic.se200928@example.com","K20","Công nghệ thông tin","Trí tuệ nhân tạo","BIT_AI_K20B","3","30",""
"SE200929","Lý Hải Đăng","ojt.synthetic.se200929@example.com","K20","Công nghệ thông tin","Trí tuệ nhân tạo","BIT_AI_K20D-21A","2","15",""
"SE200930","Lê Quang Huy","ojt.synthetic.se200930@example.com","K20","Công nghệ thông tin","Hệ thống thông tin","BIT_IS_K19D_K20A","4","45",""
"SE200931","Hoàng Hải Đăng","ojt.synthetic.se200931@example.com","K20","Công nghệ thông tin","Kỹ thuật phần mềm","BIT_SE_K20B","3","30",""
"SE200932","Lê Minh Anh","ojt.synthetic.se200932@example.com","K20","Công nghệ thông tin","Hệ thống thông tin","BIT_IS_K20C","3","21",""
"SE200933","Võ Anh Thư","ojt.synthetic.se200933@example.com","K20","Công nghệ thông tin","Hệ thống thông tin","BIT_IS_K20D-21A","2","6",""
"SE200934","Nguyễn Gia Bảo","ojt.synthetic.se200934@example.com","K20","Công nghệ thông tin","Hệ thống thông tin","BIT_IS_K20C","3","27",""
"SE200935","Bùi Anh Thư","ojt.synthetic.se200935@example.com","K20","Công nghệ thông tin","Hệ thống thông tin","BIT_IS_K20B","3","30",""
"SE200936","Phạm Phương Thảo","ojt.synthetic.se200936@example.com","K20","Công nghệ thông tin","Hệ thống thông tin","BIT_IS_K20B","3","24",""
"SE200937","Lê Nhật Minh","ojt.synthetic.se200937@example.com","K20","Công nghệ thông tin","Hệ thống thông tin","BIT_IS_K20C","3","30",""
"SE200938","Ngô Phương Thảo","ojt.synthetic.se200938@example.com","K20","Công nghệ thông tin","Kỹ thuật phần mềm","BIT_SE_K20B","3","21",""
"SE200939","Võ Hoàng Nam","ojt.synthetic.se200939@example.com","K20","Công nghệ thông tin","Hệ thống thông tin","BIT_IS_K20C","3","30",""
"SE200940","Lê Quang Huy","ojt.synthetic.se200940@example.com","K20","Công nghệ thông tin","Kỹ thuật phần mềm","BIT_SE_K20B","3","27",""
"SE200941","Nguyễn Bảo Ngọc","ojt.synthetic.se200941@example.com","K20","Công nghệ thông tin","Hệ thống thông tin","BIT_IS_K19D_K20A","4","45",""
"SE200942","Đỗ Thùy Dung","ojt.synthetic.se200942@example.com","K20","Công nghệ thông tin","Trí tuệ nhân tạo","BIT_AI_K20B_FNO","3","30",""
"SE200943","Huỳnh Trung Hiếu","ojt.synthetic.se200943@example.com","K20","Công nghệ thông tin","Hệ thống thông tin","BIT_IS_K20C","3","24",""
"SE200944","Huỳnh Nhật Minh","ojt.synthetic.se200944@example.com","K20","Công nghệ thông tin","Kỹ thuật phần mềm","BIT_SE_K20D_K21A","2","9",""
"SE200945","Nguyễn Gia Bảo","ojt.synthetic.se200945@example.com","K20","Công nghệ thông tin","Kỹ thuật phần mềm","BIT_SE_K20B","3","27",""
"SE200946","Hồ Thanh Hà","ojt.synthetic.se200946@example.com","K20","Công nghệ thông tin","Hệ thống thông tin","BIT_IS_K20C","3","24",""
"SE200947","Lê Minh Anh","ojt.synthetic.se200947@example.com","K20","Công nghệ thông tin","Trí tuệ nhân tạo","BIT_AI_K19D-20A","4","42",""
"SE200948","Hồ Phương Thảo","ojt.synthetic.se200948@example.com","K20","Công nghệ thông tin","Kỹ thuật phần mềm","BIT_SE_K19D_K20A","4","42",""
"SE200949","Võ Phương Thảo","ojt.synthetic.se200949@example.com","K20","Công nghệ thông tin","Kỹ thuật phần mềm","BIT_SE_K19D_K20A","4","36",""
"SE200950","Vũ Thanh Hà","ojt.synthetic.se200950@example.com","K20","Công nghệ thông tin","Kỹ thuật phần mềm","BIT_SE_K20C","3","30",""
"SE200951","Lý Hoàng Nam","ojt.synthetic.se200951@example.com","K20","Công nghệ thông tin","Kỹ thuật phần mềm","BIT_SE_K19D_K20A","4","45",""
"SE200952","Lý Đức Anh","ojt.synthetic.se200952@example.com","K20","Công nghệ thông tin","An toàn thông tin","BIT_IA_K20C","3","24",""
"SE200953","Lý Ngọc Hân","ojt.synthetic.se200953@example.com","K20","Công nghệ thông tin","An toàn thông tin","BIT_IA_K20C","3","30",""
"SE200954","Vũ Minh Khang","ojt.synthetic.se200954@example.com","K20","Công nghệ thông tin","Trí tuệ nhân tạo","BIT_AI_K20B_FNO","3","27",""
"SE200955","Phạm Thanh Hà","ojt.synthetic.se200955@example.com","K20","Công nghệ thông tin","An toàn thông tin","BIT_IA_K19D-20A","4","42",""
"SE200956","Phạm Phương Thảo","ojt.synthetic.se200956@example.com","K20","Công nghệ thông tin","Trí tuệ nhân tạo","BIT_AI_K20B_FNO","3","27",""
"SE200957","Phạm Gia Bảo","ojt.synthetic.se200957@example.com","K20","Công nghệ thông tin","Hệ thống thông tin","BIT_IS_K20C","3","30",""
"SE200958","Ngô Anh Thư","ojt.synthetic.se200958@example.com","K20","Công nghệ thông tin","An toàn thông tin","BIT_IA_K20B","3","27",""
"SE200959","Đỗ Quang Huy","ojt.synthetic.se200959@example.com","K20","Công nghệ thông tin","Kỹ thuật phần mềm","BIT_SE_K20D_K21A","2","15",""
"SE200960","Lê Quang Huy","ojt.synthetic.se200960@example.com","K20","Công nghệ thông tin","Hệ thống thông tin","BIT_IS_K20C","3","30",""
"SE200961","Nguyễn Quốc Bảo","ojt.synthetic.se200961@example.com","K20","Công nghệ thông tin","Trí tuệ nhân tạo","BIT_AI_K19D-20A","4","45",""
"SE200962","Hồ Phương Thảo","ojt.synthetic.se200962@example.com","K20","Công nghệ thông tin","Kỹ thuật phần mềm","BIT_SE_K20D_K21A","2","15",""
"SE200963","Huỳnh Anh Thư","ojt.synthetic.se200963@example.com","K20","Công nghệ thông tin","Kỹ thuật phần mềm","BIT_SE_K19D_K20A","4","39",""
"SE200964","Ngô Khánh Vy","ojt.synthetic.se200964@example.com","K20","Công nghệ thông tin","An toàn thông tin","BIT_IA_K20B","3","27",""
"SE200965","Hồ Minh Khang","ojt.synthetic.se200965@example.com","K20","Công nghệ thông tin","Trí tuệ nhân tạo","BIT_AI_K19D-20A","4","42",""
"SE200966","Dương Ngọc Linh","ojt.synthetic.se200966@example.com","K20","Công nghệ thông tin","An toàn thông tin","BIT_IA_K20C","3","30",""
"SE200967","Phạm Tuấn Kiệt","ojt.synthetic.se200967@example.com","K20","Công nghệ thông tin","Hệ thống thông tin","BIT_IS_K20B","3","27",""
"SE200968","Võ Thanh Hà","ojt.synthetic.se200968@example.com","K20","Công nghệ thông tin","An toàn thông tin","BIT_IA_K19D-20A","4","45",""
"SE200969","Vũ Tuấn Kiệt","ojt.synthetic.se200969@example.com","K20","Công nghệ thông tin","Kỹ thuật phần mềm","BIT_SE_K20B","3","30",""
"SE200970","Ngô Thu Trang","ojt.synthetic.se200970@example.com","K20","Công nghệ thông tin","Hệ thống thông tin","BIT_IS_K20B","3","30",""
"SE200971","Võ Hải Đăng","ojt.synthetic.se200971@example.com","K20","Công nghệ thông tin","An toàn thông tin","BIT_IA_K20C","3","27",""
"SE200972","Đặng Minh Khang","ojt.synthetic.se200972@example.com","K20","Công nghệ thông tin","Kỹ thuật phần mềm","BIT_SE_K20C","3","30",""
"SE200973","Lý Quốc Bảo","ojt.synthetic.se200973@example.com","K20","Công nghệ thông tin","Trí tuệ nhân tạo","BIT_AI_K19D-20A","4","45",""
"SE200974","Lê Thu Trang","ojt.synthetic.se200974@example.com","K20","Công nghệ thông tin","Trí tuệ nhân tạo","BIT_AI_K20D-21A","2","15",""
"SE200975","Vũ Trung Hiếu","ojt.synthetic.se200975@example.com","K20","Công nghệ thông tin","Kỹ thuật phần mềm","BIT_SE_K19D_K20A","4","45",""
"SE200976","Trần Trung Hiếu","ojt.synthetic.se200976@example.com","K20","Công nghệ thông tin","Hệ thống thông tin","BIT_IS_K20B","3","27",""
"SE200977","Đặng Ngọc Linh","ojt.synthetic.se200977@example.com","K20","Công nghệ thông tin","Kỹ thuật phần mềm","BIT_SE_K19D_K20A","4","45",""
"SE200978","Bùi Quốc Bảo","ojt.synthetic.se200978@example.com","K20","Công nghệ thông tin","An toàn thông tin","BIT_IA_K20C","3","30",""
"SE200979","Hồ Thanh Hà","ojt.synthetic.se200979@example.com","K20","Công nghệ thông tin","Kỹ thuật phần mềm","BIT_SE_K20B","3","30",""
"SE200980","Hoàng Quang Huy","ojt.synthetic.se200980@example.com","K20","Công nghệ thông tin","Hệ thống thông tin","BIT_IS_K20B","3","27",""
"SE200981","Đỗ Đức Anh","ojt.synthetic.se200981@example.com","K20","Công nghệ thông tin","An toàn thông tin","BIT_IA_K20B","3","30",""
"SE200982","Dương Ngọc Linh","ojt.synthetic.se200982@example.com","K20","Công nghệ thông tin","Hệ thống thông tin","BIT_IS_K20C","3","30",""
"SE200983","Hoàng Hải Đăng","ojt.synthetic.se200983@example.com","K20","Công nghệ thông tin","Trí tuệ nhân tạo","BIT_AI_K20D-21A","2","15",""
"SE200984","Võ Thu Trang","ojt.synthetic.se200984@example.com","K20","Công nghệ thông tin","Kỹ thuật phần mềm","BIT_SE_K20D_K21A","2","15",""
"SE200985","Vũ Quang Huy","ojt.synthetic.se200985@example.com","K20","Công nghệ thông tin","Kỹ thuật phần mềm","BIT_SE_K20B","3","30",""
"SE200986","Dương Anh Thư","ojt.synthetic.se200986@example.com","K20","Công nghệ thông tin","Kỹ thuật phần mềm","BIT_SE_K19D_K20A","4","45",""
"SE200987","Lê Trung Hiếu","ojt.synthetic.se200987@example.com","K20","Công nghệ thông tin","An toàn thông tin","BIT_IA_K20D-21A","2","15",""
"SE200988","Phạm Gia Bảo","ojt.synthetic.se200988@example.com","K20","Công nghệ thông tin","Trí tuệ nhân tạo","BIT_AI_K20C","3","30",""
"SE200989","Huỳnh Thùy Dung","ojt.synthetic.se200989@example.com","K20","Công nghệ thông tin","An toàn thông tin","BIT_IA_K20B_FNO","3","30",""
"SE200990","Bùi Đức Anh","ojt.synthetic.se200990@example.com","K20","Công nghệ thông tin","Kỹ thuật phần mềm","BIT_SE_K19D_K20A","4","45",""
"SE200991","Đỗ Khánh Vy","ojt.synthetic.se200991@example.com","K20","Công nghệ thông tin","Trí tuệ nhân tạo","BIT_AI_K20C","3","30",""
"SE200992","Phạm Ngọc Hân","ojt.synthetic.se200992@example.com","K20","Công nghệ thông tin","Trí tuệ nhân tạo","BIT_AI_K20B_FNO","3","24",""
"SE200993","Phạm Ngọc Hân","ojt.synthetic.se200993@example.com","K20","Công nghệ thông tin","Kỹ thuật phần mềm","BIT_SE_K20C","3","30",""
"SE200994","Trần Quốc Bảo","ojt.synthetic.se200994@example.com","K20","Công nghệ thông tin","An toàn thông tin","BIT_IA_K19D-20A","4","45",""
"SE200995","Đặng Khánh Vy","ojt.synthetic.se200995@example.com","K20","Công nghệ thông tin","Hệ thống thông tin","BIT_IS_K19D_K20A","4","42",""
"SE200996","Dương Hải Đăng","ojt.synthetic.se200996@example.com","K20","Công nghệ thông tin","Hệ thống thông tin","BIT_IS_K20D","2","15",""
"SE200997","Hoàng Thu Trang","ojt.synthetic.se200997@example.com","K20","Công nghệ thông tin","Hệ thống thông tin","BIT_IS_K19D_K20A","4","45",""
"SE200998","Vũ Gia Bảo","ojt.synthetic.se200998@example.com","K20","Công nghệ thông tin","Hệ thống thông tin","BIT_IS_K20B","3","27",""
"SE200999","Trần Quốc Bảo","ojt.synthetic.se200999@example.com","K20","Công nghệ thông tin","Trí tuệ nhân tạo","BIT_AI_K20D-21A","2","12",""
"SE210000","Nguyễn Phương Thảo","ojt.synthetic.se210000@example.com","K21","Công nghệ thông tin","Kỹ thuật phần mềm","BIT_SE_K21B","2","9",""
"SE210001","Võ Minh Quân","ojt.synthetic.se210001@example.com","K21","Công nghệ thông tin","Trí tuệ nhân tạo","BIT_AI_K21B","2","15",""
"SE210002","Trần Hoàng Duy","ojt.synthetic.se210002@example.com","K21","Công nghệ thông tin","Trí tuệ nhân tạo","BIT_AI_K21B","2","15",""
"SE210003","Phạm Phương Thảo","ojt.synthetic.se210003@example.com","K21","Công nghệ thông tin","Hệ thống thông tin","BIT_IS_K20D-21A","2","12",""
"SE210004","Phạm Hải Nam","ojt.synthetic.se210004@example.com","K21","Công nghệ thông tin","An toàn thông tin","BIT_IA_K21D-22A","1","0",""
"SE210005","Vũ Anh Tuấn","ojt.synthetic.se210005@example.com","K21","Công nghệ thông tin","Kỹ thuật phần mềm","BIT_SE_K21C","1","0",""
"SE210006","Lê Hoàng Duy","ojt.synthetic.se210006@example.com","K21","Công nghệ thông tin","Hệ thống thông tin","BIT_IS_K20D-21A","2","15",""
"SE210007","Võ Phương Thảo","ojt.synthetic.se210007@example.com","K21","Công nghệ thông tin","An toàn thông tin","BIT_IA_K21B","2","15",""
"SE210008","Võ Phương Thảo","ojt.synthetic.se210008@example.com","K21","Công nghệ thông tin","An toàn thông tin","BIT_IA_K20D-21A","2","15",""
"SE210009","Nguyễn Tuấn Kiệt","ojt.synthetic.se210009@example.com","K21","Công nghệ thông tin","An toàn thông tin","BIT_IA_K21C","1","0",""
"SE210010","Phạm Quốc Bảo","ojt.synthetic.se210010@example.com","K21","Công nghệ thông tin","An toàn thông tin","BIT_IA_K20D-21A","2","12",""
"SE210011","Phạm Trung Hiếu","ojt.synthetic.se210011@example.com","K21","Công nghệ thông tin","An toàn thông tin","BIT_IA_K21D-22A","1","0",""
"SE210012","Vũ Khánh Linh","ojt.synthetic.se210012@example.com","K21","Công nghệ thông tin","Trí tuệ nhân tạo","BIT_AI_K21B","2","12",""
"SE210013","Phan Phương Thảo","ojt.synthetic.se210013@example.com","K21","Công nghệ thông tin","Hệ thống thông tin","BIT_IS_K20D-21A","2","15",""
"SE210014","Huỳnh Quốc Bảo","ojt.synthetic.se210014@example.com","K21","Công nghệ thông tin","An toàn thông tin","BIT_IA_K21D-22A","1","0",""
"SE210015","Phạm Hải Nam","ojt.synthetic.se210015@example.com","K21","Công nghệ thông tin","Kỹ thuật phần mềm","BIT_SE-2026_K21D_K22A","1","0",""
"SE210016","Huỳnh Hải Nam","ojt.synthetic.se210016@example.com","K21","Công nghệ thông tin","Kỹ thuật phần mềm","BIT_SE-2026_K21D_K22A","1","0",""
"SE210017","Đặng Quang Huy","ojt.synthetic.se210017@example.com","K21","Công nghệ thông tin","Trí tuệ nhân tạo","BIT_AI_K21C","1","0",""
"SE210018","Lê Khánh Linh","ojt.synthetic.se210018@example.com","K21","Công nghệ thông tin","Kỹ thuật phần mềm","BIT_SE_K21C","1","0",""
"SE210019","Võ Minh Anh","ojt.synthetic.se210019@example.com","K21","Công nghệ thông tin","Trí tuệ nhân tạo","BIT_AI_K21B","2","15",""
"SE210020","Phạm Quốc Bảo","ojt.synthetic.se210020@example.com","K21","Công nghệ thông tin","Trí tuệ nhân tạo","BIT_AI_K21C","1","0",""
"SE210021","Đỗ Minh Anh","ojt.synthetic.se210021@example.com","K21","Công nghệ thông tin","Trí tuệ nhân tạo","BIT_AI_K20D-21A","2","12",""
"SE210022","Hoàng Minh Anh","ojt.synthetic.se210022@example.com","K21","Công nghệ thông tin","Kỹ thuật phần mềm","BIT_SE_K21C","1","0",""
"SE210023","Đỗ Minh Anh","ojt.synthetic.se210023@example.com","K21","Công nghệ thông tin","Kỹ thuật phần mềm","BIT_SE_K20D_K21A","2","15",""
"SE210024","Đỗ Thanh Tâm","ojt.synthetic.se210024@example.com","K21","Công nghệ thông tin","Hệ thống thông tin","BIT_IS_K20D-21A","2","15",""
"SE210025","Trần Trung Hiếu","ojt.synthetic.se210025@example.com","K21","Công nghệ thông tin","Kỹ thuật phần mềm","BIT_SE-2026_K21D_K22A","1","0",""
"SE210026","Trần Đức Minh","ojt.synthetic.se210026@example.com","K21","Công nghệ thông tin","Kỹ thuật phần mềm","BIT_SE_K21C","1","0",""
"SE210027","Vũ Minh Quân","ojt.synthetic.se210027@example.com","K21","Công nghệ thông tin","An toàn thông tin","BIT_IA_K21B","2","15",""
"SE210028","Phạm Bảo Ngọc","ojt.synthetic.se210028@example.com","K21","Công nghệ thông tin","Hệ thống thông tin","BIT_IS_K20D-21A","2","15",""
"SE210029","Phạm Minh Anh","ojt.synthetic.se210029@example.com","K21","Công nghệ thông tin","Hệ thống thông tin","BIT_IS_K20D-21A","2","15",""
"SE210030","Bùi Tuấn Kiệt","ojt.synthetic.se210030@example.com","K21","Công nghệ thông tin","Kỹ thuật phần mềm","BIT_SE_K21C","1","0",""
"SE210031","Trần Gia Hân","ojt.synthetic.se210031@example.com","K21","Công nghệ thông tin","Hệ thống thông tin","BIT_IS_K20D-21A","2","15",""
"SE210032","Bùi Hải Nam","ojt.synthetic.se210032@example.com","K21","Công nghệ thông tin","An toàn thông tin","BIT_IA_K21B","2","15",""
"SE210033","Đặng Ngọc Mai","ojt.synthetic.se210033@example.com","K21","Công nghệ thông tin","Kỹ thuật phần mềm","BIT_SE_K21B","2","12",""
"SE210034","Trần Hải Nam","ojt.synthetic.se210034@example.com","K21","Công nghệ thông tin","An toàn thông tin","BIT_IA_K21C","1","0",""
"SE210035","Lê Phương Thảo","ojt.synthetic.se210035@example.com","K21","Công nghệ thông tin","An toàn thông tin","BIT_IA_K21C","1","0",""
"SE210036","Nguyễn Quốc Bảo","ojt.synthetic.se210036@example.com","K21","Công nghệ thông tin","Trí tuệ nhân tạo","BIT_AI_K21C","1","0",""
"SE210037","Phạm Minh Quân","ojt.synthetic.se210037@example.com","K21","Công nghệ thông tin","Kỹ thuật phần mềm","BIT_SE_K21B","2","15",""
"SE210038","Huỳnh Thanh Tâm","ojt.synthetic.se210038@example.com","K21","Công nghệ thông tin","Trí tuệ nhân tạo","BIT_AI_K21D-22A","1","0",""
"SE210039","Vũ Thanh Tâm","ojt.synthetic.se210039@example.com","K21","Công nghệ thông tin","Kỹ thuật phần mềm","BIT_SE_K21C","1","0",""
"SE210040","Huỳnh Quốc Bảo","ojt.synthetic.se210040@example.com","K21","Công nghệ thông tin","An toàn thông tin","BIT_IA_K21D-22A","1","0",""
"SE210041","Phạm Quốc Bảo","ojt.synthetic.se210041@example.com","K21","Công nghệ thông tin","An toàn thông tin","BIT_IA_K21C","1","0",""
"SE210042","Nguyễn Quang Huy","ojt.synthetic.se210042@example.com","K21","Công nghệ thông tin","Trí tuệ nhân tạo","BIT_AI_K21C","1","0",""
"SE210043","Vũ Trung Hiếu","ojt.synthetic.se210043@example.com","K21","Công nghệ thông tin","An toàn thông tin","BIT_IA_K21B","2","12",""
"SE210044","Vũ Trung Hiếu","ojt.synthetic.se210044@example.com","K21","Công nghệ thông tin","Trí tuệ nhân tạo","BIT_AI_K21D-22A","1","0",""
"SE210045","Đặng Hải Nam","ojt.synthetic.se210045@example.com","K21","Công nghệ thông tin","Hệ thống thông tin","BIT_IS_K20D-21A","2","15",""
"SE210046","Nguyễn Quốc Bảo","ojt.synthetic.se210046@example.com","K21","Công nghệ thông tin","Hệ thống thông tin","BIT_IS_K20D-21A","2","6",""
"SE210047","Nguyễn Gia Hân","ojt.synthetic.se210047@example.com","K21","Công nghệ thông tin","Hệ thống thông tin","BIT_IS_K20D-21A","2","6",""
"SE210048","Đặng Minh Quân","ojt.synthetic.se210048@example.com","K21","Công nghệ thông tin","Hệ thống thông tin","BIT_IS_K20D-21A","2","15",""
"SE210049","Vũ Thanh Tâm","ojt.synthetic.se210049@example.com","K21","Công nghệ thông tin","Kỹ thuật phần mềm","BIT_SE_K21C","1","0",""
"SE210050","Lê Gia Hân","ojt.synthetic.se210050@example.com","K21","Công nghệ thông tin","Hệ thống thông tin","BIT_IS_K20D-21A","2","9",""
"SE210051","Phan Khánh Linh","ojt.synthetic.se210051@example.com","K21","Công nghệ thông tin","Hệ thống thông tin","BIT_IS_K20D-21A","2","15",""
"SE210052","Phan Quang Huy","ojt.synthetic.se210052@example.com","K21","Công nghệ thông tin","An toàn thông tin","BIT_IA_K21B","2","6",""
"SE210053","Hoàng Hoàng Duy","ojt.synthetic.se210053@example.com","K21","Công nghệ thông tin","Hệ thống thông tin","BIT_IS_K20D-21A","2","15",""
"SE210054","Đặng Đức Minh","ojt.synthetic.se210054@example.com","K21","Công nghệ thông tin","Kỹ thuật phần mềm","BIT_SE_K21C","1","0",""
"SE210055","Phạm Thanh Tâm","ojt.synthetic.se210055@example.com","K21","Công nghệ thông tin","Trí tuệ nhân tạo","BIT_AI_K20D-21A","2","15",""
"SE210056","Lê Thanh Tâm","ojt.synthetic.se210056@example.com","K21","Công nghệ thông tin","Trí tuệ nhân tạo","BIT_AI_K20D-21A","2","12",""
"SE210057","Hoàng Bảo Ngọc","ojt.synthetic.se210057@example.com","K21","Công nghệ thông tin","Kỹ thuật phần mềm","BIT_SE_K20D_K21A","2","15",""
"SE210058","Đặng Hải Nam","ojt.synthetic.se210058@example.com","K21","Công nghệ thông tin","An toàn thông tin","BIT_IA_K21B","2","12",""
"SE210059","Đỗ Bảo Ngọc","ojt.synthetic.se210059@example.com","K21","Công nghệ thông tin","Kỹ thuật phần mềm","BIT_SE_K20D_K21A","2","15",""
"SE210060","Võ Đức Minh","ojt.synthetic.se210060@example.com","K21","Công nghệ thông tin","An toàn thông tin","BIT_IA_K21D-22A","1","0",""
"SE210061","Bùi Hải Nam","ojt.synthetic.se210061@example.com","K21","Công nghệ thông tin","An toàn thông tin","BIT_IA_K21D-22A","1","0",""
"SE210062","Nguyễn Hoàng Duy","ojt.synthetic.se210062@example.com","K21","Công nghệ thông tin","Hệ thống thông tin","BIT_IS_K20D-21A","2","15",""
"SE210063","Vũ Trung Hiếu","ojt.synthetic.se210063@example.com","K21","Công nghệ thông tin","Trí tuệ nhân tạo","BIT_AI_K20D-21A","2","15",""
"SE210064","Đặng Anh Tuấn","ojt.synthetic.se210064@example.com","K21","Công nghệ thông tin","Hệ thống thông tin","BIT_IS_K20D-21A","2","15",""
"SE210065","Võ Gia Hân","ojt.synthetic.se210065@example.com","K21","Công nghệ thông tin","An toàn thông tin","BIT_IA_K21B","2","12",""
"SE210066","Lê Hải Nam","ojt.synthetic.se210066@example.com","K21","Công nghệ thông tin","An toàn thông tin","BIT_IA_K21C","1","0",""
"SE210067","Nguyễn Đức Minh","ojt.synthetic.se210067@example.com","K21","Công nghệ thông tin","Trí tuệ nhân tạo","BIT_AI_K21B","2","6",""
"SE210068","Hoàng Quang Huy","ojt.synthetic.se210068@example.com","K21","Công nghệ thông tin","Hệ thống thông tin","BIT_IS_K20D-21A","2","12",""
"SE210069","Lê Anh Tuấn","ojt.synthetic.se210069@example.com","K21","Công nghệ thông tin","Trí tuệ nhân tạo","BIT_AI_K21C","1","0",""
"SE210070","Bùi Bảo Ngọc","ojt.synthetic.se210070@example.com","K21","Công nghệ thông tin","Hệ thống thông tin","BIT_IS_K20D-21A","2","15",""
"SE210071","Đặng Thanh Tâm","ojt.synthetic.se210071@example.com","K21","Công nghệ thông tin","Trí tuệ nhân tạo","BIT_AI_K21C","1","0",""
"SE210072","Đặng Tuấn Kiệt","ojt.synthetic.se210072@example.com","K21","Công nghệ thông tin","An toàn thông tin","BIT_IA_K21D-22A","1","0",""
"SE210073","Võ Trung Hiếu","ojt.synthetic.se210073@example.com","K21","Công nghệ thông tin","Trí tuệ nhân tạo","BIT_AI_K21D-22A","1","0",""
"SE210074","Hoàng Bảo Ngọc","ojt.synthetic.se210074@example.com","K21","Công nghệ thông tin","Kỹ thuật phần mềm","BIT_SE-2026_K21D_K22A","1","0",""
"SE210075","Phan Bảo Ngọc","ojt.synthetic.se210075@example.com","K21","Công nghệ thông tin","Kỹ thuật phần mềm","BIT_SE_K20D_K21A","2","12",""
"SE210076","Võ Quốc Bảo","ojt.synthetic.se210076@example.com","K21","Công nghệ thông tin","Trí tuệ nhân tạo","BIT_AI_K21C","1","0",""
"SE210077","Nguyễn Phương Thảo","ojt.synthetic.se210077@example.com","K21","Công nghệ thông tin","Kỹ thuật phần mềm","BIT_SE_K21C","1","0",""
"SE210078","Vũ Thanh Tâm","ojt.synthetic.se210078@example.com","K21","Công nghệ thông tin","Kỹ thuật phần mềm","BIT_SE_K20D_K21A","2","15",""
"SE210079","Lê Đức Minh","ojt.synthetic.se210079@example.com","K21","Công nghệ thông tin","Kỹ thuật phần mềm","BIT_SE_K21B","2","15",""
"SE210080","Hoàng Quang Huy","ojt.synthetic.se210080@example.com","K21","Công nghệ thông tin","Hệ thống thông tin","BIT_IS_K20D-21A","2","9",""
"SE210081","Nguyễn Phương Thảo","ojt.synthetic.se210081@example.com","K21","Công nghệ thông tin","Hệ thống thông tin","BIT_IS_K20D-21A","2","12",""
"SE210082","Hoàng Minh Anh","ojt.synthetic.se210082@example.com","K21","Công nghệ thông tin","Kỹ thuật phần mềm","BIT_SE_K21C","1","0",""
"SE210083","Trần Tuấn Kiệt","ojt.synthetic.se210083@example.com","K21","Công nghệ thông tin","Kỹ thuật phần mềm","BIT_SE-2026_K21D_K22A","1","0",""
"SE210084","Bùi Hải Nam","ojt.synthetic.se210084@example.com","K21","Công nghệ thông tin","Kỹ thuật phần mềm","BIT_SE_K21B","2","15",""
"SE210085","Hoàng Thanh Tâm","ojt.synthetic.se210085@example.com","K21","Công nghệ thông tin","Hệ thống thông tin","BIT_IS_K20D-21A","2","12",""
"SE210086","Vũ Quang Huy","ojt.synthetic.se210086@example.com","K21","Công nghệ thông tin","Trí tuệ nhân tạo","BIT_AI_K20D-21A","2","15",""
"SE210087","Đặng Hải Nam","ojt.synthetic.se210087@example.com","K21","Công nghệ thông tin","Kỹ thuật phần mềm","BIT_SE-2026_K21D_K22A","1","0",""
"SE210088","Võ Quang Huy","ojt.synthetic.se210088@example.com","K21","Công nghệ thông tin","An toàn thông tin","BIT_IA_K21C","1","0",""
"SE210089","Lê Hoàng Duy","ojt.synthetic.se210089@example.com","K21","Công nghệ thông tin","Kỹ thuật phần mềm","BIT_SE_K21B","2","12",""
"SE210090","Đặng Bảo Ngọc","ojt.synthetic.se210090@example.com","K21","Công nghệ thông tin","Trí tuệ nhân tạo","BIT_AI_K21D-22A","1","0",""
"SE210091","Hoàng Khánh Linh","ojt.synthetic.se210091@example.com","K21","Công nghệ thông tin","Hệ thống thông tin","BIT_IS_K20D-21A","2","12",""
"SE210092","Trần Đức Minh","ojt.synthetic.se210092@example.com","K21","Công nghệ thông tin","Trí tuệ nhân tạo","BIT_AI_K21B","2","12",""
"SE210093","Vũ Hoàng Duy","ojt.synthetic.se210093@example.com","K21","Công nghệ thông tin","Hệ thống thông tin","BIT_IS_K20D-21A","2","12",""
"SE210094","Đặng Bảo Ngọc","ojt.synthetic.se210094@example.com","K21","Công nghệ thông tin","Hệ thống thông tin","BIT_IS_K20D-21A","2","15",""
"SE210095","Đỗ Hoàng Duy","ojt.synthetic.se210095@example.com","K21","Công nghệ thông tin","Kỹ thuật phần mềm","BIT_SE_K21C","1","0",""
"SE210096","Bùi Gia Hân","ojt.synthetic.se210096@example.com","K21","Công nghệ thông tin","Kỹ thuật phần mềm","BIT_SE-2026_K21D_K22A","1","0",""
"SE210097","Nguyễn Bảo Ngọc","ojt.synthetic.se210097@example.com","K21","Công nghệ thông tin","An toàn thông tin","BIT_IA_K20D-21A","2","12",""
"SE210098","Phạm Minh Quân","ojt.synthetic.se210098@example.com","K21","Công nghệ thông tin","An toàn thông tin","BIT_IA_K21B","2","9",""
"SE210099","Đặng Trung Hiếu","ojt.synthetic.se210099@example.com","K21","Công nghệ thông tin","Hệ thống thông tin","BIT_IS_K20D-21A","2","15",""
"SE210100","Đỗ Hoàng Duy","ojt.synthetic.se210100@example.com","K21","Công nghệ thông tin","Hệ thống thông tin","BIT_IS_K20D-21A","2","9",""
"SE210101","Nguyễn Khánh Linh","ojt.synthetic.se210101@example.com","K21","Công nghệ thông tin","Trí tuệ nhân tạo","BIT_AI_K20D-21A","2","15",""
"SE210102","Đặng Bảo Ngọc","ojt.synthetic.se210102@example.com","K21","Công nghệ thông tin","Kỹ thuật phần mềm","BIT_SE_K21B","2","15",""
"SE210103","Đặng Trung Hiếu","ojt.synthetic.se210103@example.com","K21","Công nghệ thông tin","An toàn thông tin","BIT_IA_K21D-22A","1","0",""
"SE210104","Trần Minh Anh","ojt.synthetic.se210104@example.com","K21","Công nghệ thông tin","Trí tuệ nhân tạo","BIT_AI_K21D-22A","1","0",""
"SE210105","Võ Tuấn Kiệt","ojt.synthetic.se210105@example.com","K21","Công nghệ thông tin","An toàn thông tin","BIT_IA_K21D-22A","1","0",""
"SE210106","Phan Phương Thảo","ojt.synthetic.se210106@example.com","K21","Công nghệ thông tin","Trí tuệ nhân tạo","BIT_AI_K21D-22A","1","0",""
"SE210107","Huỳnh Khánh Linh","ojt.synthetic.se210107@example.com","K21","Công nghệ thông tin","Hệ thống thông tin","BIT_IS_K20D-21A","2","9",""
"SE210108","Nguyễn Anh Tuấn","ojt.synthetic.se210108@example.com","K21","Công nghệ thông tin","Kỹ thuật phần mềm","BIT_SE-2026_K21D_K22A","1","0",""
"SE210109","Đỗ Minh Anh","ojt.synthetic.se210109@example.com","K21","Công nghệ thông tin","An toàn thông tin","BIT_IA_K21B","2","15",""
"SE210110","Nguyễn Khánh Linh","ojt.synthetic.se210110@example.com","K21","Công nghệ thông tin","Trí tuệ nhân tạo","BIT_AI_K21C","1","0",""
"SE210111","Bùi Thanh Tâm","ojt.synthetic.se210111@example.com","K21","Công nghệ thông tin","Kỹ thuật phần mềm","BIT_SE_K21C","1","0",""
"SE210112","Võ Phương Thảo","ojt.synthetic.se210112@example.com","K21","Công nghệ thông tin","Trí tuệ nhân tạo","BIT_AI_K21D-22A","1","0",""
"SE210113","Võ Hoàng Duy","ojt.synthetic.se210113@example.com","K21","Công nghệ thông tin","Hệ thống thông tin","BIT_IS_K20D-21A","2","15",""
"SE210114","Lê Quốc Bảo","ojt.synthetic.se210114@example.com","K21","Công nghệ thông tin","Hệ thống thông tin","BIT_IS_K20D-21A","2","9",""
"SE210115","Đặng Tuấn Kiệt","ojt.synthetic.se210115@example.com","K21","Công nghệ thông tin","Hệ thống thông tin","BIT_IS_K20D-21A","2","12",""
"SE210116","Bùi Minh Quân","ojt.synthetic.se210116@example.com","K21","Công nghệ thông tin","Hệ thống thông tin","BIT_IS_K20D-21A","2","6",""
"SE210117","Hoàng Gia Hân","ojt.synthetic.se210117@example.com","K21","Công nghệ thông tin","Hệ thống thông tin","BIT_IS_K20D-21A","2","12",""
"SE210118","Lê Bảo Ngọc","ojt.synthetic.se210118@example.com","K21","Công nghệ thông tin","Kỹ thuật phần mềm","BIT_SE_K20D_K21A","2","9",""
"SE210119","Bùi Minh Anh","ojt.synthetic.se210119@example.com","K21","Công nghệ thông tin","An toàn thông tin","BIT_IA_K21B","2","12",""
"SE210120","Huỳnh Phương Thảo","ojt.synthetic.se210120@example.com","K21","Công nghệ thông tin","Kỹ thuật phần mềm","BIT_SE_K21C","1","0",""
"SE210121","Hoàng Anh Tuấn","ojt.synthetic.se210121@example.com","K21","Công nghệ thông tin","Trí tuệ nhân tạo","BIT_AI_K21C","1","0",""
"SE210122","Trần Gia Hân","ojt.synthetic.se210122@example.com","K21","Công nghệ thông tin","Kỹ thuật phần mềm","BIT_SE_K21C","1","0",""
"SE210123","Võ Minh Anh","ojt.synthetic.se210123@example.com","K21","Công nghệ thông tin","Kỹ thuật phần mềm","BIT_SE_K21B","2","6",""
"SE210124","Võ Quang Huy","ojt.synthetic.se210124@example.com","K21","Công nghệ thông tin","Trí tuệ nhân tạo","BIT_AI_K21D-22A","1","0",""
"SE210125","Nguyễn Hoàng Duy","ojt.synthetic.se210125@example.com","K21","Công nghệ thông tin","Kỹ thuật phần mềm","BIT_SE_K21B","2","15",""
"SE210126","Nguyễn Gia Hân","ojt.synthetic.se210126@example.com","K21","Công nghệ thông tin","An toàn thông tin","BIT_IA_K21D-22A","1","0",""
"SE210127","Huỳnh Quốc Bảo","ojt.synthetic.se210127@example.com","K21","Công nghệ thông tin","Trí tuệ nhân tạo","BIT_AI_K21D-22A","1","0",""
"SE210128","Trần Thanh Tâm","ojt.synthetic.se210128@example.com","K21","Công nghệ thông tin","An toàn thông tin","BIT_IA_K21D-22A","1","0",""
"SE210129","Vũ Anh Tuấn","ojt.synthetic.se210129@example.com","K21","Công nghệ thông tin","Trí tuệ nhân tạo","BIT_AI_K21D-22A","1","0",""
"SE210130","Lê Quang Huy","ojt.synthetic.se210130@example.com","K21","Công nghệ thông tin","Hệ thống thông tin","BIT_IS_K20D-21A","2","6",""
"SE210131","Vũ Gia Hân","ojt.synthetic.se210131@example.com","K21","Công nghệ thông tin","Hệ thống thông tin","BIT_IS_K20D-21A","2","15",""
"SE210132","Trần Ngọc Mai","ojt.synthetic.se210132@example.com","K21","Công nghệ thông tin","Kỹ thuật phần mềm","BIT_SE_K20D_K21A","2","15",""
"SE210133","Nguyễn Thanh Tâm","ojt.synthetic.se210133@example.com","K21","Công nghệ thông tin","An toàn thông tin","BIT_IA_K20D-21A","2","12",""
"SE210134","Lê Gia Hân","ojt.synthetic.se210134@example.com","K21","Công nghệ thông tin","Hệ thống thông tin","BIT_IS_K20D-21A","2","9",""
"SE210135","Hoàng Thanh Tâm","ojt.synthetic.se210135@example.com","K21","Công nghệ thông tin","An toàn thông tin","BIT_IA_K21B","2","15",""
"SE210136","Bùi Hoàng Duy","ojt.synthetic.se210136@example.com","K21","Công nghệ thông tin","An toàn thông tin","BIT_IA_K20D-21A","2","15",""
"SE210137","Phan Quang Huy","ojt.synthetic.se210137@example.com","K21","Công nghệ thông tin","Trí tuệ nhân tạo","BIT_AI_K21B","2","15",""
"SE210138","Đặng Tuấn Kiệt","ojt.synthetic.se210138@example.com","K21","Công nghệ thông tin","Kỹ thuật phần mềm","BIT_SE-2026_K21D_K22A","1","0",""
"SE210139","Nguyễn Gia Hân","ojt.synthetic.se210139@example.com","K21","Công nghệ thông tin","An toàn thông tin","BIT_IA_K21B","2","12",""
"SE210140","Đặng Bảo Ngọc","ojt.synthetic.se210140@example.com","K21","Công nghệ thông tin","Trí tuệ nhân tạo","BIT_AI_K20D-21A","2","15",""
"SE210141","Phạm Hải Nam","ojt.synthetic.se210141@example.com","K21","Công nghệ thông tin","Hệ thống thông tin","BIT_IS_K20D-21A","2","12",""
"SE210142","Hoàng Hoàng Duy","ojt.synthetic.se210142@example.com","K21","Công nghệ thông tin","Hệ thống thông tin","BIT_IS_K20D-21A","2","15",""
"SE210143","Phạm Tuấn Kiệt","ojt.synthetic.se210143@example.com","K21","Công nghệ thông tin","An toàn thông tin","BIT_IA_K21D-22A","1","0",""
"SE210144","Bùi Tuấn Kiệt","ojt.synthetic.se210144@example.com","K21","Công nghệ thông tin","An toàn thông tin","BIT_IA_K20D-21A","2","9",""
"SE210145","Nguyễn Trung Hiếu","ojt.synthetic.se210145@example.com","K21","Công nghệ thông tin","Kỹ thuật phần mềm","BIT_SE-2026_K21D_K22A","1","0",""
"SE210146","Bùi Anh Tuấn","ojt.synthetic.se210146@example.com","K21","Công nghệ thông tin","Trí tuệ nhân tạo","BIT_AI_K21D-22A","1","0",""
"SE210147","Võ Thanh Tâm","ojt.synthetic.se210147@example.com","K21","Công nghệ thông tin","Trí tuệ nhân tạo","BIT_AI_K21D-22A","1","0",""
"SE210148","Võ Thanh Tâm","ojt.synthetic.se210148@example.com","K21","Công nghệ thông tin","Trí tuệ nhân tạo","BIT_AI_K21B","2","15",""
"SE210149","Đỗ Phương Thảo","ojt.synthetic.se210149@example.com","K21","Công nghệ thông tin","An toàn thông tin","BIT_IA_K20D-21A","2","15",""
"SE210150","Vũ Minh Anh","ojt.synthetic.se210150@example.com","K21","Công nghệ thông tin","Trí tuệ nhân tạo","BIT_AI_K20D-21A","2","15",""
"SE210151","Phạm Hoàng Duy","ojt.synthetic.se210151@example.com","K21","Công nghệ thông tin","Kỹ thuật phần mềm","BIT_SE_K20D_K21A","2","15",""
"SE210152","Lê Ngọc Mai","ojt.synthetic.se210152@example.com","K21","Công nghệ thông tin","Trí tuệ nhân tạo","BIT_AI_K20D-21A","2","12",""
"SE210153","Hoàng Minh Anh","ojt.synthetic.se210153@example.com","K21","Công nghệ thông tin","Trí tuệ nhân tạo","BIT_AI_K21C","1","0",""
"SE210154","Võ Thanh Tâm","ojt.synthetic.se210154@example.com","K21","Công nghệ thông tin","An toàn thông tin","BIT_IA_K21D-22A","1","0",""
"SE210155","Nguyễn Thanh Tâm","ojt.synthetic.se210155@example.com","K21","Công nghệ thông tin","An toàn thông tin","BIT_IA_K21C","1","0",""
"SE210156","Lê Phương Thảo","ojt.synthetic.se210156@example.com","K21","Công nghệ thông tin","Trí tuệ nhân tạo","BIT_AI_K21C","1","0",""
"SE210157","Bùi Hoàng Duy","ojt.synthetic.se210157@example.com","K21","Công nghệ thông tin","Kỹ thuật phần mềm","BIT_SE-2026_K21D_K22A","1","0",""
"SE210158","Trần Quốc Bảo","ojt.synthetic.se210158@example.com","K21","Công nghệ thông tin","Hệ thống thông tin","BIT_IS_K20D-21A","2","15",""
"SE210159","Đỗ Bảo Ngọc","ojt.synthetic.se210159@example.com","K21","Công nghệ thông tin","Trí tuệ nhân tạo","BIT_AI_K21D-22A","1","0",""
"SE210160","Lê Đức Minh","ojt.synthetic.se210160@example.com","K21","Công nghệ thông tin","Kỹ thuật phần mềm","BIT_SE_K20D_K21A","2","15",""
"SE210161","Hoàng Thanh Tâm","ojt.synthetic.se210161@example.com","K21","Công nghệ thông tin","Hệ thống thông tin","BIT_IS_K20D-21A","2","15",""
"SE210162","Vũ Minh Quân","ojt.synthetic.se210162@example.com","K21","Công nghệ thông tin","Kỹ thuật phần mềm","BIT_SE_K21B","2","15",""
"SE210163","Huỳnh Phương Thảo","ojt.synthetic.se210163@example.com","K21","Công nghệ thông tin","Trí tuệ nhân tạo","BIT_AI_K20D-21A","2","9",""
"SE210164","Trần Bảo Ngọc","ojt.synthetic.se210164@example.com","K21","Công nghệ thông tin","Kỹ thuật phần mềm","BIT_SE_K21C","1","0",""
"SE210165","Huỳnh Tuấn Kiệt","ojt.synthetic.se210165@example.com","K21","Công nghệ thông tin","Trí tuệ nhân tạo","BIT_AI_K20D-21A","2","15",""
"SE210166","Hoàng Thanh Tâm","ojt.synthetic.se210166@example.com","K21","Công nghệ thông tin","Kỹ thuật phần mềm","BIT_SE-2026_K21D_K22A","1","0",""
"SE210167","Trần Phương Thảo","ojt.synthetic.se210167@example.com","K21","Công nghệ thông tin","Trí tuệ nhân tạo","BIT_AI_K21C","1","0",""
"SE210168","Phan Anh Tuấn","ojt.synthetic.se210168@example.com","K21","Công nghệ thông tin","Trí tuệ nhân tạo","BIT_AI_K21D-22A","1","0",""
"SE210169","Lê Hoàng Duy","ojt.synthetic.se210169@example.com","K21","Công nghệ thông tin","Trí tuệ nhân tạo","BIT_AI_K21C","1","0",""
"SE210170","Phạm Trung Hiếu","ojt.synthetic.se210170@example.com","K21","Công nghệ thông tin","Kỹ thuật phần mềm","BIT_SE_K21B","2","12",""
"SE210171","Đỗ Hoàng Duy","ojt.synthetic.se210171@example.com","K21","Công nghệ thông tin","Trí tuệ nhân tạo","BIT_AI_K21D-22A","1","0",""
"SE210172","Lê Khánh Linh","ojt.synthetic.se210172@example.com","K21","Công nghệ thông tin","Trí tuệ nhân tạo","BIT_AI_K21C","1","0",""
"SE210173","Lê Hải Nam","ojt.synthetic.se210173@example.com","K21","Công nghệ thông tin","Trí tuệ nhân tạo","BIT_AI_K20D-21A","2","12",""
"SE210174","Nguyễn Phương Thảo","ojt.synthetic.se210174@example.com","K21","Công nghệ thông tin","Trí tuệ nhân tạo","BIT_AI_K21B","2","6",""
"SE210175","Hoàng Phương Thảo","ojt.synthetic.se210175@example.com","K21","Công nghệ thông tin","An toàn thông tin","BIT_IA_K21D-22A","1","0",""
"SE210176","Võ Thanh Tâm","ojt.synthetic.se210176@example.com","K21","Công nghệ thông tin","An toàn thông tin","BIT_IA_K21C","1","0",""
"SE210177","Đặng Bảo Ngọc","ojt.synthetic.se210177@example.com","K21","Công nghệ thông tin","Trí tuệ nhân tạo","BIT_AI_K21B","2","9",""
"SE210178","Võ Hoàng Duy","ojt.synthetic.se210178@example.com","K21","Công nghệ thông tin","Trí tuệ nhân tạo","BIT_AI_K21D-22A","1","0",""
"SE210179","Phạm Quang Huy","ojt.synthetic.se210179@example.com","K21","Công nghệ thông tin","Kỹ thuật phần mềm","BIT_SE_K21B","2","15",""
"SE210180","Nguyễn Đức Minh","ojt.synthetic.se210180@example.com","K21","Công nghệ thông tin","An toàn thông tin","BIT_IA_K20D-21A","2","15",""
"SE210181","Võ Hoàng Duy","ojt.synthetic.se210181@example.com","K21","Công nghệ thông tin","Trí tuệ nhân tạo","BIT_AI_K21D-22A","1","0",""
"SE210182","Đỗ Quốc Bảo","ojt.synthetic.se210182@example.com","K21","Công nghệ thông tin","Hệ thống thông tin","BIT_IS_K20D-21A","2","15",""
"SE210183","Trần Trung Hiếu","ojt.synthetic.se210183@example.com","K21","Công nghệ thông tin","Trí tuệ nhân tạo","BIT_AI_K21D-22A","1","0",""
"SE210184","Nguyễn Hoàng Duy","ojt.synthetic.se210184@example.com","K21","Công nghệ thông tin","An toàn thông tin","BIT_IA_K21D-22A","1","0",""
"SE210185","Nguyễn Minh Anh","ojt.synthetic.se210185@example.com","K21","Công nghệ thông tin","Trí tuệ nhân tạo","BIT_AI_K21C","1","0",""
"SE210186","Nguyễn Hoàng Duy","ojt.synthetic.se210186@example.com","K21","Công nghệ thông tin","An toàn thông tin","BIT_IA_K21D-22A","1","0",""
"SE210187","Phạm Hải Nam","ojt.synthetic.se210187@example.com","K21","Công nghệ thông tin","Trí tuệ nhân tạo","BIT_AI_K20D-21A","2","12",""
"SE210188","Đỗ Hải Nam","ojt.synthetic.se210188@example.com","K21","Công nghệ thông tin","Trí tuệ nhân tạo","BIT_AI_K21D-22A","1","0",""
"SE210189","Phan Trung Hiếu","ojt.synthetic.se210189@example.com","K21","Công nghệ thông tin","An toàn thông tin","BIT_IA_K20D-21A","2","15",""
"SE210190","Nguyễn Ngọc Mai","ojt.synthetic.se210190@example.com","K21","Công nghệ thông tin","Trí tuệ nhân tạo","BIT_AI_K20D-21A","2","12",""
"SE210191","Trần Gia Hân","ojt.synthetic.se210191@example.com","K21","Công nghệ thông tin","Kỹ thuật phần mềm","BIT_SE_K21B","2","15",""
"SE210192","Phan Khánh Linh","ojt.synthetic.se210192@example.com","K21","Công nghệ thông tin","Trí tuệ nhân tạo","BIT_AI_K20D-21A","2","15",""
"SE210193","Huỳnh Đức Minh","ojt.synthetic.se210193@example.com","K21","Công nghệ thông tin","Trí tuệ nhân tạo","BIT_AI_K21C","1","0",""
"SE210194","Lê Thanh Tâm","ojt.synthetic.se210194@example.com","K21","Công nghệ thông tin","Kỹ thuật phần mềm","BIT_SE-2026_K21D_K22A","1","0",""
"SE210195","Huỳnh Phương Thảo","ojt.synthetic.se210195@example.com","K21","Công nghệ thông tin","Trí tuệ nhân tạo","BIT_AI_K21C","1","0",""
"SE210196","Võ Anh Tuấn","ojt.synthetic.se210196@example.com","K21","Công nghệ thông tin","Kỹ thuật phần mềm","BIT_SE_K20D_K21A","2","15",""
"SE210197","Vũ Trung Hiếu","ojt.synthetic.se210197@example.com","K21","Công nghệ thông tin","Hệ thống thông tin","BIT_IS_K20D-21A","2","9",""
"SE210198","Đỗ Phương Thảo","ojt.synthetic.se210198@example.com","K21","Công nghệ thông tin","Hệ thống thông tin","BIT_IS_K20D-21A","2","15",""
"SE210199","Bùi Anh Tuấn","ojt.synthetic.se210199@example.com","K21","Công nghệ thông tin","An toàn thông tin","BIT_IA_K21D-22A","1","0",""
"SE210200","Đặng Đức Minh","ojt.synthetic.se210200@example.com","K21","Công nghệ thông tin","Kỹ thuật phần mềm","BIT_SE-2026_K21D_K22A","1","0",""
"SE210201","Hoàng Quốc Bảo","ojt.synthetic.se210201@example.com","K21","Công nghệ thông tin","Kỹ thuật phần mềm","BIT_SE_K21B","2","15",""
"SE210202","Trần Ngọc Mai","ojt.synthetic.se210202@example.com","K21","Công nghệ thông tin","Trí tuệ nhân tạo","BIT_AI_K21B","2","15",""
"SE210203","Nguyễn Đức Minh","ojt.synthetic.se210203@example.com","K21","Công nghệ thông tin","An toàn thông tin","BIT_IA_K21C","1","0",""
"SE210204","Huỳnh Minh Quân","ojt.synthetic.se210204@example.com","K21","Công nghệ thông tin","Kỹ thuật phần mềm","BIT_SE_K20D_K21A","2","15",""
"SE210205","Phạm Minh Anh","ojt.synthetic.se210205@example.com","K21","Công nghệ thông tin","Trí tuệ nhân tạo","BIT_AI_K21D-22A","1","0",""
"SE210206","Trần Bảo Ngọc","ojt.synthetic.se210206@example.com","K21","Công nghệ thông tin","Hệ thống thông tin","BIT_IS_K20D-21A","2","15",""
"SE210207","Phạm Quang Huy","ojt.synthetic.se210207@example.com","K21","Công nghệ thông tin","An toàn thông tin","BIT_IA_K20D-21A","2","15",""
"SE210208","Bùi Đức Minh","ojt.synthetic.se210208@example.com","K21","Công nghệ thông tin","An toàn thông tin","BIT_IA_K21D-22A","1","0",""
"SE210209","Bùi Hoàng Duy","ojt.synthetic.se210209@example.com","K21","Công nghệ thông tin","Hệ thống thông tin","BIT_IS_K20D-21A","2","15",""
"SE210210","Lê Thanh Tâm","ojt.synthetic.se210210@example.com","K21","Công nghệ thông tin","Hệ thống thông tin","BIT_IS_K20D-21A","2","9",""
"SE210211","Bùi Thanh Tâm","ojt.synthetic.se210211@example.com","K21","Công nghệ thông tin","An toàn thông tin","BIT_IA_K21C","1","0",""
"SE210212","Đặng Quang Huy","ojt.synthetic.se210212@example.com","K21","Công nghệ thông tin","Kỹ thuật phần mềm","BIT_SE_K20D_K21A","2","15",""
"SE210213","Nguyễn Khánh Linh","ojt.synthetic.se210213@example.com","K21","Công nghệ thông tin","An toàn thông tin","BIT_IA_K20D-21A","2","15",""
"SE210214","Huỳnh Minh Quân","ojt.synthetic.se210214@example.com","K21","Công nghệ thông tin","Trí tuệ nhân tạo","BIT_AI_K21B","2","15",""
"SE210215","Huỳnh Hoàng Duy","ojt.synthetic.se210215@example.com","K21","Công nghệ thông tin","Kỹ thuật phần mềm","BIT_SE_K21C","1","0",""
"SE210216","Bùi Thanh Tâm","ojt.synthetic.se210216@example.com","K21","Công nghệ thông tin","Kỹ thuật phần mềm","BIT_SE_K21B","2","12",""
"SE210217","Trần Phương Thảo","ojt.synthetic.se210217@example.com","K21","Công nghệ thông tin","Trí tuệ nhân tạo","BIT_AI_K21B","2","12",""
"SE210218","Nguyễn Hải Nam","ojt.synthetic.se210218@example.com","K21","Công nghệ thông tin","An toàn thông tin","BIT_IA_K21C","1","0",""
"SE210219","Phạm Hải Nam","ojt.synthetic.se210219@example.com","K21","Công nghệ thông tin","An toàn thông tin","BIT_IA_K21C","1","0",""
"SE210220","Đặng Trung Hiếu","ojt.synthetic.se210220@example.com","K21","Công nghệ thông tin","Kỹ thuật phần mềm","BIT_SE_K21C","1","0",""
"SE210221","Phan Ngọc Mai","ojt.synthetic.se210221@example.com","K21","Công nghệ thông tin","Kỹ thuật phần mềm","BIT_SE_K20D_K21A","2","15",""
"SE210222","Đỗ Minh Quân","ojt.synthetic.se210222@example.com","K21","Công nghệ thông tin","Hệ thống thông tin","BIT_IS_K20D-21A","2","15",""
"SE210223","Bùi Hải Nam","ojt.synthetic.se210223@example.com","K21","Công nghệ thông tin","Trí tuệ nhân tạo","BIT_AI_K20D-21A","2","15",""
"SE210224","Phạm Hoàng Duy","ojt.synthetic.se210224@example.com","K21","Công nghệ thông tin","Hệ thống thông tin","BIT_IS_K20D-21A","2","6",""
"SE210225","Đặng Quang Huy","ojt.synthetic.se210225@example.com","K21","Công nghệ thông tin","Kỹ thuật phần mềm","BIT_SE_K21C","1","0",""
"SE210226","Phạm Đức Minh","ojt.synthetic.se210226@example.com","K21","Công nghệ thông tin","An toàn thông tin","BIT_IA_K21C","1","0",""
"SE210227","Bùi Tuấn Kiệt","ojt.synthetic.se210227@example.com","K21","Công nghệ thông tin","An toàn thông tin","BIT_IA_K20D-21A","2","15",""
"SE210228","Vũ Quốc Bảo","ojt.synthetic.se210228@example.com","K21","Công nghệ thông tin","Hệ thống thông tin","BIT_IS_K20D-21A","2","15",""
"SE210229","Huỳnh Phương Thảo","ojt.synthetic.se210229@example.com","K21","Công nghệ thông tin","Trí tuệ nhân tạo","BIT_AI_K21C","1","0",""
"SE210230","Hoàng Bảo Ngọc","ojt.synthetic.se210230@example.com","K21","Công nghệ thông tin","An toàn thông tin","BIT_IA_K20D-21A","2","15",""
"SE210231","Bùi Gia Hân","ojt.synthetic.se210231@example.com","K21","Công nghệ thông tin","Kỹ thuật phần mềm","BIT_SE_K20D_K21A","2","15",""
"SE210232","Nguyễn Tuấn Kiệt","ojt.synthetic.se210232@example.com","K21","Công nghệ thông tin","Kỹ thuật phần mềm","BIT_SE_K21B","2","15",""
"SE210233","Phan Bảo Ngọc","ojt.synthetic.se210233@example.com","K21","Công nghệ thông tin","Hệ thống thông tin","BIT_IS_K20D-21A","2","12",""
"SE210234","Đặng Minh Anh","ojt.synthetic.se210234@example.com","K21","Công nghệ thông tin","Kỹ thuật phần mềm","BIT_SE-2026_K21D_K22A","1","0",""
"SE210235","Vũ Quang Huy","ojt.synthetic.se210235@example.com","K21","Công nghệ thông tin","Hệ thống thông tin","BIT_IS_K20D-21A","2","15",""
"SE210236","Nguyễn Trung Hiếu","ojt.synthetic.se210236@example.com","K21","Công nghệ thông tin","Kỹ thuật phần mềm","BIT_SE_K21B","2","15",""
"SE210237","Hoàng Minh Anh","ojt.synthetic.se210237@example.com","K21","Công nghệ thông tin","An toàn thông tin","BIT_IA_K21B","2","12",""
"SE210238","Huỳnh Ngọc Mai","ojt.synthetic.se210238@example.com","K21","Công nghệ thông tin","Trí tuệ nhân tạo","BIT_AI_K20D-21A","2","15",""
"SE210239","Phạm Ngọc Mai","ojt.synthetic.se210239@example.com","K21","Công nghệ thông tin","Hệ thống thông tin","BIT_IS_K20D-21A","2","15",""
"SE210240","Bùi Bảo Ngọc","ojt.synthetic.se210240@example.com","K21","Công nghệ thông tin","Hệ thống thông tin","BIT_IS_K20D-21A","2","15",""
"SE210241","Võ Hải Nam","ojt.synthetic.se210241@example.com","K21","Công nghệ thông tin","Hệ thống thông tin","BIT_IS_K20D-21A","2","15",""
"SE210242","Đặng Khánh Linh","ojt.synthetic.se210242@example.com","K21","Công nghệ thông tin","Trí tuệ nhân tạo","BIT_AI_K20D-21A","2","15",""
"SE210243","Trần Anh Tuấn","ojt.synthetic.se210243@example.com","K21","Công nghệ thông tin","Kỹ thuật phần mềm","BIT_SE_K21B","2","15",""
"SE210244","Phan Phương Thảo","ojt.synthetic.se210244@example.com","K21","Công nghệ thông tin","Trí tuệ nhân tạo","BIT_AI_K20D-21A","2","12",""
"SE210245","Vũ Quốc Bảo","ojt.synthetic.se210245@example.com","K21","Công nghệ thông tin","Kỹ thuật phần mềm","BIT_SE-2026_K21D_K22A","1","0",""
"SE210246","Phạm Tuấn Kiệt","ojt.synthetic.se210246@example.com","K21","Công nghệ thông tin","Trí tuệ nhân tạo","BIT_AI_K21C","1","0",""
"SE210247","Lê Hải Nam","ojt.synthetic.se210247@example.com","K21","Công nghệ thông tin","Hệ thống thông tin","BIT_IS_K20D-21A","2","6",""
"SE210248","Phan Minh Anh","ojt.synthetic.se210248@example.com","K21","Công nghệ thông tin","Hệ thống thông tin","BIT_IS_K20D-21A","2","9",""
"SE210249","Phạm Hải Nam","ojt.synthetic.se210249@example.com","K21","Công nghệ thông tin","Hệ thống thông tin","BIT_IS_K20D-21A","2","15",""
"SE210250","Đặng Anh Tuấn","ojt.synthetic.se210250@example.com","K21","Công nghệ thông tin","An toàn thông tin","BIT_IA_K21B","2","9",""
"SE210251","Bùi Thanh Tâm","ojt.synthetic.se210251@example.com","K21","Công nghệ thông tin","Kỹ thuật phần mềm","BIT_SE_K21C","1","0",""
"SE210252","Đặng Quốc Bảo","ojt.synthetic.se210252@example.com","K21","Công nghệ thông tin","Kỹ thuật phần mềm","BIT_SE_K21B","2","15",""
"SE210253","Phạm Ngọc Mai","ojt.synthetic.se210253@example.com","K21","Công nghệ thông tin","Kỹ thuật phần mềm","BIT_SE_K21B","2","15",""
"SE210254","Võ Ngọc Mai","ojt.synthetic.se210254@example.com","K21","Công nghệ thông tin","An toàn thông tin","BIT_IA_K21B","2","9",""
"SE210255","Võ Phương Thảo","ojt.synthetic.se210255@example.com","K21","Công nghệ thông tin","Hệ thống thông tin","BIT_IS_K20D-21A","2","15",""
"SE210256","Lê Phương Thảo","ojt.synthetic.se210256@example.com","K21","Công nghệ thông tin","An toàn thông tin","BIT_IA_K21D-22A","1","0",""
"SE210257","Phạm Quốc Bảo","ojt.synthetic.se210257@example.com","K21","Công nghệ thông tin","Kỹ thuật phần mềm","BIT_SE_K21C","1","0",""
"SE210258","Phan Thanh Tâm","ojt.synthetic.se210258@example.com","K21","Công nghệ thông tin","Kỹ thuật phần mềm","BIT_SE_K20D_K21A","2","15",""
"SE210259","Lê Hoàng Duy","ojt.synthetic.se210259@example.com","K21","Công nghệ thông tin","Kỹ thuật phần mềm","BIT_SE_K21C","1","0",""
"SE210260","Huỳnh Hải Nam","ojt.synthetic.se210260@example.com","K21","Công nghệ thông tin","An toàn thông tin","BIT_IA_K21D-22A","1","0",""
"SE210261","Phan Trung Hiếu","ojt.synthetic.se210261@example.com","K21","Công nghệ thông tin","Trí tuệ nhân tạo","BIT_AI_K21B","2","15",""
"SE210262","Đặng Thanh Tâm","ojt.synthetic.se210262@example.com","K21","Công nghệ thông tin","Hệ thống thông tin","BIT_IS_K20D-21A","2","12",""
"SE210263","Bùi Quang Huy","ojt.synthetic.se210263@example.com","K21","Công nghệ thông tin","Trí tuệ nhân tạo","BIT_AI_K20D-21A","2","15",""
"SE210264","Huỳnh Tuấn Kiệt","ojt.synthetic.se210264@example.com","K21","Công nghệ thông tin","An toàn thông tin","BIT_IA_K20D-21A","2","15",""
"SE210265","Đặng Bảo Ngọc","ojt.synthetic.se210265@example.com","K21","Công nghệ thông tin","Hệ thống thông tin","BIT_IS_K20D-21A","2","12",""
"SE210266","Đỗ Quang Huy","ojt.synthetic.se210266@example.com","K21","Công nghệ thông tin","An toàn thông tin","BIT_IA_K21D-22A","1","0",""
"SE210267","Phạm Quốc Bảo","ojt.synthetic.se210267@example.com","K21","Công nghệ thông tin","Hệ thống thông tin","BIT_IS_K20D-21A","2","15",""
"SE210268","Phan Hải Nam","ojt.synthetic.se210268@example.com","K21","Công nghệ thông tin","Hệ thống thông tin","BIT_IS_K20D-21A","2","15",""
"SE210269","Lê Khánh Linh","ojt.synthetic.se210269@example.com","K21","Công nghệ thông tin","Kỹ thuật phần mềm","BIT_SE_K21B","2","12",""
"SE210270","Đỗ Minh Quân","ojt.synthetic.se210270@example.com","K21","Công nghệ thông tin","Kỹ thuật phần mềm","BIT_SE_K21B","2","6",""
"SE210271","Nguyễn Quang Huy","ojt.synthetic.se210271@example.com","K21","Công nghệ thông tin","Trí tuệ nhân tạo","BIT_AI_K21D-22A","1","0",""
"SE210272","Phan Hoàng Duy","ojt.synthetic.se210272@example.com","K21","Công nghệ thông tin","Kỹ thuật phần mềm","BIT_SE_K21C","1","0",""
"SE210273","Vũ Ngọc Mai","ojt.synthetic.se210273@example.com","K21","Công nghệ thông tin","Trí tuệ nhân tạo","BIT_AI_K21D-22A","1","0",""
"SE210274","Trần Trung Hiếu","ojt.synthetic.se210274@example.com","K21","Công nghệ thông tin","An toàn thông tin","BIT_IA_K21D-22A","1","0",""
"SE210275","Đặng Ngọc Mai","ojt.synthetic.se210275@example.com","K21","Công nghệ thông tin","Hệ thống thông tin","BIT_IS_K20D-21A","2","15",""
"SE210276","Đặng Phương Thảo","ojt.synthetic.se210276@example.com","K21","Công nghệ thông tin","Kỹ thuật phần mềm","BIT_SE_K21C","1","0",""
"SE210277","Phan Trung Hiếu","ojt.synthetic.se210277@example.com","K21","Công nghệ thông tin","Kỹ thuật phần mềm","BIT_SE_K21B","2","15",""
"SE210278","Lê Hoàng Duy","ojt.synthetic.se210278@example.com","K21","Công nghệ thông tin","Hệ thống thông tin","BIT_IS_K20D-21A","2","15",""
"SE210279","Lê Minh Anh","ojt.synthetic.se210279@example.com","K21","Công nghệ thông tin","An toàn thông tin","BIT_IA_K21D-22A","1","0",""
"SE210280","Phạm Minh Quân","ojt.synthetic.se210280@example.com","K21","Công nghệ thông tin","An toàn thông tin","BIT_IA_K21C","1","0",""
"SE210281","Trần Tuấn Kiệt","ojt.synthetic.se210281@example.com","K21","Công nghệ thông tin","Hệ thống thông tin","BIT_IS_K20D-21A","2","15",""
"SE210282","Nguyễn Khánh Linh","ojt.synthetic.se210282@example.com","K21","Công nghệ thông tin","An toàn thông tin","BIT_IA_K20D-21A","2","15",""
"SE210283","Võ Gia Hân","ojt.synthetic.se210283@example.com","K21","Công nghệ thông tin","An toàn thông tin","BIT_IA_K21D-22A","1","0",""
"SE210284","Bùi Khánh Linh","ojt.synthetic.se210284@example.com","K21","Công nghệ thông tin","Trí tuệ nhân tạo","BIT_AI_K20D-21A","2","15",""
"SE210285","Trần Hoàng Duy","ojt.synthetic.se210285@example.com","K21","Công nghệ thông tin","An toàn thông tin","BIT_IA_K21D-22A","1","0",""
"SE210286","Võ Anh Tuấn","ojt.synthetic.se210286@example.com","K21","Công nghệ thông tin","Trí tuệ nhân tạo","BIT_AI_K21B","2","6",""
"SE210287","Phan Hải Nam","ojt.synthetic.se210287@example.com","K21","Công nghệ thông tin","An toàn thông tin","BIT_IA_K20D-21A","2","15",""
"SE210288","Bùi Đức Minh","ojt.synthetic.se210288@example.com","K21","Công nghệ thông tin","Trí tuệ nhân tạo","BIT_AI_K21B","2","15",""
"SE210289","Vũ Ngọc Mai","ojt.synthetic.se210289@example.com","K21","Công nghệ thông tin","Kỹ thuật phần mềm","BIT_SE-2026_K21D_K22A","1","0",""
"SE210290","Nguyễn Khánh Linh","ojt.synthetic.se210290@example.com","K21","Công nghệ thông tin","Trí tuệ nhân tạo","BIT_AI_K20D-21A","2","15",""
"SE210291","Đặng Trung Hiếu","ojt.synthetic.se210291@example.com","K21","Công nghệ thông tin","Kỹ thuật phần mềm","BIT_SE-2026_K21D_K22A","1","0",""
"SE210292","Đặng Minh Anh","ojt.synthetic.se210292@example.com","K21","Công nghệ thông tin","Kỹ thuật phần mềm","BIT_SE_K21C","1","0",""
"SE210293","Võ Phương Thảo","ojt.synthetic.se210293@example.com","K21","Công nghệ thông tin","Trí tuệ nhân tạo","BIT_AI_K21C","1","0",""
"SE210294","Đỗ Quốc Bảo","ojt.synthetic.se210294@example.com","K21","Công nghệ thông tin","Hệ thống thông tin","BIT_IS_K20D-21A","2","9",""
"SE210295","Đặng Thanh Tâm","ojt.synthetic.se210295@example.com","K21","Công nghệ thông tin","An toàn thông tin","BIT_IA_K20D-21A","2","9",""
"SE210296","Huỳnh Quốc Bảo","ojt.synthetic.se210296@example.com","K21","Công nghệ thông tin","Trí tuệ nhân tạo","BIT_AI_K20D-21A","2","9",""
"SE210297","Phan Hải Nam","ojt.synthetic.se210297@example.com","K21","Công nghệ thông tin","Trí tuệ nhân tạo","BIT_AI_K21B","2","15",""
"SE210298","Lê Anh Tuấn","ojt.synthetic.se210298@example.com","K21","Công nghệ thông tin","An toàn thông tin","BIT_IA_K20D-21A","2","12",""
"SE210299","Võ Gia Hân","ojt.synthetic.se210299@example.com","K21","Công nghệ thông tin","Trí tuệ nhân tạo","BIT_AI_K21C","1","0",""
"SE210300","Đỗ Đức Minh","ojt.synthetic.se210300@example.com","K21","Công nghệ thông tin","Kỹ thuật phần mềm","BIT_SE_K20D_K21A","2","15",""
"SE210301","Huỳnh Thanh Tâm","ojt.synthetic.se210301@example.com","K21","Công nghệ thông tin","An toàn thông tin","BIT_IA_K20D-21A","2","15",""
"SE210302","Lê Quốc Bảo","ojt.synthetic.se210302@example.com","K21","Công nghệ thông tin","Hệ thống thông tin","BIT_IS_K20D-21A","2","12",""
"SE210303","Phan Trung Hiếu","ojt.synthetic.se210303@example.com","K21","Công nghệ thông tin","Hệ thống thông tin","BIT_IS_K20D-21A","2","12",""
"SE210304","Huỳnh Tuấn Kiệt","ojt.synthetic.se210304@example.com","K21","Công nghệ thông tin","An toàn thông tin","BIT_IA_K21B","2","15",""
"SE210305","Nguyễn Minh Quân","ojt.synthetic.se210305@example.com","K21","Công nghệ thông tin","Kỹ thuật phần mềm","BIT_SE_K20D_K21A","2","15",""
"SE210306","Nguyễn Hoàng Duy","ojt.synthetic.se210306@example.com","K21","Công nghệ thông tin","Kỹ thuật phần mềm","BIT_SE_K21C","1","0",""
"SE210307","Hoàng Gia Hân","ojt.synthetic.se210307@example.com","K21","Công nghệ thông tin","Trí tuệ nhân tạo","BIT_AI_K20D-21A","2","12",""
"SE210308","Vũ Hải Nam","ojt.synthetic.se210308@example.com","K21","Công nghệ thông tin","Kỹ thuật phần mềm","BIT_SE_K21C","1","0",""
"SE210309","Bùi Bảo Ngọc","ojt.synthetic.se210309@example.com","K21","Công nghệ thông tin","Trí tuệ nhân tạo","BIT_AI_K20D-21A","2","9",""
"SE210310","Trần Quốc Bảo","ojt.synthetic.se210310@example.com","K21","Công nghệ thông tin","Hệ thống thông tin","BIT_IS_K20D-21A","2","15",""
"SE210311","Võ Phương Thảo","ojt.synthetic.se210311@example.com","K21","Công nghệ thông tin","Trí tuệ nhân tạo","BIT_AI_K21D-22A","1","0",""
"SE210312","Nguyễn Minh Quân","ojt.synthetic.se210312@example.com","K21","Công nghệ thông tin","Kỹ thuật phần mềm","BIT_SE-2026_K21D_K22A","1","0",""
"SE210313","Vũ Bảo Ngọc","ojt.synthetic.se210313@example.com","K21","Công nghệ thông tin","Hệ thống thông tin","BIT_IS_K20D-21A","2","12",""
"SE210314","Đặng Quang Huy","ojt.synthetic.se210314@example.com","K21","Công nghệ thông tin","Trí tuệ nhân tạo","BIT_AI_K20D-21A","2","15",""
"SE210315","Bùi Quốc Bảo","ojt.synthetic.se210315@example.com","K21","Công nghệ thông tin","Trí tuệ nhân tạo","BIT_AI_K21B","2","15",""
"SE210316","Phạm Hoàng Duy","ojt.synthetic.se210316@example.com","K21","Công nghệ thông tin","Kỹ thuật phần mềm","BIT_SE_K21C","1","0",""
"SE210317","Đặng Thanh Tâm","ojt.synthetic.se210317@example.com","K21","Công nghệ thông tin","Trí tuệ nhân tạo","BIT_AI_K21C","1","0",""
"SE210318","Bùi Bảo Ngọc","ojt.synthetic.se210318@example.com","K21","Công nghệ thông tin","Kỹ thuật phần mềm","BIT_SE-2026_K21D_K22A","1","0",""
"SE210319","Võ Phương Thảo","ojt.synthetic.se210319@example.com","K21","Công nghệ thông tin","Hệ thống thông tin","BIT_IS_K20D-21A","2","15",""
"SE210320","Nguyễn Đức Minh","ojt.synthetic.se210320@example.com","K21","Công nghệ thông tin","Kỹ thuật phần mềm","BIT_SE-2026_K21D_K22A","1","0",""
"SE210321","Phan Đức Minh","ojt.synthetic.se210321@example.com","K21","Công nghệ thông tin","Kỹ thuật phần mềm","BIT_SE_K21B","2","15",""
"SE210322","Phạm Anh Tuấn","ojt.synthetic.se210322@example.com","K21","Công nghệ thông tin","An toàn thông tin","BIT_IA_K21D-22A","1","0",""
"SE210323","Vũ Minh Anh","ojt.synthetic.se210323@example.com","K21","Công nghệ thông tin","Hệ thống thông tin","BIT_IS_K20D-21A","2","9",""
"SE210324","Đỗ Hải Nam","ojt.synthetic.se210324@example.com","K21","Công nghệ thông tin","Kỹ thuật phần mềm","BIT_SE-2026_K21D_K22A","1","0",""
"SE210325","Lê Bảo Ngọc","ojt.synthetic.se210325@example.com","K21","Công nghệ thông tin","Hệ thống thông tin","BIT_IS_K20D-21A","2","6",""
"SE210326","Đỗ Anh Tuấn","ojt.synthetic.se210326@example.com","K21","Công nghệ thông tin","An toàn thông tin","BIT_IA_K21C","1","0",""
"SE210327","Hoàng Bảo Ngọc","ojt.synthetic.se210327@example.com","K21","Công nghệ thông tin","Kỹ thuật phần mềm","BIT_SE_K21C","1","0",""
"SE210328","Hoàng Khánh Linh","ojt.synthetic.se210328@example.com","K21","Công nghệ thông tin","Hệ thống thông tin","BIT_IS_K20D-21A","2","15",""
"SE210329","Võ Ngọc Mai","ojt.synthetic.se210329@example.com","K21","Công nghệ thông tin","Kỹ thuật phần mềm","BIT_SE_K21C","1","0",""
"SE210330","Lê Khánh Linh","ojt.synthetic.se210330@example.com","K21","Công nghệ thông tin","Hệ thống thông tin","BIT_IS_K20D-21A","2","15",""
"SE210331","Lê Minh Quân","ojt.synthetic.se210331@example.com","K21","Công nghệ thông tin","An toàn thông tin","BIT_IA_K21C","1","0",""
"SE210332","Đỗ Trung Hiếu","ojt.synthetic.se210332@example.com","K21","Công nghệ thông tin","An toàn thông tin","BIT_IA_K20D-21A","2","15",""
"SE210333","Vũ Minh Quân","ojt.synthetic.se210333@example.com","K21","Công nghệ thông tin","Trí tuệ nhân tạo","BIT_AI_K20D-21A","2","12",""
"SE210334","Phạm Thanh Tâm","ojt.synthetic.se210334@example.com","K21","Công nghệ thông tin","Hệ thống thông tin","BIT_IS_K20D-21A","2","15",""
"SE210335","Lê Quang Huy","ojt.synthetic.se210335@example.com","K21","Công nghệ thông tin","Kỹ thuật phần mềm","BIT_SE_K20D_K21A","2","15",""
"SE210336","Huỳnh Thanh Tâm","ojt.synthetic.se210336@example.com","K21","Công nghệ thông tin","Kỹ thuật phần mềm","BIT_SE_K20D_K21A","2","15",""
"SE210337","Đặng Anh Tuấn","ojt.synthetic.se210337@example.com","K21","Công nghệ thông tin","Hệ thống thông tin","BIT_IS_K20D-21A","2","15",""
"SE210338","Đặng Anh Tuấn","ojt.synthetic.se210338@example.com","K21","Công nghệ thông tin","Hệ thống thông tin","BIT_IS_K20D-21A","2","9",""
"SE210339","Lê Gia Hân","ojt.synthetic.se210339@example.com","K21","Công nghệ thông tin","Trí tuệ nhân tạo","BIT_AI_K21C","1","0",""
"SE210340","Võ Minh Quân","ojt.synthetic.se210340@example.com","K21","Công nghệ thông tin","Kỹ thuật phần mềm","BIT_SE_K20D_K21A","2","15",""
"SE210341","Đỗ Hải Nam","ojt.synthetic.se210341@example.com","K21","Công nghệ thông tin","Trí tuệ nhân tạo","BIT_AI_K21C","1","0",""
"SE210342","Lê Anh Tuấn","ojt.synthetic.se210342@example.com","K21","Công nghệ thông tin","Kỹ thuật phần mềm","BIT_SE_K20D_K21A","2","15",""
"SE210343","Huỳnh Gia Hân","ojt.synthetic.se210343@example.com","K21","Công nghệ thông tin","An toàn thông tin","BIT_IA_K21C","1","0",""
"SE210344","Đỗ Trung Hiếu","ojt.synthetic.se210344@example.com","K21","Công nghệ thông tin","An toàn thông tin","BIT_IA_K21D-22A","1","0",""
"SE210345","Nguyễn Minh Anh","ojt.synthetic.se210345@example.com","K21","Công nghệ thông tin","Hệ thống thông tin","BIT_IS_K20D-21A","2","15",""
"SE210346","Lê Hoàng Duy","ojt.synthetic.se210346@example.com","K21","Công nghệ thông tin","Trí tuệ nhân tạo","BIT_AI_K21C","1","0",""
"SE210347","Phạm Gia Hân","ojt.synthetic.se210347@example.com","K21","Công nghệ thông tin","An toàn thông tin","BIT_IA_K21C","1","0",""
"SE210348","Lê Khánh Linh","ojt.synthetic.se210348@example.com","K21","Công nghệ thông tin","Hệ thống thông tin","BIT_IS_K20D-21A","2","12",""
"SE210349","Đặng Hải Nam","ojt.synthetic.se210349@example.com","K21","Công nghệ thông tin","Trí tuệ nhân tạo","BIT_AI_K20D-21A","2","15",""
"SE210350","Phạm Quang Huy","ojt.synthetic.se210350@example.com","K21","Công nghệ thông tin","Hệ thống thông tin","BIT_IS_K20D-21A","2","15",""
"SE210351","Hoàng Tuấn Kiệt","ojt.synthetic.se210351@example.com","K21","Công nghệ thông tin","Hệ thống thông tin","BIT_IS_K20D-21A","2","6",""
"SE210352","Phan Trung Hiếu","ojt.synthetic.se210352@example.com","K21","Công nghệ thông tin","Hệ thống thông tin","BIT_IS_K20D-21A","2","12",""
"SE210353","Huỳnh Tuấn Kiệt","ojt.synthetic.se210353@example.com","K21","Công nghệ thông tin","Trí tuệ nhân tạo","BIT_AI_K20D-21A","2","9",""
"SE210354","Phạm Minh Anh","ojt.synthetic.se210354@example.com","K21","Công nghệ thông tin","An toàn thông tin","BIT_IA_K21B","2","15",""
"SE210355","Võ Ngọc Mai","ojt.synthetic.se210355@example.com","K21","Công nghệ thông tin","Hệ thống thông tin","BIT_IS_K20D-21A","2","9",""
"SE210356","Bùi Phương Thảo","ojt.synthetic.se210356@example.com","K21","Công nghệ thông tin","Hệ thống thông tin","BIT_IS_K20D-21A","2","12",""
"SE210357","Đỗ Tuấn Kiệt","ojt.synthetic.se210357@example.com","K21","Công nghệ thông tin","Hệ thống thông tin","BIT_IS_K20D-21A","2","15",""
"SE210358","Phan Đức Minh","ojt.synthetic.se210358@example.com","K21","Công nghệ thông tin","An toàn thông tin","BIT_IA_K21D-22A","1","0",""
"SE210359","Vũ Phương Thảo","ojt.synthetic.se210359@example.com","K21","Công nghệ thông tin","Trí tuệ nhân tạo","BIT_AI_K20D-21A","2","6",""
"SE210360","Nguyễn Đức Minh","ojt.synthetic.se210360@example.com","K21","Công nghệ thông tin","Hệ thống thông tin","BIT_IS_K20D-21A","2","15",""
"SE210361","Nguyễn Hoàng Duy","ojt.synthetic.se210361@example.com","K21","Công nghệ thông tin","Kỹ thuật phần mềm","BIT_SE-2026_K21D_K22A","1","0",""
"SE210362","Lê Minh Quân","ojt.synthetic.se210362@example.com","K21","Công nghệ thông tin","An toàn thông tin","BIT_IA_K21D-22A","1","0",""
"SE210363","Lê Hải Nam","ojt.synthetic.se210363@example.com","K21","Công nghệ thông tin","Trí tuệ nhân tạo","BIT_AI_K20D-21A","2","12",""
"SE210364","Vũ Anh Tuấn","ojt.synthetic.se210364@example.com","K21","Công nghệ thông tin","Hệ thống thông tin","BIT_IS_K20D-21A","2","15",""
"SE210365","Hoàng Tuấn Kiệt","ojt.synthetic.se210365@example.com","K21","Công nghệ thông tin","An toàn thông tin","BIT_IA_K21D-22A","1","0",""
"SE210366","Đặng Bảo Ngọc","ojt.synthetic.se210366@example.com","K21","Công nghệ thông tin","Kỹ thuật phần mềm","BIT_SE_K20D_K21A","2","15",""
"SE210367","Trần Ngọc Mai","ojt.synthetic.se210367@example.com","K21","Công nghệ thông tin","An toàn thông tin","BIT_IA_K20D-21A","2","15",""
"SE210368","Trần Khánh Linh","ojt.synthetic.se210368@example.com","K21","Công nghệ thông tin","Kỹ thuật phần mềm","BIT_SE-2026_K21D_K22A","1","0",""
"SE210369","Nguyễn Phương Thảo","ojt.synthetic.se210369@example.com","K21","Công nghệ thông tin","Trí tuệ nhân tạo","BIT_AI_K21B","2","6",""
"SE210370","Vũ Ngọc Mai","ojt.synthetic.se210370@example.com","K21","Công nghệ thông tin","An toàn thông tin","BIT_IA_K21D-22A","1","0",""
"SE210371","Trần Đức Minh","ojt.synthetic.se210371@example.com","K21","Công nghệ thông tin","Trí tuệ nhân tạo","BIT_AI_K21B","2","15",""
"SE210372","Bùi Trung Hiếu","ojt.synthetic.se210372@example.com","K21","Công nghệ thông tin","Trí tuệ nhân tạo","BIT_AI_K21D-22A","1","0",""
"SE210373","Nguyễn Hải Nam","ojt.synthetic.se210373@example.com","K21","Công nghệ thông tin","Kỹ thuật phần mềm","BIT_SE-2026_K21D_K22A","1","0",""
"SE210374","Trần Anh Tuấn","ojt.synthetic.se210374@example.com","K21","Công nghệ thông tin","Hệ thống thông tin","BIT_IS_K20D-21A","2","6",""
"SE210375","Đỗ Khánh Linh","ojt.synthetic.se210375@example.com","K21","Công nghệ thông tin","Kỹ thuật phần mềm","BIT_SE_K21C","1","0",""
"SE210376","Bùi Gia Hân","ojt.synthetic.se210376@example.com","K21","Công nghệ thông tin","An toàn thông tin","BIT_IA_K21B","2","15",""
"SE210377","Trần Phương Thảo","ojt.synthetic.se210377@example.com","K21","Công nghệ thông tin","An toàn thông tin","BIT_IA_K21B","2","15",""
"SE210378","Vũ Ngọc Mai","ojt.synthetic.se210378@example.com","K21","Công nghệ thông tin","Trí tuệ nhân tạo","BIT_AI_K21D-22A","1","0",""
"SE210379","Vũ Ngọc Mai","ojt.synthetic.se210379@example.com","K21","Công nghệ thông tin","Trí tuệ nhân tạo","BIT_AI_K21C","1","0",""
"SE210380","Phan Hoàng Duy","ojt.synthetic.se210380@example.com","K21","Công nghệ thông tin","An toàn thông tin","BIT_IA_K20D-21A","2","15",""
"SE210381","Đặng Minh Quân","ojt.synthetic.se210381@example.com","K21","Công nghệ thông tin","Kỹ thuật phần mềm","BIT_SE-2026_K21D_K22A","1","0",""
"SE210382","Lê Hải Nam","ojt.synthetic.se210382@example.com","K21","Công nghệ thông tin","Hệ thống thông tin","BIT_IS_K20D-21A","2","15",""
"SE210383","Vũ Hải Nam","ojt.synthetic.se210383@example.com","K21","Công nghệ thông tin","Trí tuệ nhân tạo","BIT_AI_K21D-22A","1","0",""
"SE210384","Hoàng Phương Thảo","ojt.synthetic.se210384@example.com","K21","Công nghệ thông tin","Kỹ thuật phần mềm","BIT_SE-2026_K21D_K22A","1","0",""
"SE210385","Lê Minh Anh","ojt.synthetic.se210385@example.com","K21","Công nghệ thông tin","Trí tuệ nhân tạo","BIT_AI_K21C","1","0",""
"SE210386","Hoàng Gia Hân","ojt.synthetic.se210386@example.com","K21","Công nghệ thông tin","An toàn thông tin","BIT_IA_K21D-22A","1","0",""
"SE210387","Vũ Gia Hân","ojt.synthetic.se210387@example.com","K21","Công nghệ thông tin","An toàn thông tin","BIT_IA_K21D-22A","1","0",""
"SE210388","Trần Hải Nam","ojt.synthetic.se210388@example.com","K21","Công nghệ thông tin","Kỹ thuật phần mềm","BIT_SE_K21B","2","15",""
"SE210389","Hoàng Minh Quân","ojt.synthetic.se210389@example.com","K21","Công nghệ thông tin","Kỹ thuật phần mềm","BIT_SE_K20D_K21A","2","15",""
"SE210390","Nguyễn Trung Hiếu","ojt.synthetic.se210390@example.com","K21","Công nghệ thông tin","An toàn thông tin","BIT_IA_K20D-21A","2","12",""
"SE210391","Nguyễn Bảo Ngọc","ojt.synthetic.se210391@example.com","K21","Công nghệ thông tin","An toàn thông tin","BIT_IA_K21C","1","0",""
"SE210392","Huỳnh Khánh Linh","ojt.synthetic.se210392@example.com","K21","Công nghệ thông tin","Kỹ thuật phần mềm","BIT_SE_K21C","1","0",""
"SE210393","Đặng Phương Thảo","ojt.synthetic.se210393@example.com","K21","Công nghệ thông tin","Kỹ thuật phần mềm","BIT_SE-2026_K21D_K22A","1","0",""
"SE210394","Đỗ Gia Hân","ojt.synthetic.se210394@example.com","K21","Công nghệ thông tin","Trí tuệ nhân tạo","BIT_AI_K20D-21A","2","15",""
"SE210395","Võ Phương Thảo","ojt.synthetic.se210395@example.com","K21","Công nghệ thông tin","Hệ thống thông tin","BIT_IS_K20D-21A","2","15",""
"SE210396","Lê Đức Minh","ojt.synthetic.se210396@example.com","K21","Công nghệ thông tin","Trí tuệ nhân tạo","BIT_AI_K21B","2","15",""
"SE210397","Hoàng Trung Hiếu","ojt.synthetic.se210397@example.com","K21","Công nghệ thông tin","Kỹ thuật phần mềm","BIT_SE-2026_K21D_K22A","1","0",""
"SE210398","Đặng Ngọc Mai","ojt.synthetic.se210398@example.com","K21","Công nghệ thông tin","Trí tuệ nhân tạo","BIT_AI_K20D-21A","2","12",""
"SE210399","Lê Minh Quân","ojt.synthetic.se210399@example.com","K21","Công nghệ thông tin","Hệ thống thông tin","BIT_IS_K20D-21A","2","12",""
"SE210400","Hoàng Quang Huy","ojt.synthetic.se210400@example.com","K21","Công nghệ thông tin","Kỹ thuật phần mềm","BIT_SE_K21C","1","0",""
"SE210401","Đặng Minh Quân","ojt.synthetic.se210401@example.com","K21","Công nghệ thông tin","An toàn thông tin","BIT_IA_K21C","1","0",""
"SE210402","Phạm Trung Hiếu","ojt.synthetic.se210402@example.com","K21","Công nghệ thông tin","An toàn thông tin","BIT_IA_K21B","2","15",""
"SE210403","Võ Anh Tuấn","ojt.synthetic.se210403@example.com","K21","Công nghệ thông tin","Hệ thống thông tin","BIT_IS_K20D-21A","2","9",""
"SE210404","Nguyễn Minh Quân","ojt.synthetic.se210404@example.com","K21","Công nghệ thông tin","Kỹ thuật phần mềm","BIT_SE_K21C","1","0",""
"SE210405","Trần Thanh Tâm","ojt.synthetic.se210405@example.com","K21","Công nghệ thông tin","Hệ thống thông tin","BIT_IS_K20D-21A","2","15",""
"SE210406","Bùi Đức Minh","ojt.synthetic.se210406@example.com","K21","Công nghệ thông tin","Kỹ thuật phần mềm","BIT_SE-2026_K21D_K22A","1","0",""
"SE210407","Trần Hoàng Duy","ojt.synthetic.se210407@example.com","K21","Công nghệ thông tin","Trí tuệ nhân tạo","BIT_AI_K21C","1","0",""
"SE210408","Vũ Thanh Tâm","ojt.synthetic.se210408@example.com","K21","Công nghệ thông tin","Trí tuệ nhân tạo","BIT_AI_K21D-22A","1","0",""
"SE210409","Võ Gia Hân","ojt.synthetic.se210409@example.com","K21","Công nghệ thông tin","An toàn thông tin","BIT_IA_K20D-21A","2","12",""
"SE210410","Hoàng Gia Hân","ojt.synthetic.se210410@example.com","K21","Công nghệ thông tin","Kỹ thuật phần mềm","BIT_SE_K21B","2","6",""
"SE210411","Nguyễn Khánh Linh","ojt.synthetic.se210411@example.com","K21","Công nghệ thông tin","An toàn thông tin","BIT_IA_K20D-21A","2","9",""
"SE210412","Nguyễn Quốc Bảo","ojt.synthetic.se210412@example.com","K21","Công nghệ thông tin","An toàn thông tin","BIT_IA_K21D-22A","1","0",""
"SE210413","Huỳnh Đức Minh","ojt.synthetic.se210413@example.com","K21","Công nghệ thông tin","Hệ thống thông tin","BIT_IS_K20D-21A","2","12",""
"SE210414","Đặng Hải Nam","ojt.synthetic.se210414@example.com","K21","Công nghệ thông tin","Kỹ thuật phần mềm","BIT_SE_K21B","2","12",""
"SE210415","Lê Khánh Linh","ojt.synthetic.se210415@example.com","K21","Công nghệ thông tin","Hệ thống thông tin","BIT_IS_K20D-21A","2","15",""
"SE210416","Lê Anh Tuấn","ojt.synthetic.se210416@example.com","K21","Công nghệ thông tin","Hệ thống thông tin","BIT_IS_K20D-21A","2","12",""
"SE210417","Đỗ Khánh Linh","ojt.synthetic.se210417@example.com","K21","Công nghệ thông tin","Kỹ thuật phần mềm","BIT_SE-2026_K21D_K22A","1","0",""
"SE210418","Huỳnh Trung Hiếu","ojt.synthetic.se210418@example.com","K21","Công nghệ thông tin","Kỹ thuật phần mềm","BIT_SE_K20D_K21A","2","6",""
"SE210419","Võ Gia Hân","ojt.synthetic.se210419@example.com","K21","Công nghệ thông tin","An toàn thông tin","BIT_IA_K20D-21A","2","15",""
"SE210420","Lê Minh Quân","ojt.synthetic.se210420@example.com","K21","Công nghệ thông tin","An toàn thông tin","BIT_IA_K20D-21A","2","9",""
"SE210421","Phan Khánh Linh","ojt.synthetic.se210421@example.com","K21","Công nghệ thông tin","Hệ thống thông tin","BIT_IS_K20D-21A","2","15",""
"SE210422","Đỗ Minh Anh","ojt.synthetic.se210422@example.com","K21","Công nghệ thông tin","Trí tuệ nhân tạo","BIT_AI_K21C","1","0",""
"SE210423","Huỳnh Quốc Bảo","ojt.synthetic.se210423@example.com","K21","Công nghệ thông tin","Kỹ thuật phần mềm","BIT_SE_K20D_K21A","2","15",""
"SE210424","Phạm Đức Minh","ojt.synthetic.se210424@example.com","K21","Công nghệ thông tin","Trí tuệ nhân tạo","BIT_AI_K21B","2","15",""
"SE210425","Lê Khánh Linh","ojt.synthetic.se210425@example.com","K21","Công nghệ thông tin","Kỹ thuật phần mềm","BIT_SE-2026_K21D_K22A","1","0",""
"SE210426","Phan Hải Nam","ojt.synthetic.se210426@example.com","K21","Công nghệ thông tin","Trí tuệ nhân tạo","BIT_AI_K21B","2","15",""
"SE210427","Phạm Hải Nam","ojt.synthetic.se210427@example.com","K21","Công nghệ thông tin","An toàn thông tin","BIT_IA_K20D-21A","2","15",""
"SE210428","Hoàng Đức Minh","ojt.synthetic.se210428@example.com","K21","Công nghệ thông tin","An toàn thông tin","BIT_IA_K21C","1","0",""
"SE210429","Phan Minh Quân","ojt.synthetic.se210429@example.com","K21","Công nghệ thông tin","Hệ thống thông tin","BIT_IS_K20D-21A","2","12",""
"SE210430","Lê Khánh Linh","ojt.synthetic.se210430@example.com","K21","Công nghệ thông tin","Hệ thống thông tin","BIT_IS_K20D-21A","2","12",""
"SE210431","Võ Trung Hiếu","ojt.synthetic.se210431@example.com","K21","Công nghệ thông tin","An toàn thông tin","BIT_IA_K21D-22A","1","0",""
"SE210432","Huỳnh Trung Hiếu","ojt.synthetic.se210432@example.com","K21","Công nghệ thông tin","Hệ thống thông tin","BIT_IS_K20D-21A","2","15",""
"SE210433","Trần Gia Hân","ojt.synthetic.se210433@example.com","K21","Công nghệ thông tin","Trí tuệ nhân tạo","BIT_AI_K21C","1","0",""
"SE210434","Huỳnh Anh Tuấn","ojt.synthetic.se210434@example.com","K21","Công nghệ thông tin","Trí tuệ nhân tạo","BIT_AI_K20D-21A","2","9",""
"SE210435","Vũ Thanh Tâm","ojt.synthetic.se210435@example.com","K21","Công nghệ thông tin","Hệ thống thông tin","BIT_IS_K20D-21A","2","12",""
"SE210436","Lê Trung Hiếu","ojt.synthetic.se210436@example.com","K21","Công nghệ thông tin","Hệ thống thông tin","BIT_IS_K20D-21A","2","15",""
"SE210437","Nguyễn Hoàng Duy","ojt.synthetic.se210437@example.com","K21","Công nghệ thông tin","An toàn thông tin","BIT_IA_K21C","1","0",""
"SE210438","Vũ Ngọc Mai","ojt.synthetic.se210438@example.com","K21","Công nghệ thông tin","An toàn thông tin","BIT_IA_K21D-22A","1","0",""
"SE210439","Phan Hoàng Duy","ojt.synthetic.se210439@example.com","K21","Công nghệ thông tin","Kỹ thuật phần mềm","BIT_SE_K20D_K21A","2","15",""
"SE210440","Vũ Hải Nam","ojt.synthetic.se210440@example.com","K21","Công nghệ thông tin","An toàn thông tin","BIT_IA_K21B","2","15",""
"SE210441","Trần Gia Hân","ojt.synthetic.se210441@example.com","K21","Công nghệ thông tin","An toàn thông tin","BIT_IA_K21D-22A","1","0",""
"SE210442","Võ Minh Quân","ojt.synthetic.se210442@example.com","K21","Công nghệ thông tin","Hệ thống thông tin","BIT_IS_K20D-21A","2","12",""
"SE210443","Lê Anh Tuấn","ojt.synthetic.se210443@example.com","K21","Công nghệ thông tin","Hệ thống thông tin","BIT_IS_K20D-21A","2","15",""
"SE210444","Huỳnh Đức Minh","ojt.synthetic.se210444@example.com","K21","Công nghệ thông tin","An toàn thông tin","BIT_IA_K21B","2","15",""
"SE210445","Nguyễn Ngọc Mai","ojt.synthetic.se210445@example.com","K21","Công nghệ thông tin","Trí tuệ nhân tạo","BIT_AI_K21D-22A","1","0",""
"SE210446","Bùi Phương Thảo","ojt.synthetic.se210446@example.com","K21","Công nghệ thông tin","An toàn thông tin","BIT_IA_K20D-21A","2","9",""
"SE210447","Bùi Khánh Linh","ojt.synthetic.se210447@example.com","K21","Công nghệ thông tin","An toàn thông tin","BIT_IA_K21C","1","0",""
"SE210448","Lê Gia Hân","ojt.synthetic.se210448@example.com","K21","Công nghệ thông tin","Trí tuệ nhân tạo","BIT_AI_K21C","1","0",""
"SE210449","Trần Hoàng Duy","ojt.synthetic.se210449@example.com","K21","Công nghệ thông tin","Hệ thống thông tin","BIT_IS_K20D-21A","2","15",""
"SE210450","Đặng Tuấn Kiệt","ojt.synthetic.se210450@example.com","K21","Công nghệ thông tin","Hệ thống thông tin","BIT_IS_K20D-21A","2","9",""
"SE210451","Phạm Hải Nam","ojt.synthetic.se210451@example.com","K21","Công nghệ thông tin","An toàn thông tin","BIT_IA_K21B","2","9",""
"SE210452","Bùi Khánh Linh","ojt.synthetic.se210452@example.com","K21","Công nghệ thông tin","Hệ thống thông tin","BIT_IS_K20D-21A","2","15",""
"SE210453","Bùi Tuấn Kiệt","ojt.synthetic.se210453@example.com","K21","Công nghệ thông tin","An toàn thông tin","BIT_IA_K21C","1","0",""
"SE210454","Bùi Minh Anh","ojt.synthetic.se210454@example.com","K21","Công nghệ thông tin","Trí tuệ nhân tạo","BIT_AI_K21C","1","0",""
"SE210455","Bùi Minh Quân","ojt.synthetic.se210455@example.com","K21","Công nghệ thông tin","Hệ thống thông tin","BIT_IS_K20D-21A","2","15",""
"SE210456","Phan Minh Quân","ojt.synthetic.se210456@example.com","K21","Công nghệ thông tin","Trí tuệ nhân tạo","BIT_AI_K21C","1","0",""
"SE210457","Phạm Thanh Tâm","ojt.synthetic.se210457@example.com","K21","Công nghệ thông tin","Kỹ thuật phần mềm","BIT_SE_K21B","2","15",""
"SE210458","Lê Phương Thảo","ojt.synthetic.se210458@example.com","K21","Công nghệ thông tin","Hệ thống thông tin","BIT_IS_K20D-21A","2","15",""
"SE210459","Trần Tuấn Kiệt","ojt.synthetic.se210459@example.com","K21","Công nghệ thông tin","An toàn thông tin","BIT_IA_K20D-21A","2","15",""
"SE210460","Phan Minh Quân","ojt.synthetic.se210460@example.com","K21","Công nghệ thông tin","An toàn thông tin","BIT_IA_K21B","2","15",""
"SE210461","Võ Đức Minh","ojt.synthetic.se210461@example.com","K21","Công nghệ thông tin","An toàn thông tin","BIT_IA_K21D-22A","1","0",""
"SE210462","Đỗ Gia Hân","ojt.synthetic.se210462@example.com","K21","Công nghệ thông tin","Hệ thống thông tin","BIT_IS_K20D-21A","2","15",""
"SE210463","Huỳnh Hoàng Duy","ojt.synthetic.se210463@example.com","K21","Công nghệ thông tin","Kỹ thuật phần mềm","BIT_SE_K20D_K21A","2","15",""
"SE210464","Phạm Tuấn Kiệt","ojt.synthetic.se210464@example.com","K21","Công nghệ thông tin","Kỹ thuật phần mềm","BIT_SE-2026_K21D_K22A","1","0",""
"SE210465","Vũ Tuấn Kiệt","ojt.synthetic.se210465@example.com","K21","Công nghệ thông tin","An toàn thông tin","BIT_IA_K21B","2","12",""
"SE210466","Võ Trung Hiếu","ojt.synthetic.se210466@example.com","K21","Công nghệ thông tin","Hệ thống thông tin","BIT_IS_K20D-21A","2","12",""
"SE210467","Huỳnh Minh Quân","ojt.synthetic.se210467@example.com","K21","Công nghệ thông tin","Trí tuệ nhân tạo","BIT_AI_K20D-21A","2","9",""
"SE210468","Hoàng Đức Minh","ojt.synthetic.se210468@example.com","K21","Công nghệ thông tin","Kỹ thuật phần mềm","BIT_SE_K21B","2","12",""
"SE210469","Võ Quốc Bảo","ojt.synthetic.se210469@example.com","K21","Công nghệ thông tin","Hệ thống thông tin","BIT_IS_K20D-21A","2","12",""
"SE210470","Vũ Anh Tuấn","ojt.synthetic.se210470@example.com","K21","Công nghệ thông tin","Hệ thống thông tin","BIT_IS_K20D-21A","2","15",""
"SE210471","Huỳnh Khánh Linh","ojt.synthetic.se210471@example.com","K21","Công nghệ thông tin","Trí tuệ nhân tạo","BIT_AI_K21C","1","0",""
"SE210472","Võ Gia Hân","ojt.synthetic.se210472@example.com","K21","Công nghệ thông tin","Kỹ thuật phần mềm","BIT_SE_K20D_K21A","2","15",""
"SE210473","Đặng Ngọc Mai","ojt.synthetic.se210473@example.com","K21","Công nghệ thông tin","Kỹ thuật phần mềm","BIT_SE_K21C","1","0",""
"SE210474","Đặng Minh Anh","ojt.synthetic.se210474@example.com","K21","Công nghệ thông tin","An toàn thông tin","BIT_IA_K21D-22A","1","0",""
"SE210475","Huỳnh Minh Anh","ojt.synthetic.se210475@example.com","K21","Công nghệ thông tin","Hệ thống thông tin","BIT_IS_K20D-21A","2","15",""
"SE210476","Vũ Minh Quân","ojt.synthetic.se210476@example.com","K21","Công nghệ thông tin","An toàn thông tin","BIT_IA_K21C","1","0",""
"SE210477","Đặng Đức Minh","ojt.synthetic.se210477@example.com","K21","Công nghệ thông tin","Kỹ thuật phần mềm","BIT_SE_K21B","2","12",""
"SE210478","Huỳnh Quốc Bảo","ojt.synthetic.se210478@example.com","K21","Công nghệ thông tin","Hệ thống thông tin","BIT_IS_K20D-21A","2","12",""
"SE210479","Bùi Trung Hiếu","ojt.synthetic.se210479@example.com","K21","Công nghệ thông tin","Hệ thống thông tin","BIT_IS_K20D-21A","2","12",""
"SE210480","Huỳnh Gia Hân","ojt.synthetic.se210480@example.com","K21","Công nghệ thông tin","An toàn thông tin","BIT_IA_K21B","2","15",""
"SE210481","Phạm Quang Huy","ojt.synthetic.se210481@example.com","K21","Công nghệ thông tin","Kỹ thuật phần mềm","BIT_SE-2026_K21D_K22A","1","0",""
"SE210482","Trần Quang Huy","ojt.synthetic.se210482@example.com","K21","Công nghệ thông tin","Hệ thống thông tin","BIT_IS_K20D-21A","2","15",""
"SE210483","Hoàng Tuấn Kiệt","ojt.synthetic.se210483@example.com","K21","Công nghệ thông tin","Kỹ thuật phần mềm","BIT_SE_K21B","2","12",""
"SE210484","Võ Ngọc Mai","ojt.synthetic.se210484@example.com","K21","Công nghệ thông tin","An toàn thông tin","BIT_IA_K20D-21A","2","15",""
"SE210485","Phạm Anh Tuấn","ojt.synthetic.se210485@example.com","K21","Công nghệ thông tin","An toàn thông tin","BIT_IA_K21D-22A","1","0",""
"SE210486","Trần Tuấn Kiệt","ojt.synthetic.se210486@example.com","K21","Công nghệ thông tin","Hệ thống thông tin","BIT_IS_K20D-21A","2","6",""
"SE210487","Vũ Quốc Bảo","ojt.synthetic.se210487@example.com","K21","Công nghệ thông tin","An toàn thông tin","BIT_IA_K21D-22A","1","0",""
"SE210488","Bùi Quang Huy","ojt.synthetic.se210488@example.com","K21","Công nghệ thông tin","Kỹ thuật phần mềm","BIT_SE_K21B","2","15",""
"SE210489","Võ Minh Anh","ojt.synthetic.se210489@example.com","K21","Công nghệ thông tin","Trí tuệ nhân tạo","BIT_AI_K21C","1","0",""
"SE210490","Huỳnh Phương Thảo","ojt.synthetic.se210490@example.com","K21","Công nghệ thông tin","Kỹ thuật phần mềm","BIT_SE_K21B","2","15",""
"SE210491","Vũ Đức Minh","ojt.synthetic.se210491@example.com","K21","Công nghệ thông tin","Hệ thống thông tin","BIT_IS_K20D-21A","2","9",""
"SE210492","Lê Bảo Ngọc","ojt.synthetic.se210492@example.com","K21","Công nghệ thông tin","An toàn thông tin","BIT_IA_K21B","2","12",""
"SE210493","Đỗ Trung Hiếu","ojt.synthetic.se210493@example.com","K21","Công nghệ thông tin","Hệ thống thông tin","BIT_IS_K20D-21A","2","15",""
"SE210494","Nguyễn Trung Hiếu","ojt.synthetic.se210494@example.com","K21","Công nghệ thông tin","An toàn thông tin","BIT_IA_K21C","1","0",""
"SE210495","Nguyễn Hoàng Duy","ojt.synthetic.se210495@example.com","K21","Công nghệ thông tin","Hệ thống thông tin","BIT_IS_K20D-21A","2","15",""
"SE210496","Lê Hoàng Duy","ojt.synthetic.se210496@example.com","K21","Công nghệ thông tin","Hệ thống thông tin","BIT_IS_K20D-21A","2","12",""
"SE210497","Huỳnh Phương Thảo","ojt.synthetic.se210497@example.com","K21","Công nghệ thông tin","Kỹ thuật phần mềm","BIT_SE_K21C","1","0",""
"SE210498","Vũ Phương Thảo","ojt.synthetic.se210498@example.com","K21","Công nghệ thông tin","Kỹ thuật phần mềm","BIT_SE-2026_K21D_K22A","1","0",""
"SE210499","Vũ Đức Minh","ojt.synthetic.se210499@example.com","K21","Công nghệ thông tin","Hệ thống thông tin","BIT_IS_K20D-21A","2","15",""
"SE210500","Lê Đức Minh","ojt.synthetic.se210500@example.com","K21","Công nghệ thông tin","Trí tuệ nhân tạo","BIT_AI_K21D-22A","1","0",""
"SE210501","Hoàng Ngọc Mai","ojt.synthetic.se210501@example.com","K21","Công nghệ thông tin","Hệ thống thông tin","BIT_IS_K20D-21A","2","6",""
"SE210502","Bùi Minh Anh","ojt.synthetic.se210502@example.com","K21","Công nghệ thông tin","Hệ thống thông tin","BIT_IS_K20D-21A","2","15",""
"SE210503","Võ Minh Anh","ojt.synthetic.se210503@example.com","K21","Công nghệ thông tin","Hệ thống thông tin","BIT_IS_K20D-21A","2","12",""
"SE210504","Phạm Hoàng Duy","ojt.synthetic.se210504@example.com","K21","Công nghệ thông tin","Kỹ thuật phần mềm","BIT_SE_K21B","2","9",""
"SE210505","Lê Minh Quân","ojt.synthetic.se210505@example.com","K21","Công nghệ thông tin","Kỹ thuật phần mềm","BIT_SE_K21C","1","0",""
"SE210506","Bùi Phương Thảo","ojt.synthetic.se210506@example.com","K21","Công nghệ thông tin","Hệ thống thông tin","BIT_IS_K20D-21A","2","15",""
"SE210507","Võ Bảo Ngọc","ojt.synthetic.se210507@example.com","K21","Công nghệ thông tin","Hệ thống thông tin","BIT_IS_K20D-21A","2","12",""
"SE210508","Bùi Tuấn Kiệt","ojt.synthetic.se210508@example.com","K21","Công nghệ thông tin","Trí tuệ nhân tạo","BIT_AI_K21B","2","15",""
"SE210509","Phan Minh Anh","ojt.synthetic.se210509@example.com","K21","Công nghệ thông tin","Trí tuệ nhân tạo","BIT_AI_K21C","1","0",""
"SE210510","Phan Bảo Ngọc","ojt.synthetic.se210510@example.com","K21","Công nghệ thông tin","Trí tuệ nhân tạo","BIT_AI_K21D-22A","1","0",""
"SE210511","Lê Phương Thảo","ojt.synthetic.se210511@example.com","K21","Công nghệ thông tin","Hệ thống thông tin","BIT_IS_K20D-21A","2","15",""
"SE210512","Hoàng Thanh Tâm","ojt.synthetic.se210512@example.com","K21","Công nghệ thông tin","Kỹ thuật phần mềm","BIT_SE-2026_K21D_K22A","1","0",""
"SE210513","Huỳnh Gia Hân","ojt.synthetic.se210513@example.com","K21","Công nghệ thông tin","Kỹ thuật phần mềm","BIT_SE-2026_K21D_K22A","1","0",""
"SE210514","Nguyễn Hải Nam","ojt.synthetic.se210514@example.com","K21","Công nghệ thông tin","Kỹ thuật phần mềm","BIT_SE_K21B","2","15",""
"SE210515","Lê Hoàng Duy","ojt.synthetic.se210515@example.com","K21","Công nghệ thông tin","An toàn thông tin","BIT_IA_K21C","1","0",""
"SE210516","Võ Đức Minh","ojt.synthetic.se210516@example.com","K21","Công nghệ thông tin","Hệ thống thông tin","BIT_IS_K20D-21A","2","12",""
"SE210517","Phạm Phương Thảo","ojt.synthetic.se210517@example.com","K21","Công nghệ thông tin","An toàn thông tin","BIT_IA_K21B","2","12",""
"SE210518","Hoàng Hải Nam","ojt.synthetic.se210518@example.com","K21","Công nghệ thông tin","Kỹ thuật phần mềm","BIT_SE_K20D_K21A","2","12",""
"SE210519","Nguyễn Hải Nam","ojt.synthetic.se210519@example.com","K21","Công nghệ thông tin","Trí tuệ nhân tạo","BIT_AI_K21B","2","15",""
"SE210520","Lê Trung Hiếu","ojt.synthetic.se210520@example.com","K21","Công nghệ thông tin","Trí tuệ nhân tạo","BIT_AI_K21D-22A","1","0",""
"SE210521","Đỗ Gia Hân","ojt.synthetic.se210521@example.com","K21","Công nghệ thông tin","Hệ thống thông tin","BIT_IS_K20D-21A","2","15",""
"SE210522","Nguyễn Quốc Bảo","ojt.synthetic.se210522@example.com","K21","Công nghệ thông tin","Hệ thống thông tin","BIT_IS_K20D-21A","2","15",""
"SE210523","Đặng Phương Thảo","ojt.synthetic.se210523@example.com","K21","Công nghệ thông tin","An toàn thông tin","BIT_IA_K20D-21A","2","6",""
"SE210524","Phan Đức Minh","ojt.synthetic.se210524@example.com","K21","Công nghệ thông tin","Kỹ thuật phần mềm","BIT_SE_K20D_K21A","2","15",""
"SE210525","Phan Anh Tuấn","ojt.synthetic.se210525@example.com","K21","Công nghệ thông tin","An toàn thông tin","BIT_IA_K21B","2","15",""
"SE210526","Võ Thanh Tâm","ojt.synthetic.se210526@example.com","K21","Công nghệ thông tin","Hệ thống thông tin","BIT_IS_K20D-21A","2","15",""
"SE210527","Phạm Quang Huy","ojt.synthetic.se210527@example.com","K21","Công nghệ thông tin","Kỹ thuật phần mềm","BIT_SE_K21B","2","6",""
"SE210528","Hoàng Gia Hân","ojt.synthetic.se210528@example.com","K21","Công nghệ thông tin","An toàn thông tin","BIT_IA_K20D-21A","2","15",""
"SE210529","Phan Quang Huy","ojt.synthetic.se210529@example.com","K21","Công nghệ thông tin","Kỹ thuật phần mềm","BIT_SE_K20D_K21A","2","15",""
"SE210530","Đỗ Đức Minh","ojt.synthetic.se210530@example.com","K21","Công nghệ thông tin","Trí tuệ nhân tạo","BIT_AI_K21B","2","12",""
"SE210531","Hoàng Trung Hiếu","ojt.synthetic.se210531@example.com","K21","Công nghệ thông tin","Hệ thống thông tin","BIT_IS_K20D-21A","2","15",""
"SE210532","Trần Quốc Bảo","ojt.synthetic.se210532@example.com","K21","Công nghệ thông tin","Hệ thống thông tin","BIT_IS_K20D-21A","2","9",""
"SE210533","Vũ Hoàng Duy","ojt.synthetic.se210533@example.com","K21","Công nghệ thông tin","Hệ thống thông tin","BIT_IS_K20D-21A","2","15",""
"SE210534","Phạm Tuấn Kiệt","ojt.synthetic.se210534@example.com","K21","Công nghệ thông tin","Kỹ thuật phần mềm","BIT_SE_K20D_K21A","2","15",""
"SE210535","Lê Phương Thảo","ojt.synthetic.se210535@example.com","K21","Công nghệ thông tin","An toàn thông tin","BIT_IA_K21C","1","0",""
"SE210536","Đỗ Phương Thảo","ojt.synthetic.se210536@example.com","K21","Công nghệ thông tin","Hệ thống thông tin","BIT_IS_K20D-21A","2","15",""
"SE210537","Bùi Trung Hiếu","ojt.synthetic.se210537@example.com","K21","Công nghệ thông tin","Trí tuệ nhân tạo","BIT_AI_K21B","2","15",""
"SE210538","Trần Ngọc Mai","ojt.synthetic.se210538@example.com","K21","Công nghệ thông tin","Trí tuệ nhân tạo","BIT_AI_K20D-21A","2","15",""
"SE210539","Hoàng Bảo Ngọc","ojt.synthetic.se210539@example.com","K21","Công nghệ thông tin","Hệ thống thông tin","BIT_IS_K20D-21A","2","15",""
"SE210540","Võ Hải Nam","ojt.synthetic.se210540@example.com","K21","Công nghệ thông tin","Trí tuệ nhân tạo","BIT_AI_K21B","2","15",""
"SE210541","Trần Phương Thảo","ojt.synthetic.se210541@example.com","K21","Công nghệ thông tin","Hệ thống thông tin","BIT_IS_K20D-21A","2","15",""
"SE210542","Đặng Hoàng Duy","ojt.synthetic.se210542@example.com","K21","Công nghệ thông tin","Kỹ thuật phần mềm","BIT_SE_K20D_K21A","2","15",""
"SE210543","Võ Hải Nam","ojt.synthetic.se210543@example.com","K21","Công nghệ thông tin","Kỹ thuật phần mềm","BIT_SE_K21C","1","0",""
"SE210544","Đặng Minh Anh","ojt.synthetic.se210544@example.com","K21","Công nghệ thông tin","Trí tuệ nhân tạo","BIT_AI_K21B","2","12",""
"SE210545","Đặng Minh Anh","ojt.synthetic.se210545@example.com","K21","Công nghệ thông tin","An toàn thông tin","BIT_IA_K21C","1","0",""
"SE210546","Đỗ Gia Hân","ojt.synthetic.se210546@example.com","K21","Công nghệ thông tin","Trí tuệ nhân tạo","BIT_AI_K21B","2","9",""
"SE210547","Hoàng Minh Quân","ojt.synthetic.se210547@example.com","K21","Công nghệ thông tin","Trí tuệ nhân tạo","BIT_AI_K21B","2","15",""
"SE210548","Phan Quốc Bảo","ojt.synthetic.se210548@example.com","K21","Công nghệ thông tin","Hệ thống thông tin","BIT_IS_K20D-21A","2","15",""
"SE210549","Hoàng Gia Hân","ojt.synthetic.se210549@example.com","K21","Công nghệ thông tin","Kỹ thuật phần mềm","BIT_SE_K21C","1","0",""
"SE210550","Huỳnh Anh Tuấn","ojt.synthetic.se210550@example.com","K21","Công nghệ thông tin","An toàn thông tin","BIT_IA_K21B","2","15",""
"SE210551","Lê Ngọc Mai","ojt.synthetic.se210551@example.com","K21","Công nghệ thông tin","An toàn thông tin","BIT_IA_K21C","1","0",""
"SE210552","Võ Gia Hân","ojt.synthetic.se210552@example.com","K21","Công nghệ thông tin","Trí tuệ nhân tạo","BIT_AI_K21B","2","12",""
"SE210553","Lê Đức Minh","ojt.synthetic.se210553@example.com","K21","Công nghệ thông tin","Kỹ thuật phần mềm","BIT_SE_K21C","1","0",""
"SE210554","Phạm Gia Hân","ojt.synthetic.se210554@example.com","K21","Công nghệ thông tin","Kỹ thuật phần mềm","BIT_SE-2026_K21D_K22A","1","0",""
"SE210555","Trần Quốc Bảo","ojt.synthetic.se210555@example.com","K21","Công nghệ thông tin","An toàn thông tin","BIT_IA_K21B","2","15",""
"SE210556","Phạm Khánh Linh","ojt.synthetic.se210556@example.com","K21","Công nghệ thông tin","Trí tuệ nhân tạo","BIT_AI_K20D-21A","2","15",""
"SE210557","Phan Hải Nam","ojt.synthetic.se210557@example.com","K21","Công nghệ thông tin","Trí tuệ nhân tạo","BIT_AI_K20D-21A","2","12",""
"SE210558","Phan Đức Minh","ojt.synthetic.se210558@example.com","K21","Công nghệ thông tin","Hệ thống thông tin","BIT_IS_K20D-21A","2","9",""
"SE210559","Phạm Minh Quân","ojt.synthetic.se210559@example.com","K21","Công nghệ thông tin","Kỹ thuật phần mềm","BIT_SE_K20D_K21A","2","12",""
"SE210560","Hoàng Đức Minh","ojt.synthetic.se210560@example.com","K21","Công nghệ thông tin","Hệ thống thông tin","BIT_IS_K20D-21A","2","15",""
"SE210561","Võ Trung Hiếu","ojt.synthetic.se210561@example.com","K21","Công nghệ thông tin","An toàn thông tin","BIT_IA_K21C","1","0",""
"SE210562","Nguyễn Bảo Ngọc","ojt.synthetic.se210562@example.com","K21","Công nghệ thông tin","An toàn thông tin","BIT_IA_K21C","1","0",""
"SE210563","Đặng Quốc Bảo","ojt.synthetic.se210563@example.com","K21","Công nghệ thông tin","Trí tuệ nhân tạo","BIT_AI_K21C","1","0",""
"SE210564","Võ Anh Tuấn","ojt.synthetic.se210564@example.com","K21","Công nghệ thông tin","An toàn thông tin","BIT_IA_K20D-21A","2","12",""
"SE210565","Bùi Minh Anh","ojt.synthetic.se210565@example.com","K21","Công nghệ thông tin","Hệ thống thông tin","BIT_IS_K20D-21A","2","15",""
"SE210566","Vũ Khánh Linh","ojt.synthetic.se210566@example.com","K21","Công nghệ thông tin","An toàn thông tin","BIT_IA_K21C","1","0",""
"SE210567","Đặng Quốc Bảo","ojt.synthetic.se210567@example.com","K21","Công nghệ thông tin","Kỹ thuật phần mềm","BIT_SE_K21B","2","12",""
"SE210568","Phan Quang Huy","ojt.synthetic.se210568@example.com","K21","Công nghệ thông tin","An toàn thông tin","BIT_IA_K21D-22A","1","0",""
"SE210569","Lê Anh Tuấn","ojt.synthetic.se210569@example.com","K21","Công nghệ thông tin","Kỹ thuật phần mềm","BIT_SE_K21C","1","0",""
"SE210570","Đặng Hải Nam","ojt.synthetic.se210570@example.com","K21","Công nghệ thông tin","An toàn thông tin","BIT_IA_K21B","2","12",""
"SE210571","Phan Ngọc Mai","ojt.synthetic.se210571@example.com","K21","Công nghệ thông tin","An toàn thông tin","BIT_IA_K20D-21A","2","15",""
"SE210572","Vũ Bảo Ngọc","ojt.synthetic.se210572@example.com","K21","Công nghệ thông tin","Trí tuệ nhân tạo","BIT_AI_K21C","1","0",""
"SE210573","Vũ Quốc Bảo","ojt.synthetic.se210573@example.com","K21","Công nghệ thông tin","Trí tuệ nhân tạo","BIT_AI_K21D-22A","1","0",""
"SE210574","Nguyễn Hải Nam","ojt.synthetic.se210574@example.com","K21","Công nghệ thông tin","An toàn thông tin","BIT_IA_K21D-22A","1","0",""
"SE210575","Nguyễn Quang Huy","ojt.synthetic.se210575@example.com","K21","Công nghệ thông tin","Kỹ thuật phần mềm","BIT_SE_K20D_K21A","2","6",""
"SE210576","Phan Anh Tuấn","ojt.synthetic.se210576@example.com","K21","Công nghệ thông tin","Trí tuệ nhân tạo","BIT_AI_K21D-22A","1","0",""
"SE210577","Vũ Minh Quân","ojt.synthetic.se210577@example.com","K21","Công nghệ thông tin","Trí tuệ nhân tạo","BIT_AI_K20D-21A","2","9",""
"SE210578","Vũ Bảo Ngọc","ojt.synthetic.se210578@example.com","K21","Công nghệ thông tin","Hệ thống thông tin","BIT_IS_K20D-21A","2","12",""
"SE210579","Trần Gia Hân","ojt.synthetic.se210579@example.com","K21","Công nghệ thông tin","An toàn thông tin","BIT_IA_K21C","1","0",""
"SE210580","Phan Quang Huy","ojt.synthetic.se210580@example.com","K21","Công nghệ thông tin","Hệ thống thông tin","BIT_IS_K20D-21A","2","6",""
"SE210581","Vũ Minh Anh","ojt.synthetic.se210581@example.com","K21","Công nghệ thông tin","Hệ thống thông tin","BIT_IS_K20D-21A","2","12",""
"SE210582","Lê Hoàng Duy","ojt.synthetic.se210582@example.com","K21","Công nghệ thông tin","Kỹ thuật phần mềm","BIT_SE_K20D_K21A","2","15",""
"SE210583","Võ Gia Hân","ojt.synthetic.se210583@example.com","K21","Công nghệ thông tin","Kỹ thuật phần mềm","BIT_SE_K21B","2","15",""
"SE210584","Hoàng Minh Anh","ojt.synthetic.se210584@example.com","K21","Công nghệ thông tin","Kỹ thuật phần mềm","BIT_SE_K20D_K21A","2","12",""
"SE210585","Hoàng Anh Tuấn","ojt.synthetic.se210585@example.com","K21","Công nghệ thông tin","An toàn thông tin","BIT_IA_K21C","1","0",""
"SE210586","Vũ Hải Nam","ojt.synthetic.se210586@example.com","K21","Công nghệ thông tin","An toàn thông tin","BIT_IA_K20D-21A","2","15",""
"SE210587","Phan Thanh Tâm","ojt.synthetic.se210587@example.com","K21","Công nghệ thông tin","Trí tuệ nhân tạo","BIT_AI_K21B","2","15",""
"SE210588","Trần Gia Hân","ojt.synthetic.se210588@example.com","K21","Công nghệ thông tin","An toàn thông tin","BIT_IA_K21C","1","0",""
"SE210589","Hoàng Ngọc Mai","ojt.synthetic.se210589@example.com","K21","Công nghệ thông tin","Kỹ thuật phần mềm","BIT_SE-2026_K21D_K22A","1","0",""
"SE210590","Đặng Bảo Ngọc","ojt.synthetic.se210590@example.com","K21","Công nghệ thông tin","Hệ thống thông tin","BIT_IS_K20D-21A","2","15",""
"SE210591","Phan Quốc Bảo","ojt.synthetic.se210591@example.com","K21","Công nghệ thông tin","Hệ thống thông tin","BIT_IS_K20D-21A","2","12",""
"SE210592","Đặng Đức Minh","ojt.synthetic.se210592@example.com","K21","Công nghệ thông tin","Hệ thống thông tin","BIT_IS_K20D-21A","2","15",""
"SE210593","Vũ Quang Huy","ojt.synthetic.se210593@example.com","K21","Công nghệ thông tin","Hệ thống thông tin","BIT_IS_K20D-21A","2","15",""
"SE210594","Đặng Quang Huy","ojt.synthetic.se210594@example.com","K21","Công nghệ thông tin","An toàn thông tin","BIT_IA_K21C","1","0",""
"SE210595","Bùi Gia Hân","ojt.synthetic.se210595@example.com","K21","Công nghệ thông tin","Trí tuệ nhân tạo","BIT_AI_K20D-21A","2","15",""
"SE210596","Nguyễn Gia Hân","ojt.synthetic.se210596@example.com","K21","Công nghệ thông tin","An toàn thông tin","BIT_IA_K21C","1","0",""
"SE210597","Vũ Hải Nam","ojt.synthetic.se210597@example.com","K21","Công nghệ thông tin","An toàn thông tin","BIT_IA_K21C","1","0",""
"SE210598","Hoàng Tuấn Kiệt","ojt.synthetic.se210598@example.com","K21","Công nghệ thông tin","Trí tuệ nhân tạo","BIT_AI_K21B","2","6",""
"SE210599","Đặng Bảo Ngọc","ojt.synthetic.se210599@example.com","K21","Công nghệ thông tin","An toàn thông tin","BIT_IA_K20D-21A","2","15",""
"SE210600","Đặng Quang Huy","ojt.synthetic.se210600@example.com","K21","Công nghệ thông tin","Trí tuệ nhân tạo","BIT_AI_K20D-21A","2","15",""
"SE210601","Huỳnh Tuấn Kiệt","ojt.synthetic.se210601@example.com","K21","Công nghệ thông tin","Hệ thống thông tin","BIT_IS_K20D-21A","2","15",""
"SE210602","Lê Quang Huy","ojt.synthetic.se210602@example.com","K21","Công nghệ thông tin","Trí tuệ nhân tạo","BIT_AI_K21D-22A","1","0",""
"SE210603","Đỗ Minh Quân","ojt.synthetic.se210603@example.com","K21","Công nghệ thông tin","Trí tuệ nhân tạo","BIT_AI_K21B","2","15",""
"SE210604","Lê Tuấn Kiệt","ojt.synthetic.se210604@example.com","K21","Công nghệ thông tin","Kỹ thuật phần mềm","BIT_SE-2026_K21D_K22A","1","0",""
"SE210605","Phạm Anh Tuấn","ojt.synthetic.se210605@example.com","K21","Công nghệ thông tin","An toàn thông tin","BIT_IA_K21C","1","0",""
"SE210606","Phan Trung Hiếu","ojt.synthetic.se210606@example.com","K21","Công nghệ thông tin","Trí tuệ nhân tạo","BIT_AI_K21B","2","15",""
"SE210607","Phạm Khánh Linh","ojt.synthetic.se210607@example.com","K21","Công nghệ thông tin","Trí tuệ nhân tạo","BIT_AI_K21D-22A","1","0",""
"SE210608","Vũ Quốc Bảo","ojt.synthetic.se210608@example.com","K21","Công nghệ thông tin","Trí tuệ nhân tạo","BIT_AI_K21D-22A","1","0",""
"SE210609","Phan Quốc Bảo","ojt.synthetic.se210609@example.com","K21","Công nghệ thông tin","An toàn thông tin","BIT_IA_K20D-21A","2","12",""
"SE210610","Trần Tuấn Kiệt","ojt.synthetic.se210610@example.com","K21","Công nghệ thông tin","Kỹ thuật phần mềm","BIT_SE_K20D_K21A","2","9",""
"SE210611","Vũ Quang Huy","ojt.synthetic.se210611@example.com","K21","Công nghệ thông tin","Kỹ thuật phần mềm","BIT_SE_K21B","2","12",""
"SE210612","Huỳnh Khánh Linh","ojt.synthetic.se210612@example.com","K21","Công nghệ thông tin","An toàn thông tin","BIT_IA_K21B","2","12",""
"SE210613","Võ Thanh Tâm","ojt.synthetic.se210613@example.com","K21","Công nghệ thông tin","An toàn thông tin","BIT_IA_K21B","2","15",""
"SE210614","Vũ Minh Anh","ojt.synthetic.se210614@example.com","K21","Công nghệ thông tin","Kỹ thuật phần mềm","BIT_SE_K20D_K21A","2","15",""
"SE210615","Huỳnh Hải Nam","ojt.synthetic.se210615@example.com","K21","Công nghệ thông tin","An toàn thông tin","BIT_IA_K21C","1","0",""
"SE210616","Lê Quốc Bảo","ojt.synthetic.se210616@example.com","K21","Công nghệ thông tin","Kỹ thuật phần mềm","BIT_SE_K21B","2","9",""
"SE210617","Hoàng Trung Hiếu","ojt.synthetic.se210617@example.com","K21","Công nghệ thông tin","Kỹ thuật phần mềm","BIT_SE_K20D_K21A","2","15",""
"SE210618","Đặng Bảo Ngọc","ojt.synthetic.se210618@example.com","K21","Công nghệ thông tin","Kỹ thuật phần mềm","BIT_SE_K21B","2","15",""
"SE210619","Phan Ngọc Mai","ojt.synthetic.se210619@example.com","K21","Công nghệ thông tin","An toàn thông tin","BIT_IA_K21D-22A","1","0",""
"SE210620","Võ Thanh Tâm","ojt.synthetic.se210620@example.com","K21","Công nghệ thông tin","Kỹ thuật phần mềm","BIT_SE_K21B","2","15",""
"SE210621","Bùi Quang Huy","ojt.synthetic.se210621@example.com","K21","Công nghệ thông tin","Trí tuệ nhân tạo","BIT_AI_K21B","2","12",""
"SE210622","Huỳnh Minh Quân","ojt.synthetic.se210622@example.com","K21","Công nghệ thông tin","An toàn thông tin","BIT_IA_K21D-22A","1","0",""
"SE210623","Vũ Quang Huy","ojt.synthetic.se210623@example.com","K21","Công nghệ thông tin","Hệ thống thông tin","BIT_IS_K20D-21A","2","15",""
"SE210624","Bùi Quang Huy","ojt.synthetic.se210624@example.com","K21","Công nghệ thông tin","Hệ thống thông tin","BIT_IS_K20D-21A","2","12",""
"SE210625","Võ Thanh Tâm","ojt.synthetic.se210625@example.com","K21","Công nghệ thông tin","Trí tuệ nhân tạo","BIT_AI_K21B","2","6",""
"SE210626","Nguyễn Hoàng Duy","ojt.synthetic.se210626@example.com","K21","Công nghệ thông tin","Trí tuệ nhân tạo","BIT_AI_K21B","2","12",""
"SE210627","Huỳnh Khánh Linh","ojt.synthetic.se210627@example.com","K21","Công nghệ thông tin","An toàn thông tin","BIT_IA_K20D-21A","2","12",""
"SE210628","Bùi Phương Thảo","ojt.synthetic.se210628@example.com","K21","Công nghệ thông tin","Hệ thống thông tin","BIT_IS_K20D-21A","2","15",""
"SE210629","Vũ Phương Thảo","ojt.synthetic.se210629@example.com","K21","Công nghệ thông tin","Hệ thống thông tin","BIT_IS_K20D-21A","2","15",""
"SE210630","Huỳnh Tuấn Kiệt","ojt.synthetic.se210630@example.com","K21","Công nghệ thông tin","Trí tuệ nhân tạo","BIT_AI_K20D-21A","2","15",""
"SE210631","Nguyễn Tuấn Kiệt","ojt.synthetic.se210631@example.com","K21","Công nghệ thông tin","Hệ thống thông tin","BIT_IS_K20D-21A","2","15",""
"SE210632","Phan Anh Tuấn","ojt.synthetic.se210632@example.com","K21","Công nghệ thông tin","An toàn thông tin","BIT_IA_K21C","1","0",""
"SE210633","Đỗ Tuấn Kiệt","ojt.synthetic.se210633@example.com","K21","Công nghệ thông tin","An toàn thông tin","BIT_IA_K21D-22A","1","0",""
"SE210634","Hoàng Minh Quân","ojt.synthetic.se210634@example.com","K21","Công nghệ thông tin","Trí tuệ nhân tạo","BIT_AI_K21D-22A","1","0",""
"SE210635","Bùi Hải Nam","ojt.synthetic.se210635@example.com","K21","Công nghệ thông tin","Trí tuệ nhân tạo","BIT_AI_K20D-21A","2","15",""
"SE210636","Võ Hoàng Duy","ojt.synthetic.se210636@example.com","K21","Công nghệ thông tin","An toàn thông tin","BIT_IA_K20D-21A","2","6",""
"SE210637","Lê Hải Nam","ojt.synthetic.se210637@example.com","K21","Công nghệ thông tin","Kỹ thuật phần mềm","BIT_SE_K21C","1","0",""
"SE210638","Lê Gia Hân","ojt.synthetic.se210638@example.com","K21","Công nghệ thông tin","An toàn thông tin","BIT_IA_K21B","2","15",""
"SE210639","Võ Minh Anh","ojt.synthetic.se210639@example.com","K21","Công nghệ thông tin","Trí tuệ nhân tạo","BIT_AI_K21C","1","0",""
"SE210640","Đỗ Quang Huy","ojt.synthetic.se210640@example.com","K21","Công nghệ thông tin","Trí tuệ nhân tạo","BIT_AI_K20D-21A","2","15",""
"SE210641","Bùi Quốc Bảo","ojt.synthetic.se210641@example.com","K21","Công nghệ thông tin","Trí tuệ nhân tạo","BIT_AI_K20D-21A","2","9",""
"SE210642","Đỗ Quang Huy","ojt.synthetic.se210642@example.com","K21","Công nghệ thông tin","Kỹ thuật phần mềm","BIT_SE_K20D_K21A","2","15",""
"SE210643","Phan Quốc Bảo","ojt.synthetic.se210643@example.com","K21","Công nghệ thông tin","Kỹ thuật phần mềm","BIT_SE_K20D_K21A","2","12",""
"SE210644","Nguyễn Quốc Bảo","ojt.synthetic.se210644@example.com","K21","Công nghệ thông tin","Trí tuệ nhân tạo","BIT_AI_K21D-22A","1","0",""
"SE210645","Võ Quốc Bảo","ojt.synthetic.se210645@example.com","K21","Công nghệ thông tin","An toàn thông tin","BIT_IA_K21D-22A","1","0",""
"SE210646","Đặng Tuấn Kiệt","ojt.synthetic.se210646@example.com","K21","Công nghệ thông tin","Hệ thống thông tin","BIT_IS_K20D-21A","2","9",""
"SE210647","Phạm Ngọc Mai","ojt.synthetic.se210647@example.com","K21","Công nghệ thông tin","An toàn thông tin","BIT_IA_K21B","2","15",""
"SE210648","Hoàng Trung Hiếu","ojt.synthetic.se210648@example.com","K21","Công nghệ thông tin","Hệ thống thông tin","BIT_IS_K20D-21A","2","15",""
"SE210649","Võ Quang Huy","ojt.synthetic.se210649@example.com","K21","Công nghệ thông tin","An toàn thông tin","BIT_IA_K21D-22A","1","0",""
"SE210650","Võ Quang Huy","ojt.synthetic.se210650@example.com","K21","Công nghệ thông tin","Hệ thống thông tin","BIT_IS_K20D-21A","2","15",""
"SE210651","Lê Minh Anh","ojt.synthetic.se210651@example.com","K21","Công nghệ thông tin","An toàn thông tin","BIT_IA_K21B","2","15",""
"SE210652","Trần Bảo Ngọc","ojt.synthetic.se210652@example.com","K21","Công nghệ thông tin","Kỹ thuật phần mềm","BIT_SE_K21B","2","6",""
"SE210653","Hoàng Tuấn Kiệt","ojt.synthetic.se210653@example.com","K21","Công nghệ thông tin","An toàn thông tin","BIT_IA_K21B","2","15",""
"SE210654","Phan Quốc Bảo","ojt.synthetic.se210654@example.com","K21","Công nghệ thông tin","Hệ thống thông tin","BIT_IS_K20D-21A","2","15",""
"SE210655","Đỗ Hoàng Duy","ojt.synthetic.se210655@example.com","K21","Công nghệ thông tin","Hệ thống thông tin","BIT_IS_K20D-21A","2","15",""
"SE210656","Phan Hải Nam","ojt.synthetic.se210656@example.com","K21","Công nghệ thông tin","Kỹ thuật phần mềm","BIT_SE_K21C","1","0",""
"SE210657","Phan Tuấn Kiệt","ojt.synthetic.se210657@example.com","K21","Công nghệ thông tin","Hệ thống thông tin","BIT_IS_K20D-21A","2","15",""
"SE210658","Đặng Minh Quân","ojt.synthetic.se210658@example.com","K21","Công nghệ thông tin","Hệ thống thông tin","BIT_IS_K20D-21A","2","15",""
"SE210659","Trần Hải Nam","ojt.synthetic.se210659@example.com","K21","Công nghệ thông tin","Kỹ thuật phần mềm","BIT_SE-2026_K21D_K22A","1","0",""
"SE210660","Hoàng Gia Hân","ojt.synthetic.se210660@example.com","K21","Công nghệ thông tin","Trí tuệ nhân tạo","BIT_AI_K21B","2","15",""
"SE210661","Nguyễn Ngọc Mai","ojt.synthetic.se210661@example.com","K21","Công nghệ thông tin","Trí tuệ nhân tạo","BIT_AI_K21C","1","0",""
"SE210662","Lê Quang Huy","ojt.synthetic.se210662@example.com","K21","Công nghệ thông tin","Trí tuệ nhân tạo","BIT_AI_K20D-21A","2","15",""
"SE210663","Nguyễn Minh Quân","ojt.synthetic.se210663@example.com","K21","Công nghệ thông tin","Hệ thống thông tin","BIT_IS_K20D-21A","2","15",""
"SE210664","Phạm Đức Minh","ojt.synthetic.se210664@example.com","K21","Công nghệ thông tin","Trí tuệ nhân tạo","BIT_AI_K20D-21A","2","12",""
"SE210665","Vũ Phương Thảo","ojt.synthetic.se210665@example.com","K21","Công nghệ thông tin","Trí tuệ nhân tạo","BIT_AI_K21D-22A","1","0",""
"SE210666","Đỗ Minh Anh","ojt.synthetic.se210666@example.com","K21","Công nghệ thông tin","Kỹ thuật phần mềm","BIT_SE-2026_K21D_K22A","1","0",""
"SE210667","Đỗ Hoàng Nam","ojt.synthetic.se210667@example.com","K21","Công nghệ thông tin","Trí tuệ nhân tạo","BIT_AI_K21B","2","15",""
"SE210668","Lê Bảo Ngọc","ojt.synthetic.se210668@example.com","K21","Công nghệ thông tin","An toàn thông tin","BIT_IA_K20D-21A","2","15",""
"SE210669","Hoàng Minh Anh","ojt.synthetic.se210669@example.com","K21","Công nghệ thông tin","Trí tuệ nhân tạo","BIT_AI_K21B","2","15",""
"SE210670","Trần Thanh Hà","ojt.synthetic.se210670@example.com","K21","Công nghệ thông tin","An toàn thông tin","BIT_IA_K21D-22A","1","0",""
"SE210671","Hồ Quốc Bảo","ojt.synthetic.se210671@example.com","K21","Công nghệ thông tin","Hệ thống thông tin","BIT_IS_K20D-21A","2","15",""
"SE210672","Võ Hải Đăng","ojt.synthetic.se210672@example.com","K21","Công nghệ thông tin","Hệ thống thông tin","BIT_IS_K20D-21A","2","12",""
"SE210673","Hoàng Khánh Vy","ojt.synthetic.se210673@example.com","K21","Công nghệ thông tin","Trí tuệ nhân tạo","BIT_AI_K21C","1","0",""
"SE210674","Nguyễn Phương Thảo","ojt.synthetic.se210674@example.com","K21","Công nghệ thông tin","Trí tuệ nhân tạo","BIT_AI_K21D-22A","1","0",""
"SE210675","Bùi Minh Anh","ojt.synthetic.se210675@example.com","K21","Công nghệ thông tin","An toàn thông tin","BIT_IA_K21B","2","15",""
"SE210676","Trần Quốc Bảo","ojt.synthetic.se210676@example.com","K21","Công nghệ thông tin","Kỹ thuật phần mềm","BIT_SE_K21B","2","15",""
"SE210677","Dương Thu Trang","ojt.synthetic.se210677@example.com","K21","Công nghệ thông tin","Kỹ thuật phần mềm","BIT_SE_K21B","2","12",""
"SE210678","Vũ Tuấn Kiệt","ojt.synthetic.se210678@example.com","K21","Công nghệ thông tin","An toàn thông tin","BIT_IA_K20D-21A","2","15",""
"SE210679","Đỗ Anh Thư","ojt.synthetic.se210679@example.com","K21","Công nghệ thông tin","Hệ thống thông tin","BIT_IS_K20D-21A","2","15",""
"SE210680","Hồ Nhật Minh","ojt.synthetic.se210680@example.com","K21","Công nghệ thông tin","Hệ thống thông tin","BIT_IS_K20D-21A","2","15",""
"SE210681","Huỳnh Anh Thư","ojt.synthetic.se210681@example.com","K21","Công nghệ thông tin","Trí tuệ nhân tạo","BIT_AI_K21D-22A","1","0",""
"SE210682","Bùi Ngọc Linh","ojt.synthetic.se210682@example.com","K21","Công nghệ thông tin","Hệ thống thông tin","BIT_IS_K20D-21A","2","12",""
"SE210683","Võ Ngọc Hân","ojt.synthetic.se210683@example.com","K21","Công nghệ thông tin","An toàn thông tin","BIT_IA_K21C","1","0",""
"SE210684","Huỳnh Khánh Vy","ojt.synthetic.se210684@example.com","K21","Công nghệ thông tin","Trí tuệ nhân tạo","BIT_AI_K20D-21A","2","15",""
"SE210685","Ngô Minh Khang","ojt.synthetic.se210685@example.com","K21","Công nghệ thông tin","Kỹ thuật phần mềm","BIT_SE_K21C","1","0",""
"SE210686","Vũ Ngọc Hân","ojt.synthetic.se210686@example.com","K21","Công nghệ thông tin","An toàn thông tin","BIT_IA_K21B","2","15",""
"SE210687","Phạm Tuấn Kiệt","ojt.synthetic.se210687@example.com","K21","Công nghệ thông tin","Trí tuệ nhân tạo","BIT_AI_K21C","1","0",""
"SE210688","Nguyễn Hoàng Nam","ojt.synthetic.se210688@example.com","K21","Công nghệ thông tin","An toàn thông tin","BIT_IA_K21B","2","12",""
"SE210689","Vũ Nhật Minh","ojt.synthetic.se210689@example.com","K21","Công nghệ thông tin","An toàn thông tin","BIT_IA_K21D-22A","1","0",""
"SE210690","Vũ Gia Bảo","ojt.synthetic.se210690@example.com","K21","Công nghệ thông tin","Kỹ thuật phần mềm","BIT_SE_K20D_K21A","2","6",""
"SE210691","Vũ Đức Anh","ojt.synthetic.se210691@example.com","K21","Công nghệ thông tin","An toàn thông tin","BIT_IA_K21C","1","0",""
"SE210692","Trần Khánh Vy","ojt.synthetic.se210692@example.com","K21","Công nghệ thông tin","Hệ thống thông tin","BIT_IS_K20D-21A","2","12",""
"SE210693","Đỗ Hải Đăng","ojt.synthetic.se210693@example.com","K21","Công nghệ thông tin","Trí tuệ nhân tạo","BIT_AI_K21D-22A","1","0",""
"SE210694","Huỳnh Thu Trang","ojt.synthetic.se210694@example.com","K21","Công nghệ thông tin","Kỹ thuật phần mềm","BIT_SE-2026_K21D_K22A","1","0",""
"SE210695","Đỗ Khánh Vy","ojt.synthetic.se210695@example.com","K21","Công nghệ thông tin","Kỹ thuật phần mềm","BIT_SE_K20D_K21A","2","15",""
"SE210696","Hoàng Hoàng Nam","ojt.synthetic.se210696@example.com","K21","Công nghệ thông tin","Trí tuệ nhân tạo","BIT_AI_K21D-22A","1","0",""
"SE210697","Vũ Ngọc Hân","ojt.synthetic.se210697@example.com","K21","Công nghệ thông tin","Trí tuệ nhân tạo","BIT_AI_K20D-21A","2","15",""
"SE210698","Đỗ Minh Khang","ojt.synthetic.se210698@example.com","K21","Công nghệ thông tin","Kỹ thuật phần mềm","BIT_SE_K21C","1","0",""
"SE210699","Trần Thùy Dung","ojt.synthetic.se210699@example.com","K21","Công nghệ thông tin","Trí tuệ nhân tạo","BIT_AI_K21D-22A","1","0",""
"SE210700","Đỗ Tuấn Kiệt","ojt.synthetic.se210700@example.com","K21","Công nghệ thông tin","An toàn thông tin","BIT_IA_K21C","1","0",""
"SE210701","Trần Tuấn Kiệt","ojt.synthetic.se210701@example.com","K21","Công nghệ thông tin","An toàn thông tin","BIT_IA_K21D-22A","1","0",""
"SE210702","Bùi Minh Khang","ojt.synthetic.se210702@example.com","K21","Công nghệ thông tin","Hệ thống thông tin","BIT_IS_K20D-21A","2","12",""
"SE210703","Võ Nhật Minh","ojt.synthetic.se210703@example.com","K21","Công nghệ thông tin","Hệ thống thông tin","BIT_IS_K20D-21A","2","15",""
"SE210704","Huỳnh Minh Anh","ojt.synthetic.se210704@example.com","K21","Công nghệ thông tin","Trí tuệ nhân tạo","BIT_AI_K20D-21A","2","15",""
"SE210705","Phạm Tuấn Kiệt","ojt.synthetic.se210705@example.com","K21","Công nghệ thông tin","An toàn thông tin","BIT_IA_K20D-21A","2","15",""
"SE210706","Hoàng Ngọc Hân","ojt.synthetic.se210706@example.com","K21","Công nghệ thông tin","An toàn thông tin","BIT_IA_K21B","2","15",""
"SE210707","Nguyễn Quốc Bảo","ojt.synthetic.se210707@example.com","K21","Công nghệ thông tin","Kỹ thuật phần mềm","BIT_SE_K21C","1","0",""
"SE210708","Vũ Thanh Hà","ojt.synthetic.se210708@example.com","K21","Công nghệ thông tin","Kỹ thuật phần mềm","BIT_SE_K20D_K21A","2","15",""
"SE210709","Đỗ Quang Huy","ojt.synthetic.se210709@example.com","K21","Công nghệ thông tin","An toàn thông tin","BIT_IA_K21C","1","0",""
"SE210710","Võ Hoàng Nam","ojt.synthetic.se210710@example.com","K21","Công nghệ thông tin","Kỹ thuật phần mềm","BIT_SE-2026_K21D_K22A","1","0",""
"SE210711","Trần Hoàng Nam","ojt.synthetic.se210711@example.com","K21","Công nghệ thông tin","An toàn thông tin","BIT_IA_K21D-22A","1","0",""
"SE210712","Võ Quang Huy","ojt.synthetic.se210712@example.com","K21","Công nghệ thông tin","An toàn thông tin","BIT_IA_K20D-21A","2","15",""
"SE210713","Phạm Phương Thảo","ojt.synthetic.se210713@example.com","K21","Công nghệ thông tin","An toàn thông tin","BIT_IA_K21C","1","0",""
"SE210714","Vũ Anh Thư","ojt.synthetic.se210714@example.com","K21","Công nghệ thông tin","Trí tuệ nhân tạo","BIT_AI_K21B","2","15",""
"SE210715","Vũ Thanh Hà","ojt.synthetic.se210715@example.com","K21","Công nghệ thông tin","Hệ thống thông tin","BIT_IS_K20D-21A","2","15",""
"SE210716","Nguyễn Đức Anh","ojt.synthetic.se210716@example.com","K21","Công nghệ thông tin","Kỹ thuật phần mềm","BIT_SE_K21C","1","0",""
"SE210717","Nguyễn Ngọc Linh","ojt.synthetic.se210717@example.com","K21","Công nghệ thông tin","Kỹ thuật phần mềm","BIT_SE_K20D_K21A","2","15",""
"SE210718","Huỳnh Đức Anh","ojt.synthetic.se210718@example.com","K21","Công nghệ thông tin","Hệ thống thông tin","BIT_IS_K20D-21A","2","15",""
"SE210719","Lê Ngọc Linh","ojt.synthetic.se210719@example.com","K21","Công nghệ thông tin","An toàn thông tin","BIT_IA_K21B","2","12",""
"SE210720","Dương Minh Khang","ojt.synthetic.se210720@example.com","K21","Công nghệ thông tin","Trí tuệ nhân tạo","BIT_AI_K21C","1","0",""
"SE210721","Lê Trung Hiếu","ojt.synthetic.se210721@example.com","K21","Công nghệ thông tin","Trí tuệ nhân tạo","BIT_AI_K20D-21A","2","15",""
"SE210722","Phạm Khánh Vy","ojt.synthetic.se210722@example.com","K21","Công nghệ thông tin","Kỹ thuật phần mềm","BIT_SE_K21C","1","0",""
"SE210723","Hồ Trung Hiếu","ojt.synthetic.se210723@example.com","K21","Công nghệ thông tin","An toàn thông tin","BIT_IA_K21C","1","0",""
"SE210724","Lê Quang Huy","ojt.synthetic.se210724@example.com","K21","Công nghệ thông tin","Hệ thống thông tin","BIT_IS_K20D-21A","2","15",""
"SE210725","Hoàng Thanh Hà","ojt.synthetic.se210725@example.com","K21","Công nghệ thông tin","Hệ thống thông tin","BIT_IS_K20D-21A","2","15",""
"SE210726","Hồ Quang Huy","ojt.synthetic.se210726@example.com","K21","Công nghệ thông tin","Trí tuệ nhân tạo","BIT_AI_K21B","2","9",""
"SE210727","Huỳnh Khánh Vy","ojt.synthetic.se210727@example.com","K21","Công nghệ thông tin","Trí tuệ nhân tạo","BIT_AI_K21B","2","9",""
"SE210728","Hoàng Hải Đăng","ojt.synthetic.se210728@example.com","K21","Công nghệ thông tin","Kỹ thuật phần mềm","BIT_SE-2026_K21D_K22A","1","0",""
"SE210729","Hoàng Nhật Minh","ojt.synthetic.se210729@example.com","K21","Công nghệ thông tin","Kỹ thuật phần mềm","BIT_SE_K21C","1","0",""
"SE210730","Lê Hoàng Nam","ojt.synthetic.se210730@example.com","K21","Công nghệ thông tin","Kỹ thuật phần mềm","BIT_SE_K21B","2","12",""
"SE210731","Lý Anh Thư","ojt.synthetic.se210731@example.com","K21","Công nghệ thông tin","Trí tuệ nhân tạo","BIT_AI_K21B","2","15",""
"SE210732","Trần Phương Thảo","ojt.synthetic.se210732@example.com","K21","Công nghệ thông tin","An toàn thông tin","BIT_IA_K20D-21A","2","15",""
"SE210733","Hoàng Gia Bảo","ojt.synthetic.se210733@example.com","K21","Công nghệ thông tin","An toàn thông tin","BIT_IA_K21C","1","0",""
"SE210734","Huỳnh Anh Thư","ojt.synthetic.se210734@example.com","K21","Công nghệ thông tin","Kỹ thuật phần mềm","BIT_SE_K21B","2","12",""
"SE210735","Hồ Thanh Hà","ojt.synthetic.se210735@example.com","K21","Công nghệ thông tin","An toàn thông tin","BIT_IA_K21B","2","15",""
"SE210736","Võ Minh Khang","ojt.synthetic.se210736@example.com","K21","Công nghệ thông tin","An toàn thông tin","BIT_IA_K20D-21A","2","6",""
"SE210737","Lê Hoàng Nam","ojt.synthetic.se210737@example.com","K21","Công nghệ thông tin","Kỹ thuật phần mềm","BIT_SE-2026_K21D_K22A","1","0",""
"SE210738","Đỗ Bảo Ngọc","ojt.synthetic.se210738@example.com","K21","Công nghệ thông tin","Hệ thống thông tin","BIT_IS_K20D-21A","2","15",""
"SE210739","Vũ Thùy Dung","ojt.synthetic.se210739@example.com","K21","Công nghệ thông tin","Hệ thống thông tin","BIT_IS_K20D-21A","2","15",""
"SE210740","Hoàng Thanh Hà","ojt.synthetic.se210740@example.com","K21","Công nghệ thông tin","Hệ thống thông tin","BIT_IS_K20D-21A","2","15",""
"SE210741","Bùi Đức Anh","ojt.synthetic.se210741@example.com","K21","Công nghệ thông tin","An toàn thông tin","BIT_IA_K21B","2","15",""
"SE210742","Hoàng Tuấn Kiệt","ojt.synthetic.se210742@example.com","K21","Công nghệ thông tin","Trí tuệ nhân tạo","BIT_AI_K20D-21A","2","15",""
"SE210743","Đặng Quốc Bảo","ojt.synthetic.se210743@example.com","K21","Công nghệ thông tin","Trí tuệ nhân tạo","BIT_AI_K20D-21A","2","15",""
"SE210744","Lý Thu Trang","ojt.synthetic.se210744@example.com","K21","Công nghệ thông tin","Trí tuệ nhân tạo","BIT_AI_K21B","2","15",""
"SE210745","Lê Quang Huy","ojt.synthetic.se210745@example.com","K21","Công nghệ thông tin","Kỹ thuật phần mềm","BIT_SE-2026_K21D_K22A","1","0",""
"SE210746","Lý Phương Thảo","ojt.synthetic.se210746@example.com","K21","Công nghệ thông tin","Trí tuệ nhân tạo","BIT_AI_K21C","1","0",""
"SE210747","Hoàng Nhật Minh","ojt.synthetic.se210747@example.com","K21","Công nghệ thông tin","An toàn thông tin","BIT_IA_K21B","2","15",""
"SE210748","Hồ Khánh Vy","ojt.synthetic.se210748@example.com","K21","Công nghệ thông tin","Trí tuệ nhân tạo","BIT_AI_K21B","2","15",""
"SE210749","Dương Phương Thảo","ojt.synthetic.se210749@example.com","K21","Công nghệ thông tin","An toàn thông tin","BIT_IA_K20D-21A","2","9",""
"SE210750","Ngô Trung Hiếu","ojt.synthetic.se210750@example.com","K21","Công nghệ thông tin","Trí tuệ nhân tạo","BIT_AI_K21C","1","0",""
"SE210751","Bùi Gia Bảo","ojt.synthetic.se210751@example.com","K21","Công nghệ thông tin","Hệ thống thông tin","BIT_IS_K20D-21A","2","12",""
"SE210752","Đặng Tuấn Kiệt","ojt.synthetic.se210752@example.com","K21","Công nghệ thông tin","Kỹ thuật phần mềm","BIT_SE_K21B","2","15",""
"SE210753","Nguyễn Ngọc Hân","ojt.synthetic.se210753@example.com","K21","Công nghệ thông tin","Hệ thống thông tin","BIT_IS_K20D-21A","2","15",""
"SE210754","Nguyễn Ngọc Linh","ojt.synthetic.se210754@example.com","K21","Công nghệ thông tin","Trí tuệ nhân tạo","BIT_AI_K21D-22A","1","0",""
"SE210755","Lê Tuấn Kiệt","ojt.synthetic.se210755@example.com","K21","Công nghệ thông tin","Hệ thống thông tin","BIT_IS_K20D-21A","2","12",""
"SE210756","Lý Quốc Bảo","ojt.synthetic.se210756@example.com","K21","Công nghệ thông tin","An toàn thông tin","BIT_IA_K21D-22A","1","0",""
"SE210757","Võ Minh Khang","ojt.synthetic.se210757@example.com","K21","Công nghệ thông tin","Hệ thống thông tin","BIT_IS_K20D-21A","2","9",""
"SE210758","Bùi Minh Anh","ojt.synthetic.se210758@example.com","K21","Công nghệ thông tin","Kỹ thuật phần mềm","BIT_SE_K20D_K21A","2","12",""
"SE210759","Dương Trung Hiếu","ojt.synthetic.se210759@example.com","K21","Công nghệ thông tin","An toàn thông tin","BIT_IA_K20D-21A","2","15",""
"SE210760","Đặng Quang Huy","ojt.synthetic.se210760@example.com","K21","Công nghệ thông tin","Trí tuệ nhân tạo","BIT_AI_K20D-21A","2","9",""
"SE210761","Võ Quốc Bảo","ojt.synthetic.se210761@example.com","K21","Công nghệ thông tin","Trí tuệ nhân tạo","BIT_AI_K21D-22A","1","0",""
"SE210762","Hồ Thùy Dung","ojt.synthetic.se210762@example.com","K21","Công nghệ thông tin","An toàn thông tin","BIT_IA_K21C","1","0",""
"SE210763","Bùi Quang Huy","ojt.synthetic.se210763@example.com","K21","Công nghệ thông tin","An toàn thông tin","BIT_IA_K21D-22A","1","0",""
"SE210764","Dương Nhật Minh","ojt.synthetic.se210764@example.com","K21","Công nghệ thông tin","Trí tuệ nhân tạo","BIT_AI_K20D-21A","2","15",""
"SE210765","Ngô Quốc Bảo","ojt.synthetic.se210765@example.com","K21","Công nghệ thông tin","Kỹ thuật phần mềm","BIT_SE_K20D_K21A","2","15",""
"SE210766","Nguyễn Thùy Dung","ojt.synthetic.se210766@example.com","K21","Công nghệ thông tin","An toàn thông tin","BIT_IA_K20D-21A","2","9",""
"SE210767","Trần Khánh Vy","ojt.synthetic.se210767@example.com","K21","Công nghệ thông tin","Hệ thống thông tin","BIT_IS_K20D-21A","2","12",""
"SE210768","Lý Đức Anh","ojt.synthetic.se210768@example.com","K21","Công nghệ thông tin","Hệ thống thông tin","BIT_IS_K20D-21A","2","15",""
"SE210769","Ngô Quang Huy","ojt.synthetic.se210769@example.com","K21","Công nghệ thông tin","Hệ thống thông tin","BIT_IS_K20D-21A","2","12",""
"SE210770","Trần Đức Anh","ojt.synthetic.se210770@example.com","K21","Công nghệ thông tin","Kỹ thuật phần mềm","BIT_SE_K21C","1","0",""
"SE210771","Bùi Minh Khang","ojt.synthetic.se210771@example.com","K21","Công nghệ thông tin","An toàn thông tin","BIT_IA_K20D-21A","2","15",""
"SE210772","Phạm Hải Đăng","ojt.synthetic.se210772@example.com","K21","Công nghệ thông tin","Kỹ thuật phần mềm","BIT_SE_K20D_K21A","2","15",""
"SE210773","Phạm Nhật Minh","ojt.synthetic.se210773@example.com","K21","Công nghệ thông tin","An toàn thông tin","BIT_IA_K21D-22A","1","0",""
"SE210774","Đặng Bảo Ngọc","ojt.synthetic.se210774@example.com","K21","Công nghệ thông tin","Trí tuệ nhân tạo","BIT_AI_K21C","1","0",""
"SE210775","Hoàng Tuấn Kiệt","ojt.synthetic.se210775@example.com","K21","Công nghệ thông tin","Trí tuệ nhân tạo","BIT_AI_K21C","1","0",""
"SE210776","Huỳnh Tuấn Kiệt","ojt.synthetic.se210776@example.com","K21","Công nghệ thông tin","Kỹ thuật phần mềm","BIT_SE_K21B","2","15",""
"SE210777","Hoàng Thu Trang","ojt.synthetic.se210777@example.com","K21","Công nghệ thông tin","Trí tuệ nhân tạo","BIT_AI_K21B","2","6",""
"SE210778","Nguyễn Minh Khang","ojt.synthetic.se210778@example.com","K21","Công nghệ thông tin","An toàn thông tin","BIT_IA_K21B","2","6",""
"SE210779","Vũ Minh Khang","ojt.synthetic.se210779@example.com","K21","Công nghệ thông tin","Hệ thống thông tin","BIT_IS_K20D-21A","2","15",""
"SE210780","Huỳnh Bảo Ngọc","ojt.synthetic.se210780@example.com","K21","Công nghệ thông tin","Trí tuệ nhân tạo","BIT_AI_K21B","2","15",""
"SE210781","Huỳnh Bảo Ngọc","ojt.synthetic.se210781@example.com","K21","Công nghệ thông tin","Hệ thống thông tin","BIT_IS_K20D-21A","2","15",""
"SE210782","Đặng Ngọc Hân","ojt.synthetic.se210782@example.com","K21","Công nghệ thông tin","Kỹ thuật phần mềm","BIT_SE-2026_K21D_K22A","1","0",""
"SE210783","Huỳnh Nhật Minh","ojt.synthetic.se210783@example.com","K21","Công nghệ thông tin","Hệ thống thông tin","BIT_IS_K20D-21A","2","15",""
"SE210784","Lê Ngọc Hân","ojt.synthetic.se210784@example.com","K21","Công nghệ thông tin","Trí tuệ nhân tạo","BIT_AI_K20D-21A","2","9",""
"SE210785","Hồ Khánh Vy","ojt.synthetic.se210785@example.com","K21","Công nghệ thông tin","Kỹ thuật phần mềm","BIT_SE-2026_K21D_K22A","1","0",""
"SE210786","Đỗ Ngọc Linh","ojt.synthetic.se210786@example.com","K21","Công nghệ thông tin","An toàn thông tin","BIT_IA_K21D-22A","1","0",""
"SE210787","Hồ Tuấn Kiệt","ojt.synthetic.se210787@example.com","K21","Công nghệ thông tin","Trí tuệ nhân tạo","BIT_AI_K21C","1","0",""
"SE210788","Hoàng Đức Anh","ojt.synthetic.se210788@example.com","K21","Công nghệ thông tin","Trí tuệ nhân tạo","BIT_AI_K21C","1","0",""
"SE210789","Dương Bảo Ngọc","ojt.synthetic.se210789@example.com","K21","Công nghệ thông tin","Hệ thống thông tin","BIT_IS_K20D-21A","2","12",""
"SE210790","Nguyễn Hoàng Nam","ojt.synthetic.se210790@example.com","K21","Công nghệ thông tin","An toàn thông tin","BIT_IA_K21D-22A","1","0",""
"SE210791","Bùi Ngọc Linh","ojt.synthetic.se210791@example.com","K21","Công nghệ thông tin","Kỹ thuật phần mềm","BIT_SE_K20D_K21A","2","12",""
"SE210792","Huỳnh Thùy Dung","ojt.synthetic.se210792@example.com","K21","Công nghệ thông tin","An toàn thông tin","BIT_IA_K21B","2","15",""
"SE210793","Vũ Gia Bảo","ojt.synthetic.se210793@example.com","K21","Công nghệ thông tin","An toàn thông tin","BIT_IA_K21B","2","6",""
"SE210794","Huỳnh Thùy Dung","ojt.synthetic.se210794@example.com","K21","Công nghệ thông tin","Trí tuệ nhân tạo","BIT_AI_K21C","1","0",""
"SE210795","Đỗ Minh Anh","ojt.synthetic.se210795@example.com","K21","Công nghệ thông tin","Kỹ thuật phần mềm","BIT_SE_K21B","2","15",""
"SE210796","Lý Trung Hiếu","ojt.synthetic.se210796@example.com","K21","Công nghệ thông tin","An toàn thông tin","BIT_IA_K21C","1","0",""
"SE210797","Hồ Phương Thảo","ojt.synthetic.se210797@example.com","K21","Công nghệ thông tin","Kỹ thuật phần mềm","BIT_SE-2026_K21D_K22A","1","0",""
"SE210798","Vũ Nhật Minh","ojt.synthetic.se210798@example.com","K21","Công nghệ thông tin","An toàn thông tin","BIT_IA_K21B","2","12",""
"SE210799","Vũ Bảo Ngọc","ojt.synthetic.se210799@example.com","K21","Công nghệ thông tin","Hệ thống thông tin","BIT_IS_K20D-21A","2","12",""
"SE210800","Trần Đức Anh","ojt.synthetic.se210800@example.com","K21","Công nghệ thông tin","Kỹ thuật phần mềm","BIT_SE_K20D_K21A","2","9",""
"SE210801","Trần Ngọc Hân","ojt.synthetic.se210801@example.com","K21","Công nghệ thông tin","Trí tuệ nhân tạo","BIT_AI_K21C","1","0",""
"SE210802","Vũ Minh Khang","ojt.synthetic.se210802@example.com","K21","Công nghệ thông tin","An toàn thông tin","BIT_IA_K21B","2","12",""
"SE210803","Lý Bảo Ngọc","ojt.synthetic.se210803@example.com","K21","Công nghệ thông tin","Kỹ thuật phần mềm","BIT_SE-2026_K21D_K22A","1","0",""
"SE210804","Lê Hải Đăng","ojt.synthetic.se210804@example.com","K21","Công nghệ thông tin","Kỹ thuật phần mềm","BIT_SE_K21B","2","15",""
"SE210805","Trần Minh Khang","ojt.synthetic.se210805@example.com","K21","Công nghệ thông tin","An toàn thông tin","BIT_IA_K21C","1","0",""
"SE210806","Hoàng Hoàng Nam","ojt.synthetic.se210806@example.com","K21","Công nghệ thông tin","An toàn thông tin","BIT_IA_K21C","1","0",""
"SE210807","Đỗ Khánh Vy","ojt.synthetic.se210807@example.com","K21","Công nghệ thông tin","Hệ thống thông tin","BIT_IS_K20D-21A","2","12",""
"SE210808","Nguyễn Tuấn Kiệt","ojt.synthetic.se210808@example.com","K21","Công nghệ thông tin","Hệ thống thông tin","BIT_IS_K20D-21A","2","9",""
"SE210809","Trần Nhật Minh","ojt.synthetic.se210809@example.com","K21","Công nghệ thông tin","An toàn thông tin","BIT_IA_K21B","2","15",""
"SE210810","Hồ Quang Huy","ojt.synthetic.se210810@example.com","K21","Công nghệ thông tin","Kỹ thuật phần mềm","BIT_SE_K20D_K21A","2","12",""
"SE210811","Đỗ Quang Huy","ojt.synthetic.se210811@example.com","K21","Công nghệ thông tin","Trí tuệ nhân tạo","BIT_AI_K21C","1","0",""
"SE210812","Đỗ Tuấn Kiệt","ojt.synthetic.se210812@example.com","K21","Công nghệ thông tin","Trí tuệ nhân tạo","BIT_AI_K21C","1","0",""
"SE210813","Đỗ Tuấn Kiệt","ojt.synthetic.se210813@example.com","K21","Công nghệ thông tin","Kỹ thuật phần mềm","BIT_SE_K20D_K21A","2","15",""
"SE210814","Hồ Quốc Bảo","ojt.synthetic.se210814@example.com","K21","Công nghệ thông tin","Kỹ thuật phần mềm","BIT_SE_K20D_K21A","2","15",""
"SE210815","Huỳnh Gia Bảo","ojt.synthetic.se210815@example.com","K21","Công nghệ thông tin","Trí tuệ nhân tạo","BIT_AI_K21B","2","15",""
"SE210816","Phạm Ngọc Linh","ojt.synthetic.se210816@example.com","K21","Công nghệ thông tin","Trí tuệ nhân tạo","BIT_AI_K21D-22A","1","0",""
"SE210817","Huỳnh Hải Đăng","ojt.synthetic.se210817@example.com","K21","Công nghệ thông tin","Hệ thống thông tin","BIT_IS_K20D-21A","2","6",""
"SE210818","Võ Phương Thảo","ojt.synthetic.se210818@example.com","K21","Công nghệ thông tin","Hệ thống thông tin","BIT_IS_K20D-21A","2","6",""
"SE210819","Dương Minh Anh","ojt.synthetic.se210819@example.com","K21","Công nghệ thông tin","An toàn thông tin","BIT_IA_K21D-22A","1","0",""
"SE210820","Lê Minh Anh","ojt.synthetic.se210820@example.com","K21","Công nghệ thông tin","Trí tuệ nhân tạo","BIT_AI_K21B","2","15",""
"SE210821","Hoàng Thùy Dung","ojt.synthetic.se210821@example.com","K21","Công nghệ thông tin","Hệ thống thông tin","BIT_IS_K20D-21A","2","15",""
"SE210822","Lý Trung Hiếu","ojt.synthetic.se210822@example.com","K21","Công nghệ thông tin","Trí tuệ nhân tạo","BIT_AI_K21D-22A","1","0",""
"SE210823","Trần Bảo Ngọc","ojt.synthetic.se210823@example.com","K21","Công nghệ thông tin","An toàn thông tin","BIT_IA_K20D-21A","2","12",""
"SE210824","Huỳnh Quốc Bảo","ojt.synthetic.se210824@example.com","K21","Công nghệ thông tin","An toàn thông tin","BIT_IA_K20D-21A","2","9",""
"SE210825","Đặng Quang Huy","ojt.synthetic.se210825@example.com","K21","Công nghệ thông tin","Hệ thống thông tin","BIT_IS_K20D-21A","2","12",""
"SE210826","Lê Thu Trang","ojt.synthetic.se210826@example.com","K21","Công nghệ thông tin","Kỹ thuật phần mềm","BIT_SE_K21C","1","0",""
"SE210827","Nguyễn Thu Trang","ojt.synthetic.se210827@example.com","K21","Công nghệ thông tin","Kỹ thuật phần mềm","BIT_SE_K20D_K21A","2","12",""
"SE210828","Huỳnh Phương Thảo","ojt.synthetic.se210828@example.com","K21","Công nghệ thông tin","Kỹ thuật phần mềm","BIT_SE-2026_K21D_K22A","1","0",""
"SE210829","Võ Ngọc Hân","ojt.synthetic.se210829@example.com","K21","Công nghệ thông tin","Hệ thống thông tin","BIT_IS_K20D-21A","2","15",""
"SE210830","Lý Thanh Hà","ojt.synthetic.se210830@example.com","K21","Công nghệ thông tin","Trí tuệ nhân tạo","BIT_AI_K21C","1","0",""
"SE210831","Dương Ngọc Hân","ojt.synthetic.se210831@example.com","K21","Công nghệ thông tin","An toàn thông tin","BIT_IA_K21B","2","15",""
"SE210832","Võ Minh Anh","ojt.synthetic.se210832@example.com","K21","Công nghệ thông tin","Hệ thống thông tin","BIT_IS_K20D-21A","2","12",""
"SE210833","Lê Anh Thư","ojt.synthetic.se210833@example.com","K21","Công nghệ thông tin","Kỹ thuật phần mềm","BIT_SE_K21C","1","0",""
"SE210834","Lý Ngọc Linh","ojt.synthetic.se210834@example.com","K21","Công nghệ thông tin","An toàn thông tin","BIT_IA_K20D-21A","2","15",""
"SE210835","Đỗ Minh Khang","ojt.synthetic.se210835@example.com","K21","Công nghệ thông tin","An toàn thông tin","BIT_IA_K21B","2","6",""
"SE210836","Hoàng Phương Thảo","ojt.synthetic.se210836@example.com","K21","Công nghệ thông tin","An toàn thông tin","BIT_IA_K21B","2","15",""
"SE210837","Hoàng Hải Đăng","ojt.synthetic.se210837@example.com","K21","Công nghệ thông tin","Hệ thống thông tin","BIT_IS_K20D-21A","2","15",""
"SE210838","Ngô Thanh Hà","ojt.synthetic.se210838@example.com","K21","Công nghệ thông tin","Kỹ thuật phần mềm","BIT_SE_K21C","1","0",""
"SE210839","Vũ Thanh Hà","ojt.synthetic.se210839@example.com","K21","Công nghệ thông tin","Trí tuệ nhân tạo","BIT_AI_K20D-21A","2","12",""
"SE210840","Hồ Minh Khang","ojt.synthetic.se210840@example.com","K21","Công nghệ thông tin","Trí tuệ nhân tạo","BIT_AI_K21D-22A","1","0",""
"SE210841","Hoàng Ngọc Hân","ojt.synthetic.se210841@example.com","K21","Công nghệ thông tin","Hệ thống thông tin","BIT_IS_K20D-21A","2","15",""
"SE210842","Huỳnh Hải Đăng","ojt.synthetic.se210842@example.com","K21","Công nghệ thông tin","Hệ thống thông tin","BIT_IS_K20D-21A","2","15",""
"SE210843","Dương Minh Khang","ojt.synthetic.se210843@example.com","K21","Công nghệ thông tin","Trí tuệ nhân tạo","BIT_AI_K21D-22A","1","0",""
"SE210844","Lý Khánh Vy","ojt.synthetic.se210844@example.com","K21","Công nghệ thông tin","Kỹ thuật phần mềm","BIT_SE-2026_K21D_K22A","1","0",""
"SE210845","Hoàng Thu Trang","ojt.synthetic.se210845@example.com","K21","Công nghệ thông tin","Kỹ thuật phần mềm","BIT_SE_K20D_K21A","2","15",""
"SE210846","Đỗ Thanh Hà","ojt.synthetic.se210846@example.com","K21","Công nghệ thông tin","Trí tuệ nhân tạo","BIT_AI_K21D-22A","1","0",""
"SE210847","Dương Minh Khang","ojt.synthetic.se210847@example.com","K21","Công nghệ thông tin","An toàn thông tin","BIT_IA_K21C","1","0",""
"SE210848","Võ Hải Đăng","ojt.synthetic.se210848@example.com","K21","Công nghệ thông tin","Hệ thống thông tin","BIT_IS_K20D-21A","2","15",""
"SE210849","Lê Minh Khang","ojt.synthetic.se210849@example.com","K21","Công nghệ thông tin","An toàn thông tin","BIT_IA_K21B","2","15",""
"SE210850","Bùi Nhật Minh","ojt.synthetic.se210850@example.com","K21","Công nghệ thông tin","Trí tuệ nhân tạo","BIT_AI_K21D-22A","1","0",""
"SE210851","Lý Phương Thảo","ojt.synthetic.se210851@example.com","K21","Công nghệ thông tin","Trí tuệ nhân tạo","BIT_AI_K21B","2","15",""
"SE210852","Ngô Quang Huy","ojt.synthetic.se210852@example.com","K21","Công nghệ thông tin","An toàn thông tin","BIT_IA_K20D-21A","2","12",""
"SE210853","Hồ Ngọc Linh","ojt.synthetic.se210853@example.com","K21","Công nghệ thông tin","Kỹ thuật phần mềm","BIT_SE_K21B","2","15",""
"SE210854","Dương Nhật Minh","ojt.synthetic.se210854@example.com","K21","Công nghệ thông tin","Hệ thống thông tin","BIT_IS_K20D-21A","2","15",""
"SE210855","Lê Minh Anh","ojt.synthetic.se210855@example.com","K21","Công nghệ thông tin","Trí tuệ nhân tạo","BIT_AI_K21C","1","0",""
"SE210856","Phạm Ngọc Hân","ojt.synthetic.se210856@example.com","K21","Công nghệ thông tin","Hệ thống thông tin","BIT_IS_K20D-21A","2","6",""
"SE210857","Ngô Thùy Dung","ojt.synthetic.se210857@example.com","K21","Công nghệ thông tin","Hệ thống thông tin","BIT_IS_K20D-21A","2","12",""
"SE210858","Đỗ Đức Anh","ojt.synthetic.se210858@example.com","K21","Công nghệ thông tin","An toàn thông tin","BIT_IA_K21C","1","0",""
"SE210859","Hồ Ngọc Hân","ojt.synthetic.se210859@example.com","K21","Công nghệ thông tin","Kỹ thuật phần mềm","BIT_SE_K21C","1","0",""
"SE210860","Vũ Thanh Hà","ojt.synthetic.se210860@example.com","K21","Công nghệ thông tin","Kỹ thuật phần mềm","BIT_SE_K20D_K21A","2","12",""
"SE210861","Đỗ Hải Đăng","ojt.synthetic.se210861@example.com","K21","Công nghệ thông tin","Kỹ thuật phần mềm","BIT_SE-2026_K21D_K22A","1","0",""
"SE210862","Lý Khánh Vy","ojt.synthetic.se210862@example.com","K21","Công nghệ thông tin","An toàn thông tin","BIT_IA_K20D-21A","2","15",""
"SE210863","Dương Phương Thảo","ojt.synthetic.se210863@example.com","K21","Công nghệ thông tin","Kỹ thuật phần mềm","BIT_SE-2026_K21D_K22A","1","0",""
"SE210864","Trần Thanh Hà","ojt.synthetic.se210864@example.com","K21","Công nghệ thông tin","An toàn thông tin","BIT_IA_K21D-22A","1","0",""
"SE210865","Huỳnh Quang Huy","ojt.synthetic.se210865@example.com","K21","Công nghệ thông tin","Trí tuệ nhân tạo","BIT_AI_K20D-21A","2","15",""
"SE210866","Lê Nhật Minh","ojt.synthetic.se210866@example.com","K21","Công nghệ thông tin","Trí tuệ nhân tạo","BIT_AI_K21D-22A","1","0",""
"SE210867","Đặng Thùy Dung","ojt.synthetic.se210867@example.com","K21","Công nghệ thông tin","Kỹ thuật phần mềm","BIT_SE_K20D_K21A","2","12",""
"SE210868","Dương Quang Huy","ojt.synthetic.se210868@example.com","K21","Công nghệ thông tin","Hệ thống thông tin","BIT_IS_K20D-21A","2","15",""
"SE210869","Dương Quang Huy","ojt.synthetic.se210869@example.com","K21","Công nghệ thông tin","Hệ thống thông tin","BIT_IS_K20D-21A","2","15",""
"SE210870","Bùi Bảo Ngọc","ojt.synthetic.se210870@example.com","K21","Công nghệ thông tin","Trí tuệ nhân tạo","BIT_AI_K20D-21A","2","15",""
"SE210871","Đặng Trung Hiếu","ojt.synthetic.se210871@example.com","K21","Công nghệ thông tin","Kỹ thuật phần mềm","BIT_SE-2026_K21D_K22A","1","0",""
"SE210872","Huỳnh Đức Anh","ojt.synthetic.se210872@example.com","K21","Công nghệ thông tin","Trí tuệ nhân tạo","BIT_AI_K21B","2","12",""
"SE210873","Ngô Minh Khang","ojt.synthetic.se210873@example.com","K21","Công nghệ thông tin","Hệ thống thông tin","BIT_IS_K20D-21A","2","12",""
"SE210874","Vũ Gia Bảo","ojt.synthetic.se210874@example.com","K21","Công nghệ thông tin","Kỹ thuật phần mềm","BIT_SE_K21B","2","9",""
"SE210875","Vũ Phương Thảo","ojt.synthetic.se210875@example.com","K21","Công nghệ thông tin","An toàn thông tin","BIT_IA_K20D-21A","2","15",""
"SE210876","Đỗ Ngọc Hân","ojt.synthetic.se210876@example.com","K21","Công nghệ thông tin","An toàn thông tin","BIT_IA_K21B","2","12",""
"SE210877","Nguyễn Thu Trang","ojt.synthetic.se210877@example.com","K21","Công nghệ thông tin","Hệ thống thông tin","BIT_IS_K20D-21A","2","12",""
"SE210878","Nguyễn Thùy Dung","ojt.synthetic.se210878@example.com","K21","Công nghệ thông tin","An toàn thông tin","BIT_IA_K21C","1","0",""
"SE210879","Vũ Hoàng Nam","ojt.synthetic.se210879@example.com","K21","Công nghệ thông tin","Kỹ thuật phần mềm","BIT_SE_K21C","1","0",""
"SE210880","Dương Ngọc Hân","ojt.synthetic.se210880@example.com","K21","Công nghệ thông tin","An toàn thông tin","BIT_IA_K21D-22A","1","0",""
"SE210881","Đỗ Hoàng Nam","ojt.synthetic.se210881@example.com","K21","Công nghệ thông tin","Hệ thống thông tin","BIT_IS_K20D-21A","2","9",""
"SE210882","Ngô Anh Thư","ojt.synthetic.se210882@example.com","K21","Công nghệ thông tin","An toàn thông tin","BIT_IA_K21B","2","12",""
"SE210883","Ngô Quang Huy","ojt.synthetic.se210883@example.com","K21","Công nghệ thông tin","Hệ thống thông tin","BIT_IS_K20D-21A","2","15",""
"SE210884","Ngô Minh Khang","ojt.synthetic.se210884@example.com","K21","Công nghệ thông tin","Hệ thống thông tin","BIT_IS_K20D-21A","2","15",""
"SE210885","Đặng Bảo Ngọc","ojt.synthetic.se210885@example.com","K21","Công nghệ thông tin","Hệ thống thông tin","BIT_IS_K20D-21A","2","9",""
"SE210886","Đặng Nhật Minh","ojt.synthetic.se210886@example.com","K21","Công nghệ thông tin","Trí tuệ nhân tạo","BIT_AI_K20D-21A","2","15",""
"SE210887","Dương Quang Huy","ojt.synthetic.se210887@example.com","K21","Công nghệ thông tin","Kỹ thuật phần mềm","BIT_SE_K21C","1","0",""
"SE210888","Trần Ngọc Hân","ojt.synthetic.se210888@example.com","K21","Công nghệ thông tin","An toàn thông tin","BIT_IA_K20D-21A","2","15",""
"SE210889","Phạm Hoàng Nam","ojt.synthetic.se210889@example.com","K21","Công nghệ thông tin","An toàn thông tin","BIT_IA_K21C","1","0",""
"SE210890","Đặng Thu Trang","ojt.synthetic.se210890@example.com","K21","Công nghệ thông tin","Kỹ thuật phần mềm","BIT_SE_K20D_K21A","2","15",""
"SE210891","Phạm Thu Trang","ojt.synthetic.se210891@example.com","K21","Công nghệ thông tin","Trí tuệ nhân tạo","BIT_AI_K21D-22A","1","0",""
"SE210892","Hồ Ngọc Hân","ojt.synthetic.se210892@example.com","K21","Công nghệ thông tin","An toàn thông tin","BIT_IA_K21C","1","0",""
"SE210893","Lê Đức Anh","ojt.synthetic.se210893@example.com","K21","Công nghệ thông tin","An toàn thông tin","BIT_IA_K20D-21A","2","15",""
"SE210894","Hoàng Thu Trang","ojt.synthetic.se210894@example.com","K21","Công nghệ thông tin","Kỹ thuật phần mềm","BIT_SE_K20D_K21A","2","15",""
"SE210895","Nguyễn Quốc Bảo","ojt.synthetic.se210895@example.com","K21","Công nghệ thông tin","Hệ thống thông tin","BIT_IS_K20D-21A","2","9",""
"SE210896","Lý Trung Hiếu","ojt.synthetic.se210896@example.com","K21","Công nghệ thông tin","Hệ thống thông tin","BIT_IS_K20D-21A","2","12",""
"SE210897","Huỳnh Hoàng Nam","ojt.synthetic.se210897@example.com","K21","Công nghệ thông tin","Hệ thống thông tin","BIT_IS_K20D-21A","2","6",""
"SE210898","Ngô Thu Trang","ojt.synthetic.se210898@example.com","K21","Công nghệ thông tin","An toàn thông tin","BIT_IA_K21B","2","12",""
"SE210899","Võ Thùy Dung","ojt.synthetic.se210899@example.com","K21","Công nghệ thông tin","Hệ thống thông tin","BIT_IS_K20D-21A","2","15",""
"SE210900","Đỗ Anh Thư","ojt.synthetic.se210900@example.com","K21","Công nghệ thông tin","Trí tuệ nhân tạo","BIT_AI_K21C","1","0",""
"SE210901","Hoàng Thùy Dung","ojt.synthetic.se210901@example.com","K21","Công nghệ thông tin","Hệ thống thông tin","BIT_IS_K20D-21A","2","15",""
"SE210902","Đặng Quốc Bảo","ojt.synthetic.se210902@example.com","K21","Công nghệ thông tin","Trí tuệ nhân tạo","BIT_AI_K21B","2","9",""
"SE210903","Phạm Quang Huy","ojt.synthetic.se210903@example.com","K21","Công nghệ thông tin","Hệ thống thông tin","BIT_IS_K20D-21A","2","9",""
"SE210904","Nguyễn Thu Trang","ojt.synthetic.se210904@example.com","K21","Công nghệ thông tin","Kỹ thuật phần mềm","BIT_SE_K21B","2","12",""
"SE210905","Lý Trung Hiếu","ojt.synthetic.se210905@example.com","K21","Công nghệ thông tin","Trí tuệ nhân tạo","BIT_AI_K21C","1","0",""
"SE210906","Ngô Hải Đăng","ojt.synthetic.se210906@example.com","K21","Công nghệ thông tin","Trí tuệ nhân tạo","BIT_AI_K21C","1","0",""
"SE210907","Đỗ Thùy Dung","ojt.synthetic.se210907@example.com","K21","Công nghệ thông tin","Trí tuệ nhân tạo","BIT_AI_K21D-22A","1","0",""
"SE210908","Đặng Ngọc Linh","ojt.synthetic.se210908@example.com","K21","Công nghệ thông tin","Kỹ thuật phần mềm","BIT_SE-2026_K21D_K22A","1","0",""
"SE210909","Hồ Quốc Bảo","ojt.synthetic.se210909@example.com","K21","Công nghệ thông tin","Kỹ thuật phần mềm","BIT_SE-2026_K21D_K22A","1","0",""
"SE210910","Võ Minh Khang","ojt.synthetic.se210910@example.com","K21","Công nghệ thông tin","Hệ thống thông tin","BIT_IS_K20D-21A","2","15",""
"SE210911","Ngô Anh Thư","ojt.synthetic.se210911@example.com","K21","Công nghệ thông tin","Hệ thống thông tin","BIT_IS_K20D-21A","2","15",""
"SE210912","Hồ Trung Hiếu","ojt.synthetic.se210912@example.com","K21","Công nghệ thông tin","Hệ thống thông tin","BIT_IS_K20D-21A","2","9",""
"SE210913","Bùi Ngọc Hân","ojt.synthetic.se210913@example.com","K21","Công nghệ thông tin","Kỹ thuật phần mềm","BIT_SE_K21B","2","15",""
"SE210914","Lý Quang Huy","ojt.synthetic.se210914@example.com","K21","Công nghệ thông tin","Hệ thống thông tin","BIT_IS_K20D-21A","2","12",""
"SE210915","Đặng Thu Trang","ojt.synthetic.se210915@example.com","K21","Công nghệ thông tin","Hệ thống thông tin","BIT_IS_K20D-21A","2","15",""
"SE210916","Dương Ngọc Linh","ojt.synthetic.se210916@example.com","K21","Công nghệ thông tin","Kỹ thuật phần mềm","BIT_SE_K21B","2","12",""
"SE210917","Hoàng Thùy Dung","ojt.synthetic.se210917@example.com","K21","Công nghệ thông tin","An toàn thông tin","BIT_IA_K21B","2","15",""
"SE210918","Hồ Ngọc Linh","ojt.synthetic.se210918@example.com","K21","Công nghệ thông tin","Trí tuệ nhân tạo","BIT_AI_K21C","1","0",""
"SE210919","Đặng Khánh Vy","ojt.synthetic.se210919@example.com","K21","Công nghệ thông tin","Kỹ thuật phần mềm","BIT_SE_K20D_K21A","2","15",""
"SE210920","Phạm Ngọc Linh","ojt.synthetic.se210920@example.com","K21","Công nghệ thông tin","Hệ thống thông tin","BIT_IS_K20D-21A","2","15",""
"SE210921","Lê Đức Anh","ojt.synthetic.se210921@example.com","K21","Công nghệ thông tin","An toàn thông tin","BIT_IA_K20D-21A","2","15",""
"SE210922","Hồ Ngọc Linh","ojt.synthetic.se210922@example.com","K21","Công nghệ thông tin","An toàn thông tin","BIT_IA_K21C","1","0",""
"SE210923","Lý Bảo Ngọc","ojt.synthetic.se210923@example.com","K21","Công nghệ thông tin","Hệ thống thông tin","BIT_IS_K20D-21A","2","9",""
"SE210924","Trần Đức Anh","ojt.synthetic.se210924@example.com","K21","Công nghệ thông tin","Trí tuệ nhân tạo","BIT_AI_K21B","2","12",""
"SE210925","Nguyễn Phương Thảo","ojt.synthetic.se210925@example.com","K21","Công nghệ thông tin","An toàn thông tin","BIT_IA_K21C","1","0",""
"SE210926","Hồ Quang Huy","ojt.synthetic.se210926@example.com","K21","Công nghệ thông tin","Hệ thống thông tin","BIT_IS_K20D-21A","2","12",""
"SE210927","Lê Tuấn Kiệt","ojt.synthetic.se210927@example.com","K21","Công nghệ thông tin","An toàn thông tin","BIT_IA_K21D-22A","1","0",""
"SE210928","Vũ Quốc Bảo","ojt.synthetic.se210928@example.com","K21","Công nghệ thông tin","Trí tuệ nhân tạo","BIT_AI_K21D-22A","1","0",""
"SE210929","Nguyễn Thùy Dung","ojt.synthetic.se210929@example.com","K21","Công nghệ thông tin","Kỹ thuật phần mềm","BIT_SE_K21C","1","0",""
"SE210930","Lý Trung Hiếu","ojt.synthetic.se210930@example.com","K21","Công nghệ thông tin","Hệ thống thông tin","BIT_IS_K20D-21A","2","15",""
"SE210931","Bùi Đức Anh","ojt.synthetic.se210931@example.com","K21","Công nghệ thông tin","Hệ thống thông tin","BIT_IS_K20D-21A","2","9",""
"SE210932","Đặng Minh Anh","ojt.synthetic.se210932@example.com","K21","Công nghệ thông tin","Trí tuệ nhân tạo","BIT_AI_K20D-21A","2","9",""
"SE210933","Hoàng Bảo Ngọc","ojt.synthetic.se210933@example.com","K21","Công nghệ thông tin","Hệ thống thông tin","BIT_IS_K20D-21A","2","12",""
"SE210934","Bùi Thanh Hà","ojt.synthetic.se210934@example.com","K21","Công nghệ thông tin","Trí tuệ nhân tạo","BIT_AI_K21C","1","0",""
"SE210935","Ngô Khánh Vy","ojt.synthetic.se210935@example.com","K21","Công nghệ thông tin","Trí tuệ nhân tạo","BIT_AI_K21D-22A","1","0",""
"SE210936","Phạm Trung Hiếu","ojt.synthetic.se210936@example.com","K21","Công nghệ thông tin","Kỹ thuật phần mềm","BIT_SE_K21B","2","15",""
"SE210937","Trần Thùy Dung","ojt.synthetic.se210937@example.com","K21","Công nghệ thông tin","Kỹ thuật phần mềm","BIT_SE_K20D_K21A","2","15",""
"SE210938","Bùi Tuấn Kiệt","ojt.synthetic.se210938@example.com","K21","Công nghệ thông tin","Trí tuệ nhân tạo","BIT_AI_K21C","1","0",""
"SE210939","Võ Hoàng Nam","ojt.synthetic.se210939@example.com","K21","Công nghệ thông tin","Kỹ thuật phần mềm","BIT_SE_K21C","1","0",""
"SE210940","Võ Tuấn Kiệt","ojt.synthetic.se210940@example.com","K21","Công nghệ thông tin","Trí tuệ nhân tạo","BIT_AI_K21B","2","12",""
"SE210941","Ngô Minh Khang","ojt.synthetic.se210941@example.com","K21","Công nghệ thông tin","Trí tuệ nhân tạo","BIT_AI_K21D-22A","1","0",""
"SE210942","Hoàng Trung Hiếu","ojt.synthetic.se210942@example.com","K21","Công nghệ thông tin","Kỹ thuật phần mềm","BIT_SE-2026_K21D_K22A","1","0",""
"SE210943","Nguyễn Hải Đăng","ojt.synthetic.se210943@example.com","K21","Công nghệ thông tin","An toàn thông tin","BIT_IA_K21C","1","0",""
"SE210944","Đặng Trung Hiếu","ojt.synthetic.se210944@example.com","K21","Công nghệ thông tin","Kỹ thuật phần mềm","BIT_SE_K21C","1","0",""
"SE210945","Trần Hoàng Nam","ojt.synthetic.se210945@example.com","K21","Công nghệ thông tin","Hệ thống thông tin","BIT_IS_K20D-21A","2","15",""
"SE210946","Lê Quốc Bảo","ojt.synthetic.se210946@example.com","K21","Công nghệ thông tin","Trí tuệ nhân tạo","BIT_AI_K20D-21A","2","12",""
"SE210947","Vũ Ngọc Hân","ojt.synthetic.se210947@example.com","K21","Công nghệ thông tin","Trí tuệ nhân tạo","BIT_AI_K21B","2","15",""
"SE210948","Trần Thu Trang","ojt.synthetic.se210948@example.com","K21","Công nghệ thông tin","Kỹ thuật phần mềm","BIT_SE-2026_K21D_K22A","1","0",""
"SE210949","Hồ Gia Bảo","ojt.synthetic.se210949@example.com","K21","Công nghệ thông tin","Kỹ thuật phần mềm","BIT_SE_K21B","2","15",""
"SE210950","Hồ Nhật Minh","ojt.synthetic.se210950@example.com","K21","Công nghệ thông tin","Hệ thống thông tin","BIT_IS_K20D-21A","2","9",""
"SE210951","Ngô Thùy Dung","ojt.synthetic.se210951@example.com","K21","Công nghệ thông tin","Hệ thống thông tin","BIT_IS_K20D-21A","2","12",""
"SE210952","Lê Phương Thảo","ojt.synthetic.se210952@example.com","K21","Công nghệ thông tin","Kỹ thuật phần mềm","BIT_SE_K21B","2","15",""
"SE210953","Phạm Trung Hiếu","ojt.synthetic.se210953@example.com","K21","Công nghệ thông tin","Kỹ thuật phần mềm","BIT_SE-2026_K21D_K22A","1","0",""
"SE210954","Vũ Minh Khang","ojt.synthetic.se210954@example.com","K21","Công nghệ thông tin","An toàn thông tin","BIT_IA_K20D-21A","2","15",""
"SE210955","Lý Anh Thư","ojt.synthetic.se210955@example.com","K21","Công nghệ thông tin","Trí tuệ nhân tạo","BIT_AI_K21B","2","9",""
"SE210956","Bùi Khánh Vy","ojt.synthetic.se210956@example.com","K21","Công nghệ thông tin","Kỹ thuật phần mềm","BIT_SE_K21C","1","0",""
"SE210957","Đỗ Thùy Dung","ojt.synthetic.se210957@example.com","K21","Công nghệ thông tin","Hệ thống thông tin","BIT_IS_K20D-21A","2","15",""
"SE210958","Đỗ Minh Anh","ojt.synthetic.se210958@example.com","K21","Công nghệ thông tin","Kỹ thuật phần mềm","BIT_SE_K20D_K21A","2","9",""
"SE210959","Võ Ngọc Hân","ojt.synthetic.se210959@example.com","K21","Công nghệ thông tin","An toàn thông tin","BIT_IA_K20D-21A","2","15",""
"SE210960","Lê Nhật Minh","ojt.synthetic.se210960@example.com","K21","Công nghệ thông tin","Kỹ thuật phần mềm","BIT_SE-2026_K21D_K22A","1","0",""
"SE210961","Bùi Gia Bảo","ojt.synthetic.se210961@example.com","K21","Công nghệ thông tin","An toàn thông tin","BIT_IA_K20D-21A","2","12",""
"SE210962","Hồ Nhật Minh","ojt.synthetic.se210962@example.com","K21","Công nghệ thông tin","Kỹ thuật phần mềm","BIT_SE_K21B","2","15",""
"SE210963","Huỳnh Anh Thư","ojt.synthetic.se210963@example.com","K21","Công nghệ thông tin","Kỹ thuật phần mềm","BIT_SE_K21C","1","0",""
"SE210964","Bùi Nhật Minh","ojt.synthetic.se210964@example.com","K21","Công nghệ thông tin","An toàn thông tin","BIT_IA_K20D-21A","2","6",""
"SE210965","Hồ Bảo Ngọc","ojt.synthetic.se210965@example.com","K21","Công nghệ thông tin","An toàn thông tin","BIT_IA_K21B","2","12",""
"SE210966","Trần Trung Hiếu","ojt.synthetic.se210966@example.com","K21","Công nghệ thông tin","Hệ thống thông tin","BIT_IS_K20D-21A","2","15",""
"SE210967","Lê Hoàng Nam","ojt.synthetic.se210967@example.com","K21","Công nghệ thông tin","Hệ thống thông tin","BIT_IS_K20D-21A","2","15",""
"SE210968","Bùi Anh Thư","ojt.synthetic.se210968@example.com","K21","Công nghệ thông tin","Hệ thống thông tin","BIT_IS_K20D-21A","2","15",""
"SE210969","Nguyễn Hải Đăng","ojt.synthetic.se210969@example.com","K21","Công nghệ thông tin","Hệ thống thông tin","BIT_IS_K20D-21A","2","15",""
"SE210970","Trần Gia Bảo","ojt.synthetic.se210970@example.com","K21","Công nghệ thông tin","Trí tuệ nhân tạo","BIT_AI_K21D-22A","1","0",""
"SE210971","Bùi Thanh Hà","ojt.synthetic.se210971@example.com","K21","Công nghệ thông tin","An toàn thông tin","BIT_IA_K21B","2","15",""
"SE210972","Đỗ Thùy Dung","ojt.synthetic.se210972@example.com","K21","Công nghệ thông tin","Hệ thống thông tin","BIT_IS_K20D-21A","2","12",""
"SE210973","Hồ Hoàng Nam","ojt.synthetic.se210973@example.com","K21","Công nghệ thông tin","Hệ thống thông tin","BIT_IS_K20D-21A","2","9",""
"SE210974","Hồ Minh Khang","ojt.synthetic.se210974@example.com","K21","Công nghệ thông tin","Trí tuệ nhân tạo","BIT_AI_K21D-22A","1","0",""
"SE210975","Hoàng Hải Đăng","ojt.synthetic.se210975@example.com","K21","Công nghệ thông tin","Trí tuệ nhân tạo","BIT_AI_K21B","2","9",""
"SE210976","Lý Phương Thảo","ojt.synthetic.se210976@example.com","K21","Công nghệ thông tin","Hệ thống thông tin","BIT_IS_K20D-21A","2","15",""
"SE210977","Huỳnh Khánh Vy","ojt.synthetic.se210977@example.com","K21","Công nghệ thông tin","Hệ thống thông tin","BIT_IS_K20D-21A","2","15",""
"SE210978","Hồ Minh Khang","ojt.synthetic.se210978@example.com","K21","Công nghệ thông tin","An toàn thông tin","BIT_IA_K21B","2","9",""
"SE210979","Lý Trung Hiếu","ojt.synthetic.se210979@example.com","K21","Công nghệ thông tin","Kỹ thuật phần mềm","BIT_SE_K21C","1","0",""
"SE210980","Bùi Gia Bảo","ojt.synthetic.se210980@example.com","K21","Công nghệ thông tin","Hệ thống thông tin","BIT_IS_K20D-21A","2","6",""
"SE210981","Lý Phương Thảo","ojt.synthetic.se210981@example.com","K21","Công nghệ thông tin","Trí tuệ nhân tạo","BIT_AI_K21D-22A","1","0",""
"SE210982","Ngô Thu Trang","ojt.synthetic.se210982@example.com","K21","Công nghệ thông tin","Hệ thống thông tin","BIT_IS_K20D-21A","2","12",""
"SE210983","Vũ Anh Thư","ojt.synthetic.se210983@example.com","K21","Công nghệ thông tin","An toàn thông tin","BIT_IA_K21C","1","0",""
"SE210984","Hồ Quang Huy","ojt.synthetic.se210984@example.com","K21","Công nghệ thông tin","Trí tuệ nhân tạo","BIT_AI_K21C","1","0",""
"SE210985","Phạm Thanh Hà","ojt.synthetic.se210985@example.com","K21","Công nghệ thông tin","An toàn thông tin","BIT_IA_K21D-22A","1","0",""
"SE210986","Nguyễn Thùy Dung","ojt.synthetic.se210986@example.com","K21","Công nghệ thông tin","Hệ thống thông tin","BIT_IS_K20D-21A","2","9",""
"SE210987","Lê Quang Huy","ojt.synthetic.se210987@example.com","K21","Công nghệ thông tin","Kỹ thuật phần mềm","BIT_SE_K21C","1","0",""
"SE210988","Đỗ Minh Anh","ojt.synthetic.se210988@example.com","K21","Công nghệ thông tin","Trí tuệ nhân tạo","BIT_AI_K21D-22A","1","0",""
"SE210989","Hồ Trung Hiếu","ojt.synthetic.se210989@example.com","K21","Công nghệ thông tin","Kỹ thuật phần mềm","BIT_SE_K21B","2","15",""
"SE210990","Đặng Trung Hiếu","ojt.synthetic.se210990@example.com","K21","Công nghệ thông tin","Trí tuệ nhân tạo","BIT_AI_K21B","2","6",""
"SE210991","Huỳnh Minh Anh","ojt.synthetic.se210991@example.com","K21","Công nghệ thông tin","Trí tuệ nhân tạo","BIT_AI_K21B","2","15",""
"SE210992","Nguyễn Ngọc Hân","ojt.synthetic.se210992@example.com","K21","Công nghệ thông tin","Hệ thống thông tin","BIT_IS_K20D-21A","2","15",""
"SE210993","Vũ Anh Thư","ojt.synthetic.se210993@example.com","K21","Công nghệ thông tin","Hệ thống thông tin","BIT_IS_K20D-21A","2","15",""
"SE210994","Ngô Quang Huy","ojt.synthetic.se210994@example.com","K21","Công nghệ thông tin","Hệ thống thông tin","BIT_IS_K20D-21A","2","9",""
"SE210995","Huỳnh Trung Hiếu","ojt.synthetic.se210995@example.com","K21","Công nghệ thông tin","Trí tuệ nhân tạo","BIT_AI_K20D-21A","2","15",""
"SE210996","Huỳnh Đức Anh","ojt.synthetic.se210996@example.com","K21","Công nghệ thông tin","Kỹ thuật phần mềm","BIT_SE_K21B","2","6",""
"SE210997","Ngô Trung Hiếu","ojt.synthetic.se210997@example.com","K21","Công nghệ thông tin","Kỹ thuật phần mềm","BIT_SE_K21B","2","15",""
"SE210998","Vũ Quốc Bảo","ojt.synthetic.se210998@example.com","K21","Công nghệ thông tin","Hệ thống thông tin","BIT_IS_K20D-21A","2","15",""
"SE210999","Nguyễn Trung Hiếu","ojt.synthetic.se210999@example.com","K21","Công nghệ thông tin","Trí tuệ nhân tạo","BIT_AI_K21B","2","12",""
